
> vk-and-company@1.0.0 lint
> eslint .


/Users/pranshudhiman/Desktop/vk and company/artifacts/motion-stage-9/before-site/out/_next/static/N8rgbCbV3HyvQ2RLupEKt/_buildManifest.js
  1:1  warning  Expected an assignment or function call and instead saw an expression  @typescript-eslint/no-unused-expressions

/Users/pranshudhiman/Desktop/vk and company/artifacts/motion-stage-9/before-site/out/_next/static/N8rgbCbV3HyvQ2RLupEKt/_ssgManifest.js
  1:33  warning  Expected an assignment or function call and instead saw an expression  @typescript-eslint/no-unused-expressions

/Users/pranshudhiman/Desktop/vk and company/artifacts/motion-stage-9/before-site/out/_next/static/chunks/0937d497-4bac4f7c73c04ac9.js
  1:620     warning  Expected an assignment or function call and instead saw an expression  @typescript-eslint/no-unused-expressions
  1:1845    warning  Expected an assignment or function call and instead saw an expression  @typescript-eslint/no-unused-expressions
  1:1868    warning  Expected an assignment or function call and instead saw an expression  @typescript-eslint/no-unused-expressions
  1:1935    warning  Expected an assignment or function call and instead saw an expression  @typescript-eslint/no-unused-expressions
  1:3069    warning  Expected an assignment or function call and instead saw an expression  @typescript-eslint/no-unused-expressions
  1:3122    warning  Expected an assignment or function call and instead saw an expression  @typescript-eslint/no-unused-expressions
  1:3463    warning  Expected an assignment or function call and instead saw an expression  @typescript-eslint/no-unused-expressions
  1:3492    warning  Expected an assignment or function call and instead saw an expression  @typescript-eslint/no-unused-expressions
  1:3547    warning  Expected an assignment or function call and instead saw an expression  @typescript-eslint/no-unused-expressions
  1:3631    warning  Expected an assignment or function call and instead saw an expression  @typescript-eslint/no-unused-expressions
  1:3673    warning  Expected an assignment or function call and instead saw an expression  @typescript-eslint/no-unused-expressions
  1:3846    warning  Expected an assignment or function call and instead saw an expression  @typescript-eslint/no-unused-expressions
  1:4471    warning  Expected an assignment or function call and instead saw an expression  @typescript-eslint/no-unused-expressions
  1:4581    warning  Expected an assignment or function call and instead saw an expression  @typescript-eslint/no-unused-expressions
  1:4705    warning  Expected an assignment or function call and instead saw an expression  @typescript-eslint/no-unused-expressions
  1:5000    warning  Expected an assignment or function call and instead saw an expression  @typescript-eslint/no-unused-expressions
  1:5703    warning  Expected an assignment or function call and instead saw an expression  @typescript-eslint/no-unused-expressions
  1:5819    warning  Expected an assignment or function call and instead saw an expression  @typescript-eslint/no-unused-expressions
  1:6855    warning  'e' is defined but never used                                          @typescript-eslint/no-unused-vars
  1:8204    warning  Expected an assignment or function call and instead saw an expression  @typescript-eslint/no-unused-expressions
  1:8308    warning  Expected an assignment or function call and instead saw an expression  @typescript-eslint/no-unused-expressions
  1:8362    warning  Expected an assignment or function call and instead saw an expression  @typescript-eslint/no-unused-expressions
  1:8531    warning  Expected an assignment or function call and instead saw an expression  @typescript-eslint/no-unused-expressions
  1:9485    warning  Expected an assignment or function call and instead saw an expression  @typescript-eslint/no-unused-expressions
  1:10182   warning  Expected an assignment or function call and instead saw an expression  @typescript-eslint/no-unused-expressions
  1:12075   warning  Expected an assignment or function call and instead saw an expression  @typescript-eslint/no-unused-expressions
  1:12237   warning  Expected an assignment or function call and instead saw an expression  @typescript-eslint/no-unused-expressions
  1:12602   warning  Expected an assignment or function call and instead saw an expression  @typescript-eslint/no-unused-expressions
  1:13415   warning  Expected an assignment or function call and instead saw an expression  @typescript-eslint/no-unused-expressions
  1:13503   warning  Expected an assignment or function call and instead saw an expression  @typescript-eslint/no-unused-expressions
  1:13717   warning  Expected an assignment or function call and instead saw an expression  @typescript-eslint/no-unused-expressions
  1:13871   warning  Expected an assignment or function call and instead saw an expression  @typescript-eslint/no-unused-expressions
  1:14041   warning  Expected an assignment or function call and instead saw an expression  @typescript-eslint/no-unused-expressions
  1:14094   warning  Expected an assignment or function call and instead saw an expression  @typescript-eslint/no-unused-expressions
  1:14128   warning  Expected an assignment or function call and instead saw an expression  @typescript-eslint/no-unused-expressions
  1:14233   warning  Expected an assignment or function call and instead saw an expression  @typescript-eslint/no-unused-expressions
  1:14442   warning  Expected an assignment or function call and instead saw an expression  @typescript-eslint/no-unused-expressions
  1:14462   warning  Expected an assignment or function call and instead saw an expression  @typescript-eslint/no-unused-expressions
  1:15674   warning  Expected an assignment or function call and instead saw an expression  @typescript-eslint/no-unused-expressions
  1:15987   warning  Expected an assignment or function call and instead saw an expression  @typescript-eslint/no-unused-expressions
  1:16136   warning  Expected an assignment or function call and instead saw an expression  @typescript-eslint/no-unused-expressions
  1:16212   warning  Expected an assignment or function call and instead saw an expression  @typescript-eslint/no-unused-expressions
  1:20194   warning  Expected an assignment or function call and instead saw an expression  @typescript-eslint/no-unused-expressions
  1:20293   warning  Expected an assignment or function call and instead saw an expression  @typescript-eslint/no-unused-expressions
  1:20869   warning  Expected an assignment or function call and instead saw an expression  @typescript-eslint/no-unused-expressions
  1:21180   warning  Expected an assignment or function call and instead saw an expression  @typescript-eslint/no-unused-expressions
  1:21325   warning  'e' is defined but never used                                          @typescript-eslint/no-unused-vars
  1:21905   warning  Expected an assignment or function call and instead saw an expression  @typescript-eslint/no-unused-expressions
  1:22187   warning  Expected an assignment or function call and instead saw an expression  @typescript-eslint/no-unused-expressions
  1:22358   warning  Expected an assignment or function call and instead saw an expression  @typescript-eslint/no-unused-expressions
  1:25558   warning  Expected an assignment or function call and instead saw an expression  @typescript-eslint/no-unused-expressions
  1:26236   warning  Expected an assignment or function call and instead saw an expression  @typescript-eslint/no-unused-expressions
  1:26586   warning  Expected an assignment or function call and instead saw an expression  @typescript-eslint/no-unused-expressions
  1:26741   warning  Expected an assignment or function call and instead saw an expression  @typescript-eslint/no-unused-expressions
  1:26857   warning  Expected an assignment or function call and instead saw an expression  @typescript-eslint/no-unused-expressions
  1:26903   warning  Expected an assignment or function call and instead saw an expression  @typescript-eslint/no-unused-expressions
  1:27673   warning  'n' is defined but never used                                          @typescript-eslint/no-unused-vars
  1:28211   warning  'e' is defined but never used                                          @typescript-eslint/no-unused-vars
  1:28675   warning  Expected an assignment or function call and instead saw an expression  @typescript-eslint/no-unused-expressions
  1:29712   warning  Expected an assignment or function call and instead saw an expression  @typescript-eslint/no-unused-expressions
  1:30833   warning  Expected an assignment or function call and instead saw an expression  @typescript-eslint/no-unused-expressions
  1:31981   warning  Expected an assignment or function call and instead saw an expression  @typescript-eslint/no-unused-expressions
  1:32036   warning  Expected an assignment or function call and instead saw an expression  @typescript-eslint/no-unused-expressions
  1:32075   warning  Expected an assignment or function call and instead saw an expression  @typescript-eslint/no-unused-expressions
  1:32315   warning  Expected an assignment or function call and instead saw an expression  @typescript-eslint/no-unused-expressions
  1:32372   warning  Expected an assignment or function call and instead saw an expression  @typescript-eslint/no-unused-expressions
  1:32812   warning  Expected an assignment or function call and instead saw an expression  @typescript-eslint/no-unused-expressions
  1:34448   warning  Expected an assignment or function call and instead saw an expression  @typescript-eslint/no-unused-expressions
  1:35202   warning  Expected an assignment or function call and instead saw an expression  @typescript-eslint/no-unused-expressions
  1:35662   warning  Expected an assignment or function call and instead saw an expression  @typescript-eslint/no-unused-expressions
  1:35682   warning  Expected an assignment or function call and instead saw an expression  @typescript-eslint/no-unused-expressions
  1:36413   warning  Expected an assignment or function call and instead saw an expression  @typescript-eslint/no-unused-expressions
  1:36466   warning  Expected an assignment or function call and instead saw an expression  @typescript-eslint/no-unused-expressions
  1:36538   warning  Expected an assignment or function call and instead saw an expression  @typescript-eslint/no-unused-expressions
  1:36592   warning  Expected an assignment or function call and instead saw an expression  @typescript-eslint/no-unused-expressions
  1:36667   warning  Expected an assignment or function call and instead saw an expression  @typescript-eslint/no-unused-expressions
  1:36702   warning  Expected an assignment or function call and instead saw an expression  @typescript-eslint/no-unused-expressions
  1:36767   warning  Expected an assignment or function call and instead saw an expression  @typescript-eslint/no-unused-expressions
  1:36828   warning  Expected an assignment or function call and instead saw an expression  @typescript-eslint/no-unused-expressions
  1:36917   warning  Expected an assignment or function call and instead saw an expression  @typescript-eslint/no-unused-expressions
  1:37265   warning  Expected an assignment or function call and instead saw an expression  @typescript-eslint/no-unused-expressions
  1:37489   warning  Expected an assignment or function call and instead saw an expression  @typescript-eslint/no-unused-expressions
  1:37569   warning  Expected an assignment or function call and instead saw an expression  @typescript-eslint/no-unused-expressions
  1:37714   warning  Expected an assignment or function call and instead saw an expression  @typescript-eslint/no-unused-expressions
  1:37770   warning  Expected an assignment or function call and instead saw an expression  @typescript-eslint/no-unused-expressions
  1:38631   warning  Expected an assignment or function call and instead saw an expression  @typescript-eslint/no-unused-expressions
  1:38743   warning  Expected an assignment or function call and instead saw an expression  @typescript-eslint/no-unused-expressions
  1:38862   warning  Expected an assignment or function call and instead saw an expression  @typescript-eslint/no-unused-expressions
  1:38940   warning  Expected an assignment or function call and instead saw an expression  @typescript-eslint/no-unused-expressions
  1:38996   warning  Expected an assignment or function call and instead saw an expression  @typescript-eslint/no-unused-expressions
  1:39442   warning  Expected an assignment or function call and instead saw an expression  @typescript-eslint/no-unused-expressions
  1:39600   warning  Expected an assignment or function call and instead saw an expression  @typescript-eslint/no-unused-expressions
  1:39670   warning  Expected an assignment or function call and instead saw an expression  @typescript-eslint/no-unused-expressions
  1:39948   warning  Expected an assignment or function call and instead saw an expression  @typescript-eslint/no-unused-expressions
  1:40226   warning  Expected an assignment or function call and instead saw an expression  @typescript-eslint/no-unused-expressions
  1:40358   warning  Expected an assignment or function call and instead saw an expression  @typescript-eslint/no-unused-expressions
  1:40652   warning  Expected an assignment or function call and instead saw an expression  @typescript-eslint/no-unused-expressions
  1:40919   warning  Expected an assignment or function call and instead saw an expression  @typescript-eslint/no-unused-expressions
  1:41168   warning  Expected an assignment or function call and instead saw an expression  @typescript-eslint/no-unused-expressions
  1:41455   warning  Expected an assignment or function call and instead saw an expression  @typescript-eslint/no-unused-expressions
  1:41667   warning  Expected an assignment or function call and instead saw an expression  @typescript-eslint/no-unused-expressions
  1:41783   warning  Expected an assignment or function call and instead saw an expression  @typescript-eslint/no-unused-expressions
  1:41827   warning  Expected an assignment or function call and instead saw an expression  @typescript-eslint/no-unused-expressions
  1:42022   warning  Expected an assignment or function call and instead saw an expression  @typescript-eslint/no-unused-expressions
  1:42098   warning  Expected an assignment or function call and instead saw an expression  @typescript-eslint/no-unused-expressions
  1:42154   warning  Expected an assignment or function call and instead saw an expression  @typescript-eslint/no-unused-expressions
  1:42218   warning  Expected an assignment or function call and instead saw an expression  @typescript-eslint/no-unused-expressions
  1:42246   warning  Expected an assignment or function call and instead saw an expression  @typescript-eslint/no-unused-expressions
  1:42310   warning  Expected an assignment or function call and instead saw an expression  @typescript-eslint/no-unused-expressions
  1:42341   warning  Expected an assignment or function call and instead saw an expression  @typescript-eslint/no-unused-expressions
  1:42457   warning  Expected an assignment or function call and instead saw an expression  @typescript-eslint/no-unused-expressions
  1:43050   warning  Expected an assignment or function call and instead saw an expression  @typescript-eslint/no-unused-expressions
  1:43125   warning  Expected an assignment or function call and instead saw an expression  @typescript-eslint/no-unused-expressions
  1:43203   warning  Expected an assignment or function call and instead saw an expression  @typescript-eslint/no-unused-expressions
  1:43995   warning  Expected an assignment or function call and instead saw an expression  @typescript-eslint/no-unused-expressions
  1:44094   warning  Expected an assignment or function call and instead saw an expression  @typescript-eslint/no-unused-expressions
  1:44167   warning  Expected an assignment or function call and instead saw an expression  @typescript-eslint/no-unused-expressions
  1:46922   warning  Expected an assignment or function call and instead saw an expression  @typescript-eslint/no-unused-expressions
  1:47080   warning  Expected an assignment or function call and instead saw an expression  @typescript-eslint/no-unused-expressions
  1:47152   warning  Expected an assignment or function call and instead saw an expression  @typescript-eslint/no-unused-expressions
  1:47171   warning  Expected an assignment or function call and instead saw an expression  @typescript-eslint/no-unused-expressions
  1:47452   warning  Expected an assignment or function call and instead saw an expression  @typescript-eslint/no-unused-expressions
  1:47530   warning  Expected an assignment or function call and instead saw an expression  @typescript-eslint/no-unused-expressions
  1:47549   warning  Expected an assignment or function call and instead saw an expression  @typescript-eslint/no-unused-expressions
  1:47722   warning  Expected an assignment or function call and instead saw an expression  @typescript-eslint/no-unused-expressions
  1:47790   warning  Expected an assignment or function call and instead saw an expression  @typescript-eslint/no-unused-expressions
  1:47812   warning  Expected an assignment or function call and instead saw an expression  @typescript-eslint/no-unused-expressions
  1:47966   warning  Expected an assignment or function call and instead saw an expression  @typescript-eslint/no-unused-expressions
  1:48079   warning  Expected an assignment or function call and instead saw an expression  @typescript-eslint/no-unused-expressions
  1:48478   warning  Expected an assignment or function call and instead saw an expression  @typescript-eslint/no-unused-expressions
  1:48549   warning  Expected an assignment or function call and instead saw an expression  @typescript-eslint/no-unused-expressions
  1:48571   warning  Expected an assignment or function call and instead saw an expression  @typescript-eslint/no-unused-expressions
  1:48727   warning  Expected an assignment or function call and instead saw an expression  @typescript-eslint/no-unused-expressions
  1:48851   warning  Expected an assignment or function call and instead saw an expression  @typescript-eslint/no-unused-expressions
  1:49696   warning  Expected an assignment or function call and instead saw an expression  @typescript-eslint/no-unused-expressions
  1:50246   warning  Expected an assignment or function call and instead saw an expression  @typescript-eslint/no-unused-expressions
  1:50501   warning  Expected an assignment or function call and instead saw an expression  @typescript-eslint/no-unused-expressions
  1:50552   warning  Expected an assignment or function call and instead saw an expression  @typescript-eslint/no-unused-expressions
  1:50589   warning  Expected an assignment or function call and instead saw an expression  @typescript-eslint/no-unused-expressions
  1:50711   warning  Expected an assignment or function call and instead saw an expression  @typescript-eslint/no-unused-expressions
  1:51015   warning  Expected an assignment or function call and instead saw an expression  @typescript-eslint/no-unused-expressions
  1:51071   warning  Expected an assignment or function call and instead saw an expression  @typescript-eslint/no-unused-expressions
  1:51304   warning  Expected an assignment or function call and instead saw an expression  @typescript-eslint/no-unused-expressions
  1:51665   warning  Expected an assignment or function call and instead saw an expression  @typescript-eslint/no-unused-expressions
  1:51775   warning  Expected an assignment or function call and instead saw an expression  @typescript-eslint/no-unused-expressions
  1:51944   warning  Expected an assignment or function call and instead saw an expression  @typescript-eslint/no-unused-expressions
  1:52010   warning  Expected an assignment or function call and instead saw an expression  @typescript-eslint/no-unused-expressions
  1:52354   warning  Expected an assignment or function call and instead saw an expression  @typescript-eslint/no-unused-expressions
  1:52406   warning  Expected an assignment or function call and instead saw an expression  @typescript-eslint/no-unused-expressions
  1:52448   warning  Expected an assignment or function call and instead saw an expression  @typescript-eslint/no-unused-expressions
  1:52530   warning  Expected an assignment or function call and instead saw an expression  @typescript-eslint/no-unused-expressions
  1:52651   warning  Expected an assignment or function call and instead saw an expression  @typescript-eslint/no-unused-expressions
  1:52711   warning  Expected an assignment or function call and instead saw an expression  @typescript-eslint/no-unused-expressions
  1:52788   warning  Expected an assignment or function call and instead saw an expression  @typescript-eslint/no-unused-expressions
  1:52839   warning  Expected an assignment or function call and instead saw an expression  @typescript-eslint/no-unused-expressions
  1:52898   warning  Expected an assignment or function call and instead saw an expression  @typescript-eslint/no-unused-expressions
  1:52940   warning  Expected an assignment or function call and instead saw an expression  @typescript-eslint/no-unused-expressions
  1:53225   warning  Expected an assignment or function call and instead saw an expression  @typescript-eslint/no-unused-expressions
  1:53356   warning  Expected an assignment or function call and instead saw an expression  @typescript-eslint/no-unused-expressions
  1:53928   warning  Expected an assignment or function call and instead saw an expression  @typescript-eslint/no-unused-expressions
  1:54135   warning  Expected an assignment or function call and instead saw an expression  @typescript-eslint/no-unused-expressions
  1:54222   warning  Expected an assignment or function call and instead saw an expression  @typescript-eslint/no-unused-expressions
  1:54478   warning  Expected an assignment or function call and instead saw an expression  @typescript-eslint/no-unused-expressions
  1:54602   warning  Expected an assignment or function call and instead saw an expression  @typescript-eslint/no-unused-expressions
  1:54644   warning  Expected an assignment or function call and instead saw an expression  @typescript-eslint/no-unused-expressions
  1:54979   warning  Expected an assignment or function call and instead saw an expression  @typescript-eslint/no-unused-expressions
  1:55070   warning  Expected an assignment or function call and instead saw an expression  @typescript-eslint/no-unused-expressions
  1:55767   warning  Expected an assignment or function call and instead saw an expression  @typescript-eslint/no-unused-expressions
  1:56314   warning  Expected an assignment or function call and instead saw an expression  @typescript-eslint/no-unused-expressions
  1:56337   warning  Expected an assignment or function call and instead saw an expression  @typescript-eslint/no-unused-expressions
  1:56548   warning  Expected an assignment or function call and instead saw an expression  @typescript-eslint/no-unused-expressions
  1:56719   warning  Expected an assignment or function call and instead saw an expression  @typescript-eslint/no-unused-expressions
  1:56757   warning  Expected an assignment or function call and instead saw an expression  @typescript-eslint/no-unused-expressions
  1:56935   warning  Expected an assignment or function call and instead saw an expression  @typescript-eslint/no-unused-expressions
  1:57000   warning  Expected an assignment or function call and instead saw an expression  @typescript-eslint/no-unused-expressions
  1:57297   warning  Expected an assignment or function call and instead saw an expression  @typescript-eslint/no-unused-expressions
  1:57608   warning  Expected an assignment or function call and instead saw an expression  @typescript-eslint/no-unused-expressions
  1:57646   warning  Expected an assignment or function call and instead saw an expression  @typescript-eslint/no-unused-expressions
  1:58134   warning  Expected an assignment or function call and instead saw an expression  @typescript-eslint/no-unused-expressions
  1:58188   warning  Expected an assignment or function call and instead saw an expression  @typescript-eslint/no-unused-expressions
  1:58358   warning  Expected an assignment or function call and instead saw an expression  @typescript-eslint/no-unused-expressions
  1:58436   warning  Expected an assignment or function call and instead saw an expression  @typescript-eslint/no-unused-expressions
  1:58531   warning  'e' is defined but never used                                          @typescript-eslint/no-unused-vars
  1:58573   warning  Expected an assignment or function call and instead saw an expression  @typescript-eslint/no-unused-expressions
  1:59121   warning  Expected an assignment or function call and instead saw an expression  @typescript-eslint/no-unused-expressions
  1:59335   warning  Expected an assignment or function call and instead saw an expression  @typescript-eslint/no-unused-expressions
  1:59394   warning  Expected an assignment or function call and instead saw an expression  @typescript-eslint/no-unused-expressions
  1:59448   warning  Expected an assignment or function call and instead saw an expression  @typescript-eslint/no-unused-expressions
  1:59508   warning  Expected an assignment or function call and instead saw an expression  @typescript-eslint/no-unused-expressions
  1:59566   warning  Expected an assignment or function call and instead saw an expression  @typescript-eslint/no-unused-expressions
  1:59712   warning  Expected an assignment or function call and instead saw an expression  @typescript-eslint/no-unused-expressions
  1:59916   warning  Expected an assignment or function call and instead saw an expression  @typescript-eslint/no-unused-expressions
  1:60295   warning  Expected an assignment or function call and instead saw an expression  @typescript-eslint/no-unused-expressions
  1:60352   warning  Expected an assignment or function call and instead saw an expression  @typescript-eslint/no-unused-expressions
  1:61127   warning  Expected an assignment or function call and instead saw an expression  @typescript-eslint/no-unused-expressions
  1:61502   warning  Expected an assignment or function call and instead saw an expression  @typescript-eslint/no-unused-expressions
  1:61654   warning  Expected an assignment or function call and instead saw an expression  @typescript-eslint/no-unused-expressions
  1:61948   warning  Expected an assignment or function call and instead saw an expression  @typescript-eslint/no-unused-expressions
  1:62005   warning  Expected an assignment or function call and instead saw an expression  @typescript-eslint/no-unused-expressions
  1:62274   warning  Expected an assignment or function call and instead saw an expression  @typescript-eslint/no-unused-expressions
  1:62388   warning  Expected an assignment or function call and instead saw an expression  @typescript-eslint/no-unused-expressions
  1:63165   warning  Expected an assignment or function call and instead saw an expression  @typescript-eslint/no-unused-expressions
  1:63417   warning  Expected an assignment or function call and instead saw an expression  @typescript-eslint/no-unused-expressions
  1:63688   warning  Expected an assignment or function call and instead saw an expression  @typescript-eslint/no-unused-expressions
  1:64341   warning  Expected an assignment or function call and instead saw an expression  @typescript-eslint/no-unused-expressions
  1:64624   warning  Expected an assignment or function call and instead saw an expression  @typescript-eslint/no-unused-expressions
  1:64732   warning  Expected an assignment or function call and instead saw an expression  @typescript-eslint/no-unused-expressions
  1:65271   warning  'e' is defined but never used                                          @typescript-eslint/no-unused-vars
  1:65502   warning  Expected an assignment or function call and instead saw an expression  @typescript-eslint/no-unused-expressions
  1:65643   warning  Expected an assignment or function call and instead saw an expression  @typescript-eslint/no-unused-expressions
  1:65750   warning  Expected an assignment or function call and instead saw an expression  @typescript-eslint/no-unused-expressions
  1:66358   warning  Expected an assignment or function call and instead saw an expression  @typescript-eslint/no-unused-expressions
  1:67432   warning  Expected an assignment or function call and instead saw an expression  @typescript-eslint/no-unused-expressions
  1:67686   warning  Expected an assignment or function call and instead saw an expression  @typescript-eslint/no-unused-expressions
  1:69660   warning  Expected an assignment or function call and instead saw an expression  @typescript-eslint/no-unused-expressions
  1:69845   warning  Expected an assignment or function call and instead saw an expression  @typescript-eslint/no-unused-expressions
  1:70001   warning  Expected an assignment or function call and instead saw an expression  @typescript-eslint/no-unused-expressions
  1:70162   warning  Expected an assignment or function call and instead saw an expression  @typescript-eslint/no-unused-expressions
  1:70449   warning  Expected an assignment or function call and instead saw an expression  @typescript-eslint/no-unused-expressions
  1:70745   warning  Expected an assignment or function call and instead saw an expression  @typescript-eslint/no-unused-expressions
  1:70822   warning  Expected an assignment or function call and instead saw an expression  @typescript-eslint/no-unused-expressions
  1:71447   warning  Expected an assignment or function call and instead saw an expression  @typescript-eslint/no-unused-expressions
  1:71532   warning  Expected an assignment or function call and instead saw an expression  @typescript-eslint/no-unused-expressions
  1:71605   warning  Expected an assignment or function call and instead saw an expression  @typescript-eslint/no-unused-expressions
  1:71942   warning  Expected an assignment or function call and instead saw an expression  @typescript-eslint/no-unused-expressions
  1:72655   warning  Expected an assignment or function call and instead saw an expression  @typescript-eslint/no-unused-expressions
  1:73010   warning  Expected an assignment or function call and instead saw an expression  @typescript-eslint/no-unused-expressions
  1:73059   warning  Expected an assignment or function call and instead saw an expression  @typescript-eslint/no-unused-expressions
  1:73183   warning  Expected an assignment or function call and instead saw an expression  @typescript-eslint/no-unused-expressions
  1:73303   warning  Expected an assignment or function call and instead saw an expression  @typescript-eslint/no-unused-expressions
  1:74049   warning  Expected an assignment or function call and instead saw an expression  @typescript-eslint/no-unused-expressions
  1:74161   warning  Expected an assignment or function call and instead saw an expression  @typescript-eslint/no-unused-expressions
  1:74595   warning  Expected an assignment or function call and instead saw an expression  @typescript-eslint/no-unused-expressions
  1:75596   warning  Expected an assignment or function call and instead saw an expression  @typescript-eslint/no-unused-expressions
  1:75674   warning  Expected an assignment or function call and instead saw an expression  @typescript-eslint/no-unused-expressions
  1:75922   warning  Expected an assignment or function call and instead saw an expression  @typescript-eslint/no-unused-expressions
  1:76563   warning  Expected an assignment or function call and instead saw an expression  @typescript-eslint/no-unused-expressions
  1:77015   warning  Expected an assignment or function call and instead saw an expression  @typescript-eslint/no-unused-expressions
  1:81403   warning  Expected an assignment or function call and instead saw an expression  @typescript-eslint/no-unused-expressions
  1:81502   warning  Expected an assignment or function call and instead saw an expression  @typescript-eslint/no-unused-expressions
  1:81600   warning  Expected an assignment or function call and instead saw an expression  @typescript-eslint/no-unused-expressions
  1:81898   warning  Expected an assignment or function call and instead saw an expression  @typescript-eslint/no-unused-expressions
  1:82263   warning  Expected an assignment or function call and instead saw an expression  @typescript-eslint/no-unused-expressions
  1:82350   warning  Expected an assignment or function call and instead saw an expression  @typescript-eslint/no-unused-expressions
  1:82477   warning  Expected an assignment or function call and instead saw an expression  @typescript-eslint/no-unused-expressions
  1:82541   warning  Expected an assignment or function call and instead saw an expression  @typescript-eslint/no-unused-expressions
  1:82784   warning  Expected an assignment or function call and instead saw an expression  @typescript-eslint/no-unused-expressions
  1:82944   warning  Expected an assignment or function call and instead saw an expression  @typescript-eslint/no-unused-expressions
  1:83468   warning  Expected an assignment or function call and instead saw an expression  @typescript-eslint/no-unused-expressions
  1:83789   warning  Expected an assignment or function call and instead saw an expression  @typescript-eslint/no-unused-expressions
  1:84707   warning  Expected an assignment or function call and instead saw an expression  @typescript-eslint/no-unused-expressions
  1:84865   warning  Expected an assignment or function call and instead saw an expression  @typescript-eslint/no-unused-expressions
  1:84983   warning  Expected an assignment or function call and instead saw an expression  @typescript-eslint/no-unused-expressions
  1:85029   warning  Expected an assignment or function call and instead saw an expression  @typescript-eslint/no-unused-expressions
  1:85075   warning  Expected an assignment or function call and instead saw an expression  @typescript-eslint/no-unused-expressions
  1:85830   warning  Expected an assignment or function call and instead saw an expression  @typescript-eslint/no-unused-expressions
  1:85878   warning  'e' is defined but never used                                          @typescript-eslint/no-unused-vars
  1:86134   warning  Expected an assignment or function call and instead saw an expression  @typescript-eslint/no-unused-expressions
  1:86415   warning  Expected an assignment or function call and instead saw an expression  @typescript-eslint/no-unused-expressions
  1:86642   warning  Expected an assignment or function call and instead saw an expression  @typescript-eslint/no-unused-expressions
  1:90128   warning  Expected an assignment or function call and instead saw an expression  @typescript-eslint/no-unused-expressions
  1:90185   warning  Expected an assignment or function call and instead saw an expression  @typescript-eslint/no-unused-expressions
  1:90436   warning  Expected an assignment or function call and instead saw an expression  @typescript-eslint/no-unused-expressions
  1:91995   warning  Expected an assignment or function call and instead saw an expression  @typescript-eslint/no-unused-expressions
  1:92194   warning  Expected an assignment or function call and instead saw an expression  @typescript-eslint/no-unused-expressions
  1:92232   warning  Expected an assignment or function call and instead saw an expression  @typescript-eslint/no-unused-expressions
  1:92349   warning  Expected an assignment or function call and instead saw an expression  @typescript-eslint/no-unused-expressions
  1:92387   warning  Expected an assignment or function call and instead saw an expression  @typescript-eslint/no-unused-expressions
  1:92534   warning  Expected an assignment or function call and instead saw an expression  @typescript-eslint/no-unused-expressions
  1:92661   warning  Expected an assignment or function call and instead saw an expression  @typescript-eslint/no-unused-expressions
  1:92823   warning  Expected an assignment or function call and instead saw an expression  @typescript-eslint/no-unused-expressions
  1:92902   warning  Expected an assignment or function call and instead saw an expression  @typescript-eslint/no-unused-expressions
  1:93019   warning  Expected an assignment or function call and instead saw an expression  @typescript-eslint/no-unused-expressions
  1:93447   warning  Expected an assignment or function call and instead saw an expression  @typescript-eslint/no-unused-expressions
  1:93672   warning  Expected an assignment or function call and instead saw an expression  @typescript-eslint/no-unused-expressions
  1:93937   warning  Expected an assignment or function call and instead saw an expression  @typescript-eslint/no-unused-expressions
  1:94043   warning  Expected an assignment or function call and instead saw an expression  @typescript-eslint/no-unused-expressions
  1:94132   warning  Expected an assignment or function call and instead saw an expression  @typescript-eslint/no-unused-expressions
  1:94319   warning  Expected an assignment or function call and instead saw an expression  @typescript-eslint/no-unused-expressions
  1:94587   warning  Expected an assignment or function call and instead saw an expression  @typescript-eslint/no-unused-expressions
  1:94626   warning  Expected an assignment or function call and instead saw an expression  @typescript-eslint/no-unused-expressions
  1:94743   warning  Expected an assignment or function call and instead saw an expression  @typescript-eslint/no-unused-expressions
  1:95046   warning  Expected an assignment or function call and instead saw an expression  @typescript-eslint/no-unused-expressions
  1:95185   warning  Expected an assignment or function call and instead saw an expression  @typescript-eslint/no-unused-expressions
  1:95221   warning  Expected an assignment or function call and instead saw an expression  @typescript-eslint/no-unused-expressions
  1:95260   warning  Expected an assignment or function call and instead saw an expression  @typescript-eslint/no-unused-expressions
  1:95306   warning  Expected an assignment or function call and instead saw an expression  @typescript-eslint/no-unused-expressions
  1:95343   warning  Expected an assignment or function call and instead saw an expression  @typescript-eslint/no-unused-expressions
  1:95387   warning  Expected an assignment or function call and instead saw an expression  @typescript-eslint/no-unused-expressions
  1:95504   warning  Expected an assignment or function call and instead saw an expression  @typescript-eslint/no-unused-expressions
  1:95686   warning  Expected an assignment or function call and instead saw an expression  @typescript-eslint/no-unused-expressions
  1:95816   warning  Expected an assignment or function call and instead saw an expression  @typescript-eslint/no-unused-expressions
  1:95860   warning  Expected an assignment or function call and instead saw an expression  @typescript-eslint/no-unused-expressions
  1:95900   warning  Expected an assignment or function call and instead saw an expression  @typescript-eslint/no-unused-expressions
  1:95927   warning  Expected an assignment or function call and instead saw an expression  @typescript-eslint/no-unused-expressions
  1:95950   warning  Expected an assignment or function call and instead saw an expression  @typescript-eslint/no-unused-expressions
  1:96304   warning  Expected an assignment or function call and instead saw an expression  @typescript-eslint/no-unused-expressions
  1:96348   warning  Expected an assignment or function call and instead saw an expression  @typescript-eslint/no-unused-expressions
  1:96468   warning  Expected an assignment or function call and instead saw an expression  @typescript-eslint/no-unused-expressions
  1:96536   warning  Expected an assignment or function call and instead saw an expression  @typescript-eslint/no-unused-expressions
  1:96656   warning  Expected an assignment or function call and instead saw an expression  @typescript-eslint/no-unused-expressions
  1:97014   warning  Expected an assignment or function call and instead saw an expression  @typescript-eslint/no-unused-expressions
  1:97325   warning  Expected an assignment or function call and instead saw an expression  @typescript-eslint/no-unused-expressions
  1:97419   warning  Expected an assignment or function call and instead saw an expression  @typescript-eslint/no-unused-expressions
  1:97526   warning  Expected an assignment or function call and instead saw an expression  @typescript-eslint/no-unused-expressions
  1:97615   warning  Expected an assignment or function call and instead saw an expression  @typescript-eslint/no-unused-expressions
  1:98109   warning  Expected an assignment or function call and instead saw an expression  @typescript-eslint/no-unused-expressions
  1:98590   warning  Expected an assignment or function call and instead saw an expression  @typescript-eslint/no-unused-expressions
  1:98702   warning  Expected an assignment or function call and instead saw an expression  @typescript-eslint/no-unused-expressions
  1:98879   warning  Expected an assignment or function call and instead saw an expression  @typescript-eslint/no-unused-expressions
  1:99028   warning  Expected an assignment or function call and instead saw an expression  @typescript-eslint/no-unused-expressions
  1:99114   warning  Expected an assignment or function call and instead saw an expression  @typescript-eslint/no-unused-expressions
  1:99366   warning  Expected an assignment or function call and instead saw an expression  @typescript-eslint/no-unused-expressions
  1:99396   warning  Expected an assignment or function call and instead saw an expression  @typescript-eslint/no-unused-expressions
  1:99418   warning  Expected an assignment or function call and instead saw an expression  @typescript-eslint/no-unused-expressions
  1:99459   warning  Expected an assignment or function call and instead saw an expression  @typescript-eslint/no-unused-expressions
  1:99612   warning  Expected an assignment or function call and instead saw an expression  @typescript-eslint/no-unused-expressions
  1:100001  warning  Expected an assignment or function call and instead saw an expression  @typescript-eslint/no-unused-expressions
  1:100205  warning  Expected an assignment or function call and instead saw an expression  @typescript-eslint/no-unused-expressions
  1:100354  warning  Expected an assignment or function call and instead saw an expression  @typescript-eslint/no-unused-expressions
  1:100981  warning  Expected an assignment or function call and instead saw an expression  @typescript-eslint/no-unused-expressions
  1:101198  warning  Expected an assignment or function call and instead saw an expression  @typescript-eslint/no-unused-expressions
  1:101221  warning  Expected an assignment or function call and instead saw an expression  @typescript-eslint/no-unused-expressions
  1:101407  warning  Expected an assignment or function call and instead saw an expression  @typescript-eslint/no-unused-expressions
  1:101503  warning  Expected an assignment or function call and instead saw an expression  @typescript-eslint/no-unused-expressions
  1:101610  warning  Expected an assignment or function call and instead saw an expression  @typescript-eslint/no-unused-expressions
  1:101920  warning  Expected an assignment or function call and instead saw an expression  @typescript-eslint/no-unused-expressions
  1:102046  warning  Expected an assignment or function call and instead saw an expression  @typescript-eslint/no-unused-expressions
  1:102182  warning  Expected an assignment or function call and instead saw an expression  @typescript-eslint/no-unused-expressions
  1:102601  warning  Expected an assignment or function call and instead saw an expression  @typescript-eslint/no-unused-expressions
  1:102687  warning  Expected an assignment or function call and instead saw an expression  @typescript-eslint/no-unused-expressions
  1:102990  warning  Expected an assignment or function call and instead saw an expression  @typescript-eslint/no-unused-expressions
  1:103200  warning  Expected an assignment or function call and instead saw an expression  @typescript-eslint/no-unused-expressions
  1:103312  warning  Expected an assignment or function call and instead saw an expression  @typescript-eslint/no-unused-expressions
  1:103590  warning  Expected an assignment or function call and instead saw an expression  @typescript-eslint/no-unused-expressions
  1:103820  warning  Expected an assignment or function call and instead saw an expression  @typescript-eslint/no-unused-expressions
  1:103856  warning  Expected an assignment or function call and instead saw an expression  @typescript-eslint/no-unused-expressions
  1:103943  warning  Expected an assignment or function call and instead saw an expression  @typescript-eslint/no-unused-expressions
  1:103978  warning  Expected an assignment or function call and instead saw an expression  @typescript-eslint/no-unused-expressions
  1:104201  warning  Expected an assignment or function call and instead saw an expression  @typescript-eslint/no-unused-expressions
  1:104250  warning  Expected an assignment or function call and instead saw an expression  @typescript-eslint/no-unused-expressions
  1:104423  warning  Expected an assignment or function call and instead saw an expression  @typescript-eslint/no-unused-expressions
  1:104648  warning  Expected an assignment or function call and instead saw an expression  @typescript-eslint/no-unused-expressions
  1:104987  warning  Expected an assignment or function call and instead saw an expression  @typescript-eslint/no-unused-expressions
  1:105031  warning  Expected an assignment or function call and instead saw an expression  @typescript-eslint/no-unused-expressions
  1:105165  warning  Expected an assignment or function call and instead saw an expression  @typescript-eslint/no-unused-expressions
  1:105250  warning  Expected an assignment or function call and instead saw an expression  @typescript-eslint/no-unused-expressions
  1:105289  warning  Expected an assignment or function call and instead saw an expression  @typescript-eslint/no-unused-expressions
  1:105328  warning  Expected an assignment or function call and instead saw an expression  @typescript-eslint/no-unused-expressions
  1:105390  warning  Expected an assignment or function call and instead saw an expression  @typescript-eslint/no-unused-expressions
  1:105513  warning  Expected an assignment or function call and instead saw an expression  @typescript-eslint/no-unused-expressions
  1:105556  warning  Expected an assignment or function call and instead saw an expression  @typescript-eslint/no-unused-expressions
  1:105636  warning  Expected an assignment or function call and instead saw an expression  @typescript-eslint/no-unused-expressions
  1:105724  warning  Expected an assignment or function call and instead saw an expression  @typescript-eslint/no-unused-expressions
  1:106008  warning  Expected an assignment or function call and instead saw an expression  @typescript-eslint/no-unused-expressions
  1:106133  warning  Expected an assignment or function call and instead saw an expression  @typescript-eslint/no-unused-expressions
  1:106224  warning  Expected an assignment or function call and instead saw an expression  @typescript-eslint/no-unused-expressions
  1:106335  warning  Expected an assignment or function call and instead saw an expression  @typescript-eslint/no-unused-expressions
  1:106413  warning  Expected an assignment or function call and instead saw an expression  @typescript-eslint/no-unused-expressions
  1:106548  warning  Expected an assignment or function call and instead saw an expression  @typescript-eslint/no-unused-expressions
  1:106679  warning  'e' is defined but never used                                          @typescript-eslint/no-unused-vars
  1:106705  warning  Expected an assignment or function call and instead saw an expression  @typescript-eslint/no-unused-expressions
  1:106836  warning  Expected an assignment or function call and instead saw an expression  @typescript-eslint/no-unused-expressions
  1:106862  warning  Expected an assignment or function call and instead saw an expression  @typescript-eslint/no-unused-expressions
  1:106969  warning  Expected an assignment or function call and instead saw an expression  @typescript-eslint/no-unused-expressions
  1:107077  warning  Expected an assignment or function call and instead saw an expression  @typescript-eslint/no-unused-expressions
  1:107208  warning  Expected an assignment or function call and instead saw an expression  @typescript-eslint/no-unused-expressions
  1:107275  warning  Expected an assignment or function call and instead saw an expression  @typescript-eslint/no-unused-expressions
  1:107417  warning  Expected an assignment or function call and instead saw an expression  @typescript-eslint/no-unused-expressions
  1:107519  warning  Expected an assignment or function call and instead saw an expression  @typescript-eslint/no-unused-expressions
  1:107566  warning  Expected an assignment or function call and instead saw an expression  @typescript-eslint/no-unused-expressions
  1:107702  warning  Expected an assignment or function call and instead saw an expression  @typescript-eslint/no-unused-expressions
  1:107765  warning  Expected an assignment or function call and instead saw an expression  @typescript-eslint/no-unused-expressions
  1:107796  warning  Expected an assignment or function call and instead saw an expression  @typescript-eslint/no-unused-expressions
  1:108618  warning  Expected an assignment or function call and instead saw an expression  @typescript-eslint/no-unused-expressions
  1:108660  warning  Expected an assignment or function call and instead saw an expression  @typescript-eslint/no-unused-expressions
  1:108703  warning  Expected an assignment or function call and instead saw an expression  @typescript-eslint/no-unused-expressions
  1:108790  warning  Expected an assignment or function call and instead saw an expression  @typescript-eslint/no-unused-expressions
  1:108916  warning  Expected an assignment or function call and instead saw an expression  @typescript-eslint/no-unused-expressions
  1:109161  warning  Expected an assignment or function call and instead saw an expression  @typescript-eslint/no-unused-expressions
  1:109239  warning  Expected an assignment or function call and instead saw an expression  @typescript-eslint/no-unused-expressions
  1:109610  warning  Expected an assignment or function call and instead saw an expression  @typescript-eslint/no-unused-expressions
  1:109682  warning  Expected an assignment or function call and instead saw an expression  @typescript-eslint/no-unused-expressions
  1:110287  warning  Expected an assignment or function call and instead saw an expression  @typescript-eslint/no-unused-expressions
  1:110777  warning  Expected an assignment or function call and instead saw an expression  @typescript-eslint/no-unused-expressions
  1:110864  warning  Expected an assignment or function call and instead saw an expression  @typescript-eslint/no-unused-expressions
  1:110972  warning  Expected an assignment or function call and instead saw an expression  @typescript-eslint/no-unused-expressions
  1:111201  warning  Expected an assignment or function call and instead saw an expression  @typescript-eslint/no-unused-expressions
  1:111424  warning  Expected an assignment or function call and instead saw an expression  @typescript-eslint/no-unused-expressions
  1:111466  warning  Expected an assignment or function call and instead saw an expression  @typescript-eslint/no-unused-expressions
  1:111640  warning  Expected an assignment or function call and instead saw an expression  @typescript-eslint/no-unused-expressions
  1:111676  warning  Expected an assignment or function call and instead saw an expression  @typescript-eslint/no-unused-expressions
  1:111896  warning  Expected an assignment or function call and instead saw an expression  @typescript-eslint/no-unused-expressions
  1:111977  warning  Expected an assignment or function call and instead saw an expression  @typescript-eslint/no-unused-expressions
  1:112082  warning  Expected an assignment or function call and instead saw an expression  @typescript-eslint/no-unused-expressions
  1:112199  warning  Expected an assignment or function call and instead saw an expression  @typescript-eslint/no-unused-expressions
  1:112237  warning  Expected an assignment or function call and instead saw an expression  @typescript-eslint/no-unused-expressions
  1:112327  warning  Expected an assignment or function call and instead saw an expression  @typescript-eslint/no-unused-expressions
  1:112507  warning  Expected an assignment or function call and instead saw an expression  @typescript-eslint/no-unused-expressions
  1:112586  warning  Expected an assignment or function call and instead saw an expression  @typescript-eslint/no-unused-expressions
  1:112832  warning  Expected an assignment or function call and instead saw an expression  @typescript-eslint/no-unused-expressions
  1:112902  warning  Expected an assignment or function call and instead saw an expression  @typescript-eslint/no-unused-expressions
  1:112983  warning  Expected an assignment or function call and instead saw an expression  @typescript-eslint/no-unused-expressions
  1:113047  warning  Expected an assignment or function call and instead saw an expression  @typescript-eslint/no-unused-expressions
  1:113111  warning  Expected an assignment or function call and instead saw an expression  @typescript-eslint/no-unused-expressions
  1:113156  warning  Expected an assignment or function call and instead saw an expression  @typescript-eslint/no-unused-expressions
  1:113356  warning  Expected an assignment or function call and instead saw an expression  @typescript-eslint/no-unused-expressions
  1:113566  warning  Expected an assignment or function call and instead saw an expression  @typescript-eslint/no-unused-expressions
  1:113628  warning  Expected an assignment or function call and instead saw an expression  @typescript-eslint/no-unused-expressions
  1:113753  warning  Expected an assignment or function call and instead saw an expression  @typescript-eslint/no-unused-expressions
  1:113931  warning  Expected an assignment or function call and instead saw an expression  @typescript-eslint/no-unused-expressions
  1:114051  warning  Expected an assignment or function call and instead saw an expression  @typescript-eslint/no-unused-expressions
  1:114100  warning  Expected an assignment or function call and instead saw an expression  @typescript-eslint/no-unused-expressions
  1:114483  warning  Expected an assignment or function call and instead saw an expression  @typescript-eslint/no-unused-expressions
  1:114589  warning  Expected an assignment or function call and instead saw an expression  @typescript-eslint/no-unused-expressions
  1:114678  warning  Expected an assignment or function call and instead saw an expression  @typescript-eslint/no-unused-expressions
  1:114702  warning  Expected an assignment or function call and instead saw an expression  @typescript-eslint/no-unused-expressions
  1:114881  warning  Expected an assignment or function call and instead saw an expression  @typescript-eslint/no-unused-expressions
  1:114938  warning  Expected an assignment or function call and instead saw an expression  @typescript-eslint/no-unused-expressions
  1:115010  warning  Expected an assignment or function call and instead saw an expression  @typescript-eslint/no-unused-expressions
  1:115251  warning  Expected an assignment or function call and instead saw an expression  @typescript-eslint/no-unused-expressions
  1:115441  warning  Expected an assignment or function call and instead saw an expression  @typescript-eslint/no-unused-expressions
  1:115894  warning  Expected an assignment or function call and instead saw an expression  @typescript-eslint/no-unused-expressions
  1:115944  warning  Expected an assignment or function call and instead saw an expression  @typescript-eslint/no-unused-expressions
  1:116024  warning  Expected an assignment or function call and instead saw an expression  @typescript-eslint/no-unused-expressions
  1:116103  warning  Expected an assignment or function call and instead saw an expression  @typescript-eslint/no-unused-expressions
  1:116166  warning  Expected an assignment or function call and instead saw an expression  @typescript-eslint/no-unused-expressions
  1:116480  warning  Expected an assignment or function call and instead saw an expression  @typescript-eslint/no-unused-expressions
  1:116540  warning  Expected an assignment or function call and instead saw an expression  @typescript-eslint/no-unused-expressions
  1:116806  warning  Expected an assignment or function call and instead saw an expression  @typescript-eslint/no-unused-expressions
  1:117034  warning  Expected an assignment or function call and instead saw an expression  @typescript-eslint/no-unused-expressions
  1:117063  warning  Expected an assignment or function call and instead saw an expression  @typescript-eslint/no-unused-expressions
  1:117104  warning  Expected an assignment or function call and instead saw an expression  @typescript-eslint/no-unused-expressions
  1:117228  warning  Expected an assignment or function call and instead saw an expression  @typescript-eslint/no-unused-expressions
  1:117352  warning  Expected an assignment or function call and instead saw an expression  @typescript-eslint/no-unused-expressions
  1:117442  warning  Expected an assignment or function call and instead saw an expression  @typescript-eslint/no-unused-expressions
  1:117889  warning  Expected an assignment or function call and instead saw an expression  @typescript-eslint/no-unused-expressions
  1:117965  warning  Expected an assignment or function call and instead saw an expression  @typescript-eslint/no-unused-expressions
  1:118127  warning  Expected an assignment or function call and instead saw an expression  @typescript-eslint/no-unused-expressions
  1:118482  warning  Expected an assignment or function call and instead saw an expression  @typescript-eslint/no-unused-expressions
  1:118549  warning  Expected an assignment or function call and instead saw an expression  @typescript-eslint/no-unused-expressions
  1:118684  warning  Expected an assignment or function call and instead saw an expression  @typescript-eslint/no-unused-expressions
  1:118834  warning  Expected an assignment or function call and instead saw an expression  @typescript-eslint/no-unused-expressions
  1:118886  warning  Expected an assignment or function call and instead saw an expression  @typescript-eslint/no-unused-expressions
  1:119064  warning  Expected an assignment or function call and instead saw an expression  @typescript-eslint/no-unused-expressions
  1:119112  warning  Expected an assignment or function call and instead saw an expression  @typescript-eslint/no-unused-expressions
  1:119257  warning  Expected an assignment or function call and instead saw an expression  @typescript-eslint/no-unused-expressions
  1:119320  warning  Expected an assignment or function call and instead saw an expression  @typescript-eslint/no-unused-expressions
  1:119566  warning  Expected an assignment or function call and instead saw an expression  @typescript-eslint/no-unused-expressions
  1:119712  warning  Expected an assignment or function call and instead saw an expression  @typescript-eslint/no-unused-expressions
  1:119802  warning  Expected an assignment or function call and instead saw an expression  @typescript-eslint/no-unused-expressions
  1:119833  warning  Expected an assignment or function call and instead saw an expression  @typescript-eslint/no-unused-expressions
  1:119886  warning  Expected an assignment or function call and instead saw an expression  @typescript-eslint/no-unused-expressions
  1:120182  warning  Expected an assignment or function call and instead saw an expression  @typescript-eslint/no-unused-expressions
  1:120277  warning  Expected an assignment or function call and instead saw an expression  @typescript-eslint/no-unused-expressions
  1:120339  warning  Expected an assignment or function call and instead saw an expression  @typescript-eslint/no-unused-expressions
  1:120553  warning  Expected an assignment or function call and instead saw an expression  @typescript-eslint/no-unused-expressions
  1:120720  warning  Expected an assignment or function call and instead saw an expression  @typescript-eslint/no-unused-expressions
  1:120872  warning  Expected an assignment or function call and instead saw an expression  @typescript-eslint/no-unused-expressions
  1:120939  warning  Expected an assignment or function call and instead saw an expression  @typescript-eslint/no-unused-expressions
  1:121009  warning  Expected an assignment or function call and instead saw an expression  @typescript-eslint/no-unused-expressions
  1:121113  warning  Expected an assignment or function call and instead saw an expression  @typescript-eslint/no-unused-expressions
  1:121313  warning  Expected an assignment or function call and instead saw an expression  @typescript-eslint/no-unused-expressions
  1:121398  warning  Expected an assignment or function call and instead saw an expression  @typescript-eslint/no-unused-expressions
  1:121434  warning  Expected an assignment or function call and instead saw an expression  @typescript-eslint/no-unused-expressions
  1:121744  warning  Expected an assignment or function call and instead saw an expression  @typescript-eslint/no-unused-expressions
  1:121828  warning  Expected an assignment or function call and instead saw an expression  @typescript-eslint/no-unused-expressions
  1:121937  warning  Expected an assignment or function call and instead saw an expression  @typescript-eslint/no-unused-expressions
  1:122244  warning  Expected an assignment or function call and instead saw an expression  @typescript-eslint/no-unused-expressions
  1:122841  warning  Expected an assignment or function call and instead saw an expression  @typescript-eslint/no-unused-expressions
  1:123002  warning  Expected an assignment or function call and instead saw an expression  @typescript-eslint/no-unused-expressions
  1:123111  warning  Expected an assignment or function call and instead saw an expression  @typescript-eslint/no-unused-expressions
  1:123443  warning  Expected an assignment or function call and instead saw an expression  @typescript-eslint/no-unused-expressions
  1:123568  warning  Expected an assignment or function call and instead saw an expression  @typescript-eslint/no-unused-expressions
  1:123623  warning  Expected an assignment or function call and instead saw an expression  @typescript-eslint/no-unused-expressions
  1:123648  warning  Expected an assignment or function call and instead saw an expression  @typescript-eslint/no-unused-expressions
  1:123661  warning  Expected an assignment or function call and instead saw an expression  @typescript-eslint/no-unused-expressions
  1:123766  warning  Expected an assignment or function call and instead saw an expression  @typescript-eslint/no-unused-expressions
  1:123943  warning  Expected an assignment or function call and instead saw an expression  @typescript-eslint/no-unused-expressions
  1:124009  warning  Expected an assignment or function call and instead saw an expression  @typescript-eslint/no-unused-expressions
  1:124048  warning  Expected an assignment or function call and instead saw an expression  @typescript-eslint/no-unused-expressions
  1:124086  warning  Expected an assignment or function call and instead saw an expression  @typescript-eslint/no-unused-expressions
  1:124124  warning  Expected an assignment or function call and instead saw an expression  @typescript-eslint/no-unused-expressions
  1:124328  warning  Expected an assignment or function call and instead saw an expression  @typescript-eslint/no-unused-expressions
  1:124609  warning  'e' is defined but never used                                          @typescript-eslint/no-unused-vars
  1:124666  warning  Expected an assignment or function call and instead saw an expression  @typescript-eslint/no-unused-expressions
  1:124778  warning  Expected an assignment or function call and instead saw an expression  @typescript-eslint/no-unused-expressions
  1:124831  warning  Expected an assignment or function call and instead saw an expression  @typescript-eslint/no-unused-expressions
  1:125113  warning  Expected an assignment or function call and instead saw an expression  @typescript-eslint/no-unused-expressions
  1:125163  warning  Expected an assignment or function call and instead saw an expression  @typescript-eslint/no-unused-expressions
  1:125258  warning  Expected an assignment or function call and instead saw an expression  @typescript-eslint/no-unused-expressions
  1:125571  warning  Expected an assignment or function call and instead saw an expression  @typescript-eslint/no-unused-expressions
  1:126447  warning  Expected an assignment or function call and instead saw an expression  @typescript-eslint/no-unused-expressions
  1:126477  warning  Expected an assignment or function call and instead saw an expression  @typescript-eslint/no-unused-expressions
  1:126848  warning  Expected an assignment or function call and instead saw an expression  @typescript-eslint/no-unused-expressions
  1:127193  warning  Expected an assignment or function call and instead saw an expression  @typescript-eslint/no-unused-expressions
  1:127274  warning  Expected an assignment or function call and instead saw an expression  @typescript-eslint/no-unused-expressions
  1:127333  warning  Expected an assignment or function call and instead saw an expression  @typescript-eslint/no-unused-expressions
  1:127479  warning  Expected an assignment or function call and instead saw an expression  @typescript-eslint/no-unused-expressions
  1:127611  warning  Expected an assignment or function call and instead saw an expression  @typescript-eslint/no-unused-expressions
  1:127625  warning  Expected an assignment or function call and instead saw an expression  @typescript-eslint/no-unused-expressions
  1:127747  warning  Expected an assignment or function call and instead saw an expression  @typescript-eslint/no-unused-expressions
  1:127802  warning  Expected an assignment or function call and instead saw an expression  @typescript-eslint/no-unused-expressions
  1:127879  warning  Expected an assignment or function call and instead saw an expression  @typescript-eslint/no-unused-expressions
  1:128205  warning  Expected an assignment or function call and instead saw an expression  @typescript-eslint/no-unused-expressions
  1:128255  warning  Expected an assignment or function call and instead saw an expression  @typescript-eslint/no-unused-expressions
  1:128671  warning  Expected an assignment or function call and instead saw an expression  @typescript-eslint/no-unused-expressions
  1:128843  warning  Expected an assignment or function call and instead saw an expression  @typescript-eslint/no-unused-expressions
  1:128960  warning  Expected an assignment or function call and instead saw an expression  @typescript-eslint/no-unused-expressions
  1:129005  warning  Expected an assignment or function call and instead saw an expression  @typescript-eslint/no-unused-expressions
  1:129101  warning  Expected an assignment or function call and instead saw an expression  @typescript-eslint/no-unused-expressions
  1:129132  warning  Expected an assignment or function call and instead saw an expression  @typescript-eslint/no-unused-expressions
  1:129336  warning  Expected an assignment or function call and instead saw an expression  @typescript-eslint/no-unused-expressions
  1:129584  warning  Expected an assignment or function call and instead saw an expression  @typescript-eslint/no-unused-expressions
  1:129674  warning  Expected an assignment or function call and instead saw an expression  @typescript-eslint/no-unused-expressions
  1:129707  warning  Expected an assignment or function call and instead saw an expression  @typescript-eslint/no-unused-expressions
  1:129779  warning  Expected an assignment or function call and instead saw an expression  @typescript-eslint/no-unused-expressions
  1:130910  warning  Expected an assignment or function call and instead saw an expression  @typescript-eslint/no-unused-expressions
  1:131378  warning  Expected an assignment or function call and instead saw an expression  @typescript-eslint/no-unused-expressions
  1:131455  warning  Expected an assignment or function call and instead saw an expression  @typescript-eslint/no-unused-expressions
  1:131497  warning  Expected an assignment or function call and instead saw an expression  @typescript-eslint/no-unused-expressions
  1:132535  warning  Expected an assignment or function call and instead saw an expression  @typescript-eslint/no-unused-expressions
  1:132661  warning  Expected an assignment or function call and instead saw an expression  @typescript-eslint/no-unused-expressions
  1:132816  warning  Expected an assignment or function call and instead saw an expression  @typescript-eslint/no-unused-expressions
  1:133320  warning  Expected an assignment or function call and instead saw an expression  @typescript-eslint/no-unused-expressions
  1:133427  warning  Expected an assignment or function call and instead saw an expression  @typescript-eslint/no-unused-expressions
  1:133649  warning  Expected an assignment or function call and instead saw an expression  @typescript-eslint/no-unused-expressions
  1:133790  warning  Expected an assignment or function call and instead saw an expression  @typescript-eslint/no-unused-expressions
  1:133917  warning  Expected an assignment or function call and instead saw an expression  @typescript-eslint/no-unused-expressions
  1:134098  warning  Expected an assignment or function call and instead saw an expression  @typescript-eslint/no-unused-expressions
  1:134244  warning  Expected an assignment or function call and instead saw an expression  @typescript-eslint/no-unused-expressions
  1:134464  warning  Expected an assignment or function call and instead saw an expression  @typescript-eslint/no-unused-expressions
  1:134572  warning  Expected an assignment or function call and instead saw an expression  @typescript-eslint/no-unused-expressions
  1:134847  warning  Expected an assignment or function call and instead saw an expression  @typescript-eslint/no-unused-expressions
  1:134904  warning  Expected an assignment or function call and instead saw an expression  @typescript-eslint/no-unused-expressions
  1:134920  warning  Expected an assignment or function call and instead saw an expression  @typescript-eslint/no-unused-expressions
  1:135380  warning  Expected an assignment or function call and instead saw an expression  @typescript-eslint/no-unused-expressions
  1:135437  warning  Expected an assignment or function call and instead saw an expression  @typescript-eslint/no-unused-expressions
  1:135453  warning  Expected an assignment or function call and instead saw an expression  @typescript-eslint/no-unused-expressions
  1:136481  warning  Expected an assignment or function call and instead saw an expression  @typescript-eslint/no-unused-expressions
  1:136575  warning  Expected an assignment or function call and instead saw an expression  @typescript-eslint/no-unused-expressions
  1:136850  warning  Expected an assignment or function call and instead saw an expression  @typescript-eslint/no-unused-expressions
  1:136943  warning  Expected an assignment or function call and instead saw an expression  @typescript-eslint/no-unused-expressions
  1:138230  warning  Expected an assignment or function call and instead saw an expression  @typescript-eslint/no-unused-expressions
  1:139179  warning  Expected an assignment or function call and instead saw an expression  @typescript-eslint/no-unused-expressions
  1:139342  warning  Expected an assignment or function call and instead saw an expression  @typescript-eslint/no-unused-expressions
  1:139524  warning  Expected an assignment or function call and instead saw an expression  @typescript-eslint/no-unused-expressions
  1:139680  warning  Expected an assignment or function call and instead saw an expression  @typescript-eslint/no-unused-expressions
  1:139939  warning  Expected an assignment or function call and instead saw an expression  @typescript-eslint/no-unused-expressions
  1:140022  warning  Expected an assignment or function call and instead saw an expression  @typescript-eslint/no-unused-expressions
  1:140060  warning  Expected an assignment or function call and instead saw an expression  @typescript-eslint/no-unused-expressions
  1:140470  warning  Expected an assignment or function call and instead saw an expression  @typescript-eslint/no-unused-expressions
  1:140512  warning  Expected an assignment or function call and instead saw an expression  @typescript-eslint/no-unused-expressions
  1:140831  warning  Expected an assignment or function call and instead saw an expression  @typescript-eslint/no-unused-expressions
  1:140859  warning  'e' is defined but never used                                          @typescript-eslint/no-unused-vars
  1:141070  warning  Expected an assignment or function call and instead saw an expression  @typescript-eslint/no-unused-expressions
  1:141442  warning  Expected an assignment or function call and instead saw an expression  @typescript-eslint/no-unused-expressions
  1:141492  warning  Expected an assignment or function call and instead saw an expression  @typescript-eslint/no-unused-expressions
  1:141568  warning  Expected an assignment or function call and instead saw an expression  @typescript-eslint/no-unused-expressions
  1:141668  warning  Expected an assignment or function call and instead saw an expression  @typescript-eslint/no-unused-expressions
  1:141693  warning  Expected an assignment or function call and instead saw an expression  @typescript-eslint/no-unused-expressions
  1:141853  warning  Expected an assignment or function call and instead saw an expression  @typescript-eslint/no-unused-expressions
  1:141939  warning  Expected an assignment or function call and instead saw an expression  @typescript-eslint/no-unused-expressions
  1:142024  warning  Expected an assignment or function call and instead saw an expression  @typescript-eslint/no-unused-expressions
  1:142042  warning  Expected an assignment or function call and instead saw an expression  @typescript-eslint/no-unused-expressions
  1:142595  warning  Expected an assignment or function call and instead saw an expression  @typescript-eslint/no-unused-expressions
  1:143076  warning  Expected an assignment or function call and instead saw an expression  @typescript-eslint/no-unused-expressions
  1:143269  warning  Expected an assignment or function call and instead saw an expression  @typescript-eslint/no-unused-expressions
  1:143341  warning  Expected an assignment or function call and instead saw an expression  @typescript-eslint/no-unused-expressions
  1:143563  warning  Expected an assignment or function call and instead saw an expression  @typescript-eslint/no-unused-expressions
  1:143627  warning  Expected an assignment or function call and instead saw an expression  @typescript-eslint/no-unused-expressions
  1:144036  warning  Expected an assignment or function call and instead saw an expression  @typescript-eslint/no-unused-expressions
  1:144122  warning  Expected an assignment or function call and instead saw an expression  @typescript-eslint/no-unused-expressions
  1:144196  warning  'e' is defined but never used                                          @typescript-eslint/no-unused-vars
  1:144314  warning  Expected an assignment or function call and instead saw an expression  @typescript-eslint/no-unused-expressions
  1:144387  warning  Expected an assignment or function call and instead saw an expression  @typescript-eslint/no-unused-expressions
  1:144520  warning  Expected an assignment or function call and instead saw an expression  @typescript-eslint/no-unused-expressions
  1:144570  warning  Expected an assignment or function call and instead saw an expression  @typescript-eslint/no-unused-expressions
  1:145001  warning  Expected an assignment or function call and instead saw an expression  @typescript-eslint/no-unused-expressions
  1:145250  warning  Expected an assignment or function call and instead saw an expression  @typescript-eslint/no-unused-expressions
  1:145453  warning  Expected an assignment or function call and instead saw an expression  @typescript-eslint/no-unused-expressions
  1:145621  warning  Expected an assignment or function call and instead saw an expression  @typescript-eslint/no-unused-expressions
  1:145764  warning  Expected an assignment or function call and instead saw an expression  @typescript-eslint/no-unused-expressions
  1:145819  warning  Expected an assignment or function call and instead saw an expression  @typescript-eslint/no-unused-expressions
  1:145846  warning  Expected an assignment or function call and instead saw an expression  @typescript-eslint/no-unused-expressions
  1:145864  warning  Expected an assignment or function call and instead saw an expression  @typescript-eslint/no-unused-expressions
  1:145978  warning  Expected an assignment or function call and instead saw an expression  @typescript-eslint/no-unused-expressions
  1:146056  warning  Expected an assignment or function call and instead saw an expression  @typescript-eslint/no-unused-expressions
  1:146127  warning  Expected an assignment or function call and instead saw an expression  @typescript-eslint/no-unused-expressions
  1:146451  warning  'e' is defined but never used                                          @typescript-eslint/no-unused-vars
  1:146468  warning  Expected an assignment or function call and instead saw an expression  @typescript-eslint/no-unused-expressions
  1:146606  warning  Expected an assignment or function call and instead saw an expression  @typescript-eslint/no-unused-expressions
  1:146709  warning  Expected an assignment or function call and instead saw an expression  @typescript-eslint/no-unused-expressions
  1:146757  warning  Expected an assignment or function call and instead saw an expression  @typescript-eslint/no-unused-expressions
  1:146887  warning  Expected an assignment or function call and instead saw an expression  @typescript-eslint/no-unused-expressions
  1:147130  warning  Expected an assignment or function call and instead saw an expression  @typescript-eslint/no-unused-expressions
  1:147389  warning  'e' is defined but never used                                          @typescript-eslint/no-unused-vars
  1:147410  warning  Expected an assignment or function call and instead saw an expression  @typescript-eslint/no-unused-expressions
  1:147450  warning  Expected an assignment or function call and instead saw an expression  @typescript-eslint/no-unused-expressions
  1:147765  warning  Expected an assignment or function call and instead saw an expression  @typescript-eslint/no-unused-expressions
  1:147951  warning  Expected an assignment or function call and instead saw an expression  @typescript-eslint/no-unused-expressions
  1:147997  warning  Expected an assignment or function call and instead saw an expression  @typescript-eslint/no-unused-expressions
  1:148095  warning  Expected an assignment or function call and instead saw an expression  @typescript-eslint/no-unused-expressions
  1:148304  warning  Expected an assignment or function call and instead saw an expression  @typescript-eslint/no-unused-expressions
  1:148397  warning  Expected an assignment or function call and instead saw an expression  @typescript-eslint/no-unused-expressions
  1:148522  warning  Expected an assignment or function call and instead saw an expression  @typescript-eslint/no-unused-expressions
  1:148650  warning  Expected an assignment or function call and instead saw an expression  @typescript-eslint/no-unused-expressions
  1:148738  warning  Expected an assignment or function call and instead saw an expression  @typescript-eslint/no-unused-expressions
  1:148825  warning  Expected an assignment or function call and instead saw an expression  @typescript-eslint/no-unused-expressions
  1:149089  warning  Expected an assignment or function call and instead saw an expression  @typescript-eslint/no-unused-expressions
  1:149116  warning  Expected an assignment or function call and instead saw an expression  @typescript-eslint/no-unused-expressions
  1:149302  warning  Expected an assignment or function call and instead saw an expression  @typescript-eslint/no-unused-expressions
  1:149448  warning  Expected an assignment or function call and instead saw an expression  @typescript-eslint/no-unused-expressions
  1:149545  warning  Expected an assignment or function call and instead saw an expression  @typescript-eslint/no-unused-expressions
  1:149728  warning  Expected an assignment or function call and instead saw an expression  @typescript-eslint/no-unused-expressions
  1:151048  warning  Expected an assignment or function call and instead saw an expression  @typescript-eslint/no-unused-expressions
  1:151319  warning  Expected an assignment or function call and instead saw an expression  @typescript-eslint/no-unused-expressions
  1:152916  warning  Expected an assignment or function call and instead saw an expression  @typescript-eslint/no-unused-expressions
  1:152962  warning  Expected an assignment or function call and instead saw an expression  @typescript-eslint/no-unused-expressions
  1:153110  warning  Expected an assignment or function call and instead saw an expression  @typescript-eslint/no-unused-expressions
  1:153156  warning  Expected an assignment or function call and instead saw an expression  @typescript-eslint/no-unused-expressions
  1:153213  warning  Expected an assignment or function call and instead saw an expression  @typescript-eslint/no-unused-expressions
  1:153262  warning  Expected an assignment or function call and instead saw an expression  @typescript-eslint/no-unused-expressions
  1:153323  warning  Expected an assignment or function call and instead saw an expression  @typescript-eslint/no-unused-expressions
  1:153432  warning  Expected an assignment or function call and instead saw an expression  @typescript-eslint/no-unused-expressions
  1:153464  warning  Expected an assignment or function call and instead saw an expression  @typescript-eslint/no-unused-expressions
  1:153563  warning  Expected an assignment or function call and instead saw an expression  @typescript-eslint/no-unused-expressions
  1:153707  warning  Expected an assignment or function call and instead saw an expression  @typescript-eslint/no-unused-expressions
  1:154548  warning  Expected an assignment or function call and instead saw an expression  @typescript-eslint/no-unused-expressions
  1:154584  warning  Expected an assignment or function call and instead saw an expression  @typescript-eslint/no-unused-expressions
  1:155658  warning  Expected an assignment or function call and instead saw an expression  @typescript-eslint/no-unused-expressions
  1:155738  warning  Expected an assignment or function call and instead saw an expression  @typescript-eslint/no-unused-expressions
  1:156668  warning  Expected an assignment or function call and instead saw an expression  @typescript-eslint/no-unused-expressions
  1:156823  warning  Expected an assignment or function call and instead saw an expression  @typescript-eslint/no-unused-expressions
  1:156876  warning  Expected an assignment or function call and instead saw an expression  @typescript-eslint/no-unused-expressions
  1:157048  warning  Expected an assignment or function call and instead saw an expression  @typescript-eslint/no-unused-expressions
  1:157337  warning  Expected an assignment or function call and instead saw an expression  @typescript-eslint/no-unused-expressions
  1:157429  warning  Expected an assignment or function call and instead saw an expression  @typescript-eslint/no-unused-expressions
  1:158490  warning  Expected an assignment or function call and instead saw an expression  @typescript-eslint/no-unused-expressions
  1:158804  warning  Expected an assignment or function call and instead saw an expression  @typescript-eslint/no-unused-expressions
  1:159494  warning  Expected an assignment or function call and instead saw an expression  @typescript-eslint/no-unused-expressions
  1:159626  warning  Expected an assignment or function call and instead saw an expression  @typescript-eslint/no-unused-expressions
  1:159901  warning  Expected an assignment or function call and instead saw an expression  @typescript-eslint/no-unused-expressions
  1:159999  warning  Expected an assignment or function call and instead saw an expression  @typescript-eslint/no-unused-expressions
  1:160414  warning  Expected an assignment or function call and instead saw an expression  @typescript-eslint/no-unused-expressions
  1:161199  warning  Expected an assignment or function call and instead saw an expression  @typescript-eslint/no-unused-expressions
  1:161247  warning  Expected an assignment or function call and instead saw an expression  @typescript-eslint/no-unused-expressions
  1:161293  warning  Expected an assignment or function call and instead saw an expression  @typescript-eslint/no-unused-expressions
  1:161342  warning  Expected an assignment or function call and instead saw an expression  @typescript-eslint/no-unused-expressions
  1:161538  warning  Expected an assignment or function call and instead saw an expression  @typescript-eslint/no-unused-expressions
  1:162023  warning  Expected an assignment or function call and instead saw an expression  @typescript-eslint/no-unused-expressions
  1:162254  warning  Expected an assignment or function call and instead saw an expression  @typescript-eslint/no-unused-expressions
  1:162742  warning  Expected an assignment or function call and instead saw an expression  @typescript-eslint/no-unused-expressions
  1:162863  warning  Expected an assignment or function call and instead saw an expression  @typescript-eslint/no-unused-expressions
  1:163040  warning  Expected an assignment or function call and instead saw an expression  @typescript-eslint/no-unused-expressions
  1:163180  warning  Expected an assignment or function call and instead saw an expression  @typescript-eslint/no-unused-expressions
  1:163301  warning  Expected an assignment or function call and instead saw an expression  @typescript-eslint/no-unused-expressions
  1:164460  warning  Expected an assignment or function call and instead saw an expression  @typescript-eslint/no-unused-expressions
  1:164645  warning  Expected an assignment or function call and instead saw an expression  @typescript-eslint/no-unused-expressions
  1:164694  warning  Expected an assignment or function call and instead saw an expression  @typescript-eslint/no-unused-expressions
  1:164742  warning  Expected an assignment or function call and instead saw an expression  @typescript-eslint/no-unused-expressions
  1:165136  warning  Expected an assignment or function call and instead saw an expression  @typescript-eslint/no-unused-expressions
  1:165261  warning  Expected an assignment or function call and instead saw an expression  @typescript-eslint/no-unused-expressions
  1:165452  warning  Expected an assignment or function call and instead saw an expression  @typescript-eslint/no-unused-expressions
  1:165702  warning  Expected an assignment or function call and instead saw an expression  @typescript-eslint/no-unused-expressions
  1:166386  warning  Expected an assignment or function call and instead saw an expression  @typescript-eslint/no-unused-expressions
  1:166777  warning  Expected an assignment or function call and instead saw an expression  @typescript-eslint/no-unused-expressions
  1:166925  warning  Expected an assignment or function call and instead saw an expression  @typescript-eslint/no-unused-expressions
  1:167119  warning  Expected an assignment or function call and instead saw an expression  @typescript-eslint/no-unused-expressions
  1:167223  warning  Expected an assignment or function call and instead saw an expression  @typescript-eslint/no-unused-expressions
  1:167563  warning  Expected an assignment or function call and instead saw an expression  @typescript-eslint/no-unused-expressions
  1:167643  warning  Expected an assignment or function call and instead saw an expression  @typescript-eslint/no-unused-expressions
  1:168935  warning  Expected an assignment or function call and instead saw an expression  @typescript-eslint/no-unused-expressions
  1:169190  warning  Expected an assignment or function call and instead saw an expression  @typescript-eslint/no-unused-expressions
  1:169298  warning  Expected an assignment or function call and instead saw an expression  @typescript-eslint/no-unused-expressions
  1:169744  warning  Expected an assignment or function call and instead saw an expression  @typescript-eslint/no-unused-expressions
  1:170079  warning  Expected an assignment or function call and instead saw an expression  @typescript-eslint/no-unused-expressions
  1:170106  warning  Expected an assignment or function call and instead saw an expression  @typescript-eslint/no-unused-expressions
  1:170424  warning  Expected an assignment or function call and instead saw an expression  @typescript-eslint/no-unused-expressions
  1:171615  warning  Expected an assignment or function call and instead saw an expression  @typescript-eslint/no-unused-expressions
  1:171697  warning  Expected an assignment or function call and instead saw an expression  @typescript-eslint/no-unused-expressions
  1:171924  warning  Expected an assignment or function call and instead saw an expression  @typescript-eslint/no-unused-expressions
  1:172507  warning  Expected an assignment or function call and instead saw an expression  @typescript-eslint/no-unused-expressions
  1:173003  warning  Expected an assignment or function call and instead saw an expression  @typescript-eslint/no-unused-expressions
  1:173067  warning  Expected an assignment or function call and instead saw an expression  @typescript-eslint/no-unused-expressions
  1:173171  warning  Expected an assignment or function call and instead saw an expression  @typescript-eslint/no-unused-expressions
  1:173385  warning  Expected an assignment or function call and instead saw an expression  @typescript-eslint/no-unused-expressions
  1:173631  warning  Expected an assignment or function call and instead saw an expression  @typescript-eslint/no-unused-expressions
  1:173865  warning  Expected an assignment or function call and instead saw an expression  @typescript-eslint/no-unused-expressions
  1:174512  warning  Expected an assignment or function call and instead saw an expression  @typescript-eslint/no-unused-expressions
  1:174804  warning  Expected an assignment or function call and instead saw an expression  @typescript-eslint/no-unused-expressions
  1:175012  warning  Expected an assignment or function call and instead saw an expression  @typescript-eslint/no-unused-expressions
  1:175094  warning  Expected an assignment or function call and instead saw an expression  @typescript-eslint/no-unused-expressions
  1:175305  warning  Expected an assignment or function call and instead saw an expression  @typescript-eslint/no-unused-expressions
  1:175810  warning  Expected an assignment or function call and instead saw an expression  @typescript-eslint/no-unused-expressions
  1:176259  warning  Expected an assignment or function call and instead saw an expression  @typescript-eslint/no-unused-expressions
  1:176375  warning  Expected an assignment or function call and instead saw an expression  @typescript-eslint/no-unused-expressions
  1:176562  warning  Expected an assignment or function call and instead saw an expression  @typescript-eslint/no-unused-expressions
  1:177499  warning  Expected an assignment or function call and instead saw an expression  @typescript-eslint/no-unused-expressions
  1:177709  warning  Expected an assignment or function call and instead saw an expression  @typescript-eslint/no-unused-expressions
  1:179742  warning  Expected an assignment or function call and instead saw an expression  @typescript-eslint/no-unused-expressions
  1:179867  warning  Expected an assignment or function call and instead saw an expression  @typescript-eslint/no-unused-expressions
  1:180087  warning  Expected an assignment or function call and instead saw an expression  @typescript-eslint/no-unused-expressions
  1:180327  warning  Expected an assignment or function call and instead saw an expression  @typescript-eslint/no-unused-expressions
  1:180671  warning  Expected an assignment or function call and instead saw an expression  @typescript-eslint/no-unused-expressions
  1:180721  warning  Expected an assignment or function call and instead saw an expression  @typescript-eslint/no-unused-expressions
  1:181166  warning  Expected an assignment or function call and instead saw an expression  @typescript-eslint/no-unused-expressions
  1:181232  warning  Expected an assignment or function call and instead saw an expression  @typescript-eslint/no-unused-expressions
  1:181283  warning  Expected an assignment or function call and instead saw an expression  @typescript-eslint/no-unused-expressions
  1:181402  warning  Expected an assignment or function call and instead saw an expression  @typescript-eslint/no-unused-expressions
  1:181879  warning  Expected an assignment or function call and instead saw an expression  @typescript-eslint/no-unused-expressions
  1:182497  warning  Expected an assignment or function call and instead saw an expression  @typescript-eslint/no-unused-expressions
  1:182654  warning  Expected an assignment or function call and instead saw an expression  @typescript-eslint/no-unused-expressions
  1:183060  warning  Expected an assignment or function call and instead saw an expression  @typescript-eslint/no-unused-expressions
  1:183169  warning  Expected an assignment or function call and instead saw an expression  @typescript-eslint/no-unused-expressions
  1:183221  warning  Expected an assignment or function call and instead saw an expression  @typescript-eslint/no-unused-expressions
  1:183375  warning  Expected an assignment or function call and instead saw an expression  @typescript-eslint/no-unused-expressions
  1:183523  warning  Expected an assignment or function call and instead saw an expression  @typescript-eslint/no-unused-expressions
  1:183855  warning  Expected an assignment or function call and instead saw an expression  @typescript-eslint/no-unused-expressions
  1:185086  warning  Expected an assignment or function call and instead saw an expression  @typescript-eslint/no-unused-expressions
  1:185199  warning  Expected an assignment or function call and instead saw an expression  @typescript-eslint/no-unused-expressions
  1:186468  warning  Expected an assignment or function call and instead saw an expression  @typescript-eslint/no-unused-expressions
  1:186594  warning  Expected an assignment or function call and instead saw an expression  @typescript-eslint/no-unused-expressions
  1:187321  warning  Expected an assignment or function call and instead saw an expression  @typescript-eslint/no-unused-expressions
  1:187440  warning  Expected an assignment or function call and instead saw an expression  @typescript-eslint/no-unused-expressions
  1:187601  warning  Expected an assignment or function call and instead saw an expression  @typescript-eslint/no-unused-expressions
  1:187844  warning  Expected an assignment or function call and instead saw an expression  @typescript-eslint/no-unused-expressions
  1:188150  warning  Expected an assignment or function call and instead saw an expression  @typescript-eslint/no-unused-expressions
  1:188586  warning  Expected an assignment or function call and instead saw an expression  @typescript-eslint/no-unused-expressions
  1:188877  warning  Expected an assignment or function call and instead saw an expression  @typescript-eslint/no-unused-expressions
  1:188914  warning  Expected an assignment or function call and instead saw an expression  @typescript-eslint/no-unused-expressions
  1:188950  warning  Expected an assignment or function call and instead saw an expression  @typescript-eslint/no-unused-expressions
  1:189004  warning  Expected an assignment or function call and instead saw an expression  @typescript-eslint/no-unused-expressions
  1:189187  warning  Expected an assignment or function call and instead saw an expression  @typescript-eslint/no-unused-expressions
  1:189317  warning  Expected an assignment or function call and instead saw an expression  @typescript-eslint/no-unused-expressions
  1:189413  warning  Expected an assignment or function call and instead saw an expression  @typescript-eslint/no-unused-expressions
  1:189430  warning  Expected an assignment or function call and instead saw an expression  @typescript-eslint/no-unused-expressions
  1:189862  warning  Expected an assignment or function call and instead saw an expression  @typescript-eslint/no-unused-expressions
  1:190822  warning  Expected an assignment or function call and instead saw an expression  @typescript-eslint/no-unused-expressions
  1:191131  warning  Expected an assignment or function call and instead saw an expression  @typescript-eslint/no-unused-expressions
  1:191228  warning  Expected an assignment or function call and instead saw an expression  @typescript-eslint/no-unused-expressions
  1:191342  warning  Expected an assignment or function call and instead saw an expression  @typescript-eslint/no-unused-expressions
  1:191435  warning  Expected an assignment or function call and instead saw an expression  @typescript-eslint/no-unused-expressions
  1:191461  warning  Expected an assignment or function call and instead saw an expression  @typescript-eslint/no-unused-expressions
  1:191528  warning  Expected an assignment or function call and instead saw an expression  @typescript-eslint/no-unused-expressions
  1:191554  warning  Expected an assignment or function call and instead saw an expression  @typescript-eslint/no-unused-expressions
  1:191619  warning  Expected an assignment or function call and instead saw an expression  @typescript-eslint/no-unused-expressions
  1:192293  warning  Expected an assignment or function call and instead saw an expression  @typescript-eslint/no-unused-expressions
  1:192321  warning  Expected an assignment or function call and instead saw an expression  @typescript-eslint/no-unused-expressions
  1:192384  warning  Expected an assignment or function call and instead saw an expression  @typescript-eslint/no-unused-expressions
  1:192479  warning  Expected an assignment or function call and instead saw an expression  @typescript-eslint/no-unused-expressions
  1:192891  warning  Expected an assignment or function call and instead saw an expression  @typescript-eslint/no-unused-expressions
  1:195233  warning  Expected an assignment or function call and instead saw an expression  @typescript-eslint/no-unused-expressions
  1:195324  warning  Expected an assignment or function call and instead saw an expression  @typescript-eslint/no-unused-expressions
  1:195742  warning  Expected an assignment or function call and instead saw an expression  @typescript-eslint/no-unused-expressions
  1:195819  warning  Expected an assignment or function call and instead saw an expression  @typescript-eslint/no-unused-expressions
  1:195852  warning  Expected an assignment or function call and instead saw an expression  @typescript-eslint/no-unused-expressions
  1:195992  warning  Expected an assignment or function call and instead saw an expression  @typescript-eslint/no-unused-expressions
  1:196125  warning  Expected an assignment or function call and instead saw an expression  @typescript-eslint/no-unused-expressions
  1:196204  warning  Expected an assignment or function call and instead saw an expression  @typescript-eslint/no-unused-expressions
  1:196355  warning  Expected an assignment or function call and instead saw an expression  @typescript-eslint/no-unused-expressions
  1:196489  warning  Expected an assignment or function call and instead saw an expression  @typescript-eslint/no-unused-expressions
  1:196618  warning  Expected an assignment or function call and instead saw an expression  @typescript-eslint/no-unused-expressions
  1:196700  warning  Expected an assignment or function call and instead saw an expression  @typescript-eslint/no-unused-expressions
  1:196872  warning  Expected an assignment or function call and instead saw an expression  @typescript-eslint/no-unused-expressions
  1:197021  warning  Expected an assignment or function call and instead saw an expression  @typescript-eslint/no-unused-expressions
  1:197108  warning  Expected an assignment or function call and instead saw an expression  @typescript-eslint/no-unused-expressions
  1:197281  warning  Expected an assignment or function call and instead saw an expression  @typescript-eslint/no-unused-expressions
  1:197398  warning  Expected an assignment or function call and instead saw an expression  @typescript-eslint/no-unused-expressions
  1:197727  warning  Expected an assignment or function call and instead saw an expression  @typescript-eslint/no-unused-expressions
  1:197976  warning  Expected an assignment or function call and instead saw an expression  @typescript-eslint/no-unused-expressions
  1:198256  warning  Expected an assignment or function call and instead saw an expression  @typescript-eslint/no-unused-expressions
  1:198469  warning  Expected an assignment or function call and instead saw an expression  @typescript-eslint/no-unused-expressions
  1:199173  warning  Expected an assignment or function call and instead saw an expression  @typescript-eslint/no-unused-expressions
  1:199223  warning  Expected an assignment or function call and instead saw an expression  @typescript-eslint/no-unused-expressions
  1:199252  warning  Expected an assignment or function call and instead saw an expression  @typescript-eslint/no-unused-expressions
  1:199318  warning  Expected an assignment or function call and instead saw an expression  @typescript-eslint/no-unused-expressions
  1:199347  warning  Expected an assignment or function call and instead saw an expression  @typescript-eslint/no-unused-expressions
  1:199810  warning  Expected an assignment or function call and instead saw an expression  @typescript-eslint/no-unused-expressions
  1:200000  warning  'e' is defined but never used                                          @typescript-eslint/no-unused-vars
  1:200005  warning  Expected an assignment or function call and instead saw an expression  @typescript-eslint/no-unused-expressions
  1:200869  warning  'r' is assigned a value but never used                                 @typescript-eslint/no-unused-vars

/Users/pranshudhiman/Desktop/vk and company/artifacts/motion-stage-9/before-site/out/_next/static/chunks/0f3c8638.4428ee4a2edca8e1.js
    1:184     warning  Expected an assignment or function call and instead saw an expression  @typescript-eslint/no-unused-expressions
    1:244     warning  Expected an assignment or function call and instead saw an expression  @typescript-eslint/no-unused-expressions
    1:315     warning  Expected an assignment or function call and instead saw an expression  @typescript-eslint/no-unused-expressions
    1:544     warning  Expected an assignment or function call and instead saw an expression  @typescript-eslint/no-unused-expressions
    1:602     warning  Expected an assignment or function call and instead saw an expression  @typescript-eslint/no-unused-expressions
    1:750     warning  Expected an assignment or function call and instead saw an expression  @typescript-eslint/no-unused-expressions
    1:1920    warning  Expected an assignment or function call and instead saw an expression  @typescript-eslint/no-unused-expressions
    1:2115    warning  Expected an assignment or function call and instead saw an expression  @typescript-eslint/no-unused-expressions
    1:153193  warning  Expected an assignment or function call and instead saw an expression  @typescript-eslint/no-unused-expressions
    1:153332  warning  Expected an assignment or function call and instead saw an expression  @typescript-eslint/no-unused-expressions
    1:153457  warning  Expected an assignment or function call and instead saw an expression  @typescript-eslint/no-unused-expressions
    1:153538  warning  Expected an assignment or function call and instead saw an expression  @typescript-eslint/no-unused-expressions
    1:153852  warning  Expected an assignment or function call and instead saw an expression  @typescript-eslint/no-unused-expressions
    1:155999  warning  Expected an assignment or function call and instead saw an expression  @typescript-eslint/no-unused-expressions
    1:156353  warning  Expected an assignment or function call and instead saw an expression  @typescript-eslint/no-unused-expressions
    1:156688  warning  Expected an assignment or function call and instead saw an expression  @typescript-eslint/no-unused-expressions
    1:156877  warning  Expected an assignment or function call and instead saw an expression  @typescript-eslint/no-unused-expressions
    1:156955  warning  Expected an assignment or function call and instead saw an expression  @typescript-eslint/no-unused-expressions
    1:157044  warning  Expected an assignment or function call and instead saw an expression  @typescript-eslint/no-unused-expressions
    1:157089  warning  Expected an assignment or function call and instead saw an expression  @typescript-eslint/no-unused-expressions
    1:157359  warning  Expected an assignment or function call and instead saw an expression  @typescript-eslint/no-unused-expressions
    1:157877  warning  Expected an assignment or function call and instead saw an expression  @typescript-eslint/no-unused-expressions
    1:158019  warning  Expected an assignment or function call and instead saw an expression  @typescript-eslint/no-unused-expressions
    1:158071  warning  Expected an assignment or function call and instead saw an expression  @typescript-eslint/no-unused-expressions
    1:158809  warning  Expected an assignment or function call and instead saw an expression  @typescript-eslint/no-unused-expressions
    1:159204  warning  Expected an assignment or function call and instead saw an expression  @typescript-eslint/no-unused-expressions
    1:159929  warning  Expected an assignment or function call and instead saw an expression  @typescript-eslint/no-unused-expressions
    1:160101  warning  Expected an assignment or function call and instead saw an expression  @typescript-eslint/no-unused-expressions
    1:160276  warning  Expected an assignment or function call and instead saw an expression  @typescript-eslint/no-unused-expressions
    1:160424  warning  Expected an assignment or function call and instead saw an expression  @typescript-eslint/no-unused-expressions
    1:160480  warning  Expected an assignment or function call and instead saw an expression  @typescript-eslint/no-unused-expressions
    1:160536  warning  Expected an assignment or function call and instead saw an expression  @typescript-eslint/no-unused-expressions
    1:162857  error    Unexpected aliasing of 'this' to local variable                        @typescript-eslint/no-this-alias
    1:163068  warning  Expected an assignment or function call and instead saw an expression  @typescript-eslint/no-unused-expressions
    1:163168  warning  Expected an assignment or function call and instead saw an expression  @typescript-eslint/no-unused-expressions
    1:163239  warning  Expected an assignment or function call and instead saw an expression  @typescript-eslint/no-unused-expressions
    1:163309  warning  Expected an assignment or function call and instead saw an expression  @typescript-eslint/no-unused-expressions
    1:163474  warning  Expected an assignment or function call and instead saw an expression  @typescript-eslint/no-unused-expressions
    1:163749  warning  Expected an assignment or function call and instead saw an expression  @typescript-eslint/no-unused-expressions
    1:163804  warning  Expected an assignment or function call and instead saw an expression  @typescript-eslint/no-unused-expressions
    1:163885  warning  Expected an assignment or function call and instead saw an expression  @typescript-eslint/no-unused-expressions
    1:164166  warning  Expected an assignment or function call and instead saw an expression  @typescript-eslint/no-unused-expressions
    1:164684  warning  Expected an assignment or function call and instead saw an expression  @typescript-eslint/no-unused-expressions
    1:165009  warning  Expected an assignment or function call and instead saw an expression  @typescript-eslint/no-unused-expressions
    1:165479  warning  Expected an assignment or function call and instead saw an expression  @typescript-eslint/no-unused-expressions
    1:165613  warning  Expected an assignment or function call and instead saw an expression  @typescript-eslint/no-unused-expressions
    1:165729  warning  Expected an assignment or function call and instead saw an expression  @typescript-eslint/no-unused-expressions
    1:165991  warning  Expected an assignment or function call and instead saw an expression  @typescript-eslint/no-unused-expressions
    1:166080  warning  Expected an assignment or function call and instead saw an expression  @typescript-eslint/no-unused-expressions
    1:166353  warning  Expected an assignment or function call and instead saw an expression  @typescript-eslint/no-unused-expressions
    1:166480  warning  Expected an assignment or function call and instead saw an expression  @typescript-eslint/no-unused-expressions
    1:167237  warning  Expected an assignment or function call and instead saw an expression  @typescript-eslint/no-unused-expressions
    1:167344  warning  Expected an assignment or function call and instead saw an expression  @typescript-eslint/no-unused-expressions
    1:167530  warning  Expected an assignment or function call and instead saw an expression  @typescript-eslint/no-unused-expressions
    1:167801  warning  Expected an assignment or function call and instead saw an expression  @typescript-eslint/no-unused-expressions
    1:167878  warning  Expected an assignment or function call and instead saw an expression  @typescript-eslint/no-unused-expressions
  169:271     warning  Expected an assignment or function call and instead saw an expression  @typescript-eslint/no-unused-expressions
  169:629     warning  Expected an assignment or function call and instead saw an expression  @typescript-eslint/no-unused-expressions
  169:737     warning  Expected an assignment or function call and instead saw an expression  @typescript-eslint/no-unused-expressions
  169:998     warning  Expected an assignment or function call and instead saw an expression  @typescript-eslint/no-unused-expressions
  169:1071    warning  Expected an assignment or function call and instead saw an expression  @typescript-eslint/no-unused-expressions
  169:1198    warning  Expected an assignment or function call and instead saw an expression  @typescript-eslint/no-unused-expressions
  169:1476    warning  Expected an assignment or function call and instead saw an expression  @typescript-eslint/no-unused-expressions
  169:1536    warning  Expected an assignment or function call and instead saw an expression  @typescript-eslint/no-unused-expressions
  169:2055    warning  Expected an assignment or function call and instead saw an expression  @typescript-eslint/no-unused-expressions
  169:2348    warning  Expected an assignment or function call and instead saw an expression  @typescript-eslint/no-unused-expressions
  169:2500    warning  Expected an assignment or function call and instead saw an expression  @typescript-eslint/no-unused-expressions
  169:2770    warning  Expected an assignment or function call and instead saw an expression  @typescript-eslint/no-unused-expressions
  169:2960    warning  Expected an assignment or function call and instead saw an expression  @typescript-eslint/no-unused-expressions
  169:3034    warning  Expected an assignment or function call and instead saw an expression  @typescript-eslint/no-unused-expressions
  169:3177    warning  Expected an assignment or function call and instead saw an expression  @typescript-eslint/no-unused-expressions
  169:3260    warning  Expected an assignment or function call and instead saw an expression  @typescript-eslint/no-unused-expressions
  169:3473    warning  Expected an assignment or function call and instead saw an expression  @typescript-eslint/no-unused-expressions
  259:122     warning  Expected an assignment or function call and instead saw an expression  @typescript-eslint/no-unused-expressions
  259:629     warning  Expected an assignment or function call and instead saw an expression  @typescript-eslint/no-unused-expressions
  259:863     warning  Expected an assignment or function call and instead saw an expression  @typescript-eslint/no-unused-expressions
  259:1075    warning  Expected an assignment or function call and instead saw an expression  @typescript-eslint/no-unused-expressions
  259:1538    warning  Expected an assignment or function call and instead saw an expression  @typescript-eslint/no-unused-expressions
  259:1603    warning  Expected an assignment or function call and instead saw an expression  @typescript-eslint/no-unused-expressions
  259:2129    warning  Expected an assignment or function call and instead saw an expression  @typescript-eslint/no-unused-expressions
  259:2423    warning  Expected an assignment or function call and instead saw an expression  @typescript-eslint/no-unused-expressions
  259:2533    warning  Expected an assignment or function call and instead saw an expression  @typescript-eslint/no-unused-expressions
  259:2595    warning  Expected an assignment or function call and instead saw an expression  @typescript-eslint/no-unused-expressions
  259:2651    warning  Expected an assignment or function call and instead saw an expression  @typescript-eslint/no-unused-expressions
  259:2707    warning  Expected an assignment or function call and instead saw an expression  @typescript-eslint/no-unused-expressions
  259:3375    warning  Expected an assignment or function call and instead saw an expression  @typescript-eslint/no-unused-expressions
  259:3958    warning  Expected an assignment or function call and instead saw an expression  @typescript-eslint/no-unused-expressions
  259:4201    warning  Expected an assignment or function call and instead saw an expression  @typescript-eslint/no-unused-expressions
  259:4283    warning  Expected an assignment or function call and instead saw an expression  @typescript-eslint/no-unused-expressions
  259:4409    warning  Expected an assignment or function call and instead saw an expression  @typescript-eslint/no-unused-expressions
  259:4542    warning  Expected an assignment or function call and instead saw an expression  @typescript-eslint/no-unused-expressions
  259:4825    warning  Expected an assignment or function call and instead saw an expression  @typescript-eslint/no-unused-expressions
  259:4920    warning  Expected an assignment or function call and instead saw an expression  @typescript-eslint/no-unused-expressions
  259:5173    warning  Expected an assignment or function call and instead saw an expression  @typescript-eslint/no-unused-expressions
  259:5284    warning  Expected an assignment or function call and instead saw an expression  @typescript-eslint/no-unused-expressions
  259:5476    warning  Expected an assignment or function call and instead saw an expression  @typescript-eslint/no-unused-expressions
  259:5962    warning  Expected an assignment or function call and instead saw an expression  @typescript-eslint/no-unused-expressions
  259:6425    warning  Expected an assignment or function call and instead saw an expression  @typescript-eslint/no-unused-expressions
  305:116     warning  Expected an assignment or function call and instead saw an expression  @typescript-eslint/no-unused-expressions
  305:143     warning  Expected an assignment or function call and instead saw an expression  @typescript-eslint/no-unused-expressions
  305:212     warning  Expected an assignment or function call and instead saw an expression  @typescript-eslint/no-unused-expressions
  305:373     warning  Expected an assignment or function call and instead saw an expression  @typescript-eslint/no-unused-expressions
  305:519     warning  Expected an assignment or function call and instead saw an expression  @typescript-eslint/no-unused-expressions
  305:704     warning  Expected an assignment or function call and instead saw an expression  @typescript-eslint/no-unused-expressions
  305:841     warning  Expected an assignment or function call and instead saw an expression  @typescript-eslint/no-unused-expressions
  305:896     warning  Expected an assignment or function call and instead saw an expression  @typescript-eslint/no-unused-expressions
  305:1016    warning  Expected an assignment or function call and instead saw an expression  @typescript-eslint/no-unused-expressions
  305:1054    warning  Expected an assignment or function call and instead saw an expression  @typescript-eslint/no-unused-expressions
  305:1202    warning  Expected an assignment or function call and instead saw an expression  @typescript-eslint/no-unused-expressions
  305:1559    warning  Expected an assignment or function call and instead saw an expression  @typescript-eslint/no-unused-expressions
  305:1788    warning  Expected an assignment or function call and instead saw an expression  @typescript-eslint/no-unused-expressions
  305:1923    warning  Expected an assignment or function call and instead saw an expression  @typescript-eslint/no-unused-expressions
  305:2017    warning  Expected an assignment or function call and instead saw an expression  @typescript-eslint/no-unused-expressions
  305:2116    warning  Expected an assignment or function call and instead saw an expression  @typescript-eslint/no-unused-expressions
  305:2200    warning  Expected an assignment or function call and instead saw an expression  @typescript-eslint/no-unused-expressions
  305:2323    warning  Expected an assignment or function call and instead saw an expression  @typescript-eslint/no-unused-expressions
  305:2447    warning  Expected an assignment or function call and instead saw an expression  @typescript-eslint/no-unused-expressions
  305:2531    warning  Expected an assignment or function call and instead saw an expression  @typescript-eslint/no-unused-expressions
  305:2680    warning  Expected an assignment or function call and instead saw an expression  @typescript-eslint/no-unused-expressions
  305:2793    warning  Expected an assignment or function call and instead saw an expression  @typescript-eslint/no-unused-expressions
  305:2857    warning  Expected an assignment or function call and instead saw an expression  @typescript-eslint/no-unused-expressions
  305:2988    warning  Expected an assignment or function call and instead saw an expression  @typescript-eslint/no-unused-expressions
  305:3052    warning  Expected an assignment or function call and instead saw an expression  @typescript-eslint/no-unused-expressions
  305:3183    warning  Expected an assignment or function call and instead saw an expression  @typescript-eslint/no-unused-expressions
  305:3247    warning  Expected an assignment or function call and instead saw an expression  @typescript-eslint/no-unused-expressions
  305:3333    warning  Expected an assignment or function call and instead saw an expression  @typescript-eslint/no-unused-expressions
  305:3427    warning  Expected an assignment or function call and instead saw an expression  @typescript-eslint/no-unused-expressions
  305:3526    warning  Expected an assignment or function call and instead saw an expression  @typescript-eslint/no-unused-expressions
  305:3610    warning  Expected an assignment or function call and instead saw an expression  @typescript-eslint/no-unused-expressions
  305:3734    warning  Expected an assignment or function call and instead saw an expression  @typescript-eslint/no-unused-expressions
  305:3818    warning  Expected an assignment or function call and instead saw an expression  @typescript-eslint/no-unused-expressions
  305:3967    warning  Expected an assignment or function call and instead saw an expression  @typescript-eslint/no-unused-expressions
  305:4035    warning  Expected an assignment or function call and instead saw an expression  @typescript-eslint/no-unused-expressions
  305:4130    warning  Expected an assignment or function call and instead saw an expression  @typescript-eslint/no-unused-expressions
  305:4230    warning  Expected an assignment or function call and instead saw an expression  @typescript-eslint/no-unused-expressions
  305:4315    warning  Expected an assignment or function call and instead saw an expression  @typescript-eslint/no-unused-expressions
  305:4440    warning  Expected an assignment or function call and instead saw an expression  @typescript-eslint/no-unused-expressions
  305:4525    warning  Expected an assignment or function call and instead saw an expression  @typescript-eslint/no-unused-expressions
  305:4675    warning  Expected an assignment or function call and instead saw an expression  @typescript-eslint/no-unused-expressions
  305:4774    warning  Expected an assignment or function call and instead saw an expression  @typescript-eslint/no-unused-expressions
  305:5001    warning  Expected an assignment or function call and instead saw an expression  @typescript-eslint/no-unused-expressions
  305:5130    warning  Expected an assignment or function call and instead saw an expression  @typescript-eslint/no-unused-expressions
  305:5261    warning  Expected an assignment or function call and instead saw an expression  @typescript-eslint/no-unused-expressions
  305:6207    warning  Expected an assignment or function call and instead saw an expression  @typescript-eslint/no-unused-expressions
  305:6396    warning  Expected an assignment or function call and instead saw an expression  @typescript-eslint/no-unused-expressions
  305:6547    warning  Expected an assignment or function call and instead saw an expression  @typescript-eslint/no-unused-expressions
  305:6700    warning  Expected an assignment or function call and instead saw an expression  @typescript-eslint/no-unused-expressions
  305:6827    warning  Expected an assignment or function call and instead saw an expression  @typescript-eslint/no-unused-expressions
  305:7527    warning  Expected an assignment or function call and instead saw an expression  @typescript-eslint/no-unused-expressions
  305:8240    warning  Expected an assignment or function call and instead saw an expression  @typescript-eslint/no-unused-expressions
  305:8422    warning  Expected an assignment or function call and instead saw an expression  @typescript-eslint/no-unused-expressions
  305:8476    warning  Expected an assignment or function call and instead saw an expression  @typescript-eslint/no-unused-expressions
  305:8637    warning  Expected an assignment or function call and instead saw an expression  @typescript-eslint/no-unused-expressions
  305:8869    warning  Expected an assignment or function call and instead saw an expression  @typescript-eslint/no-unused-expressions
  305:8956    warning  Expected an assignment or function call and instead saw an expression  @typescript-eslint/no-unused-expressions
  305:9073    warning  Expected an assignment or function call and instead saw an expression  @typescript-eslint/no-unused-expressions
  305:9144    warning  Expected an assignment or function call and instead saw an expression  @typescript-eslint/no-unused-expressions
  305:9204    warning  Expected an assignment or function call and instead saw an expression  @typescript-eslint/no-unused-expressions
  305:9315    warning  Expected an assignment or function call and instead saw an expression  @typescript-eslint/no-unused-expressions
  305:9439    warning  Expected an assignment or function call and instead saw an expression  @typescript-eslint/no-unused-expressions
  305:11175   warning  Expected an assignment or function call and instead saw an expression  @typescript-eslint/no-unused-expressions
  322:1244    warning  Expected an assignment or function call and instead saw an expression  @typescript-eslint/no-unused-expressions
  322:1398    warning  Expected an assignment or function call and instead saw an expression  @typescript-eslint/no-unused-expressions
  322:1661    warning  Expected an assignment or function call and instead saw an expression  @typescript-eslint/no-unused-expressions
  327:94      warning  Expected an assignment or function call and instead saw an expression  @typescript-eslint/no-unused-expressions
  327:1510    warning  Expected an assignment or function call and instead saw an expression  @typescript-eslint/no-unused-expressions
  327:1589    warning  Expected an assignment or function call and instead saw an expression  @typescript-eslint/no-unused-expressions
  327:1696    warning  Expected an assignment or function call and instead saw an expression  @typescript-eslint/no-unused-expressions
  327:1881    warning  Expected an assignment or function call and instead saw an expression  @typescript-eslint/no-unused-expressions
  327:2051    warning  Expected an assignment or function call and instead saw an expression  @typescript-eslint/no-unused-expressions
  327:2522    warning  Expected an assignment or function call and instead saw an expression  @typescript-eslint/no-unused-expressions
  327:2779    warning  Expected an assignment or function call and instead saw an expression  @typescript-eslint/no-unused-expressions
  327:3110    warning  Expected an assignment or function call and instead saw an expression  @typescript-eslint/no-unused-expressions
  327:3364    warning  Expected an assignment or function call and instead saw an expression  @typescript-eslint/no-unused-expressions
  327:3650    warning  Expected an assignment or function call and instead saw an expression  @typescript-eslint/no-unused-expressions
  327:4500    warning  Expected an assignment or function call and instead saw an expression  @typescript-eslint/no-unused-expressions
  327:4912    warning  Expected an assignment or function call and instead saw an expression  @typescript-eslint/no-unused-expressions
  327:4953    warning  Expected an assignment or function call and instead saw an expression  @typescript-eslint/no-unused-expressions
  327:5862    warning  Expected an assignment or function call and instead saw an expression  @typescript-eslint/no-unused-expressions
  327:10475   warning  Expected an assignment or function call and instead saw an expression  @typescript-eslint/no-unused-expressions
  327:13481   warning  Expected an assignment or function call and instead saw an expression  @typescript-eslint/no-unused-expressions
  327:14638   warning  Expected an assignment or function call and instead saw an expression  @typescript-eslint/no-unused-expressions
  327:14724   warning  Expected an assignment or function call and instead saw an expression  @typescript-eslint/no-unused-expressions
  327:14842   warning  Expected an assignment or function call and instead saw an expression  @typescript-eslint/no-unused-expressions
  327:15000   warning  Expected an assignment or function call and instead saw an expression  @typescript-eslint/no-unused-expressions
  327:15090   warning  Expected an assignment or function call and instead saw an expression  @typescript-eslint/no-unused-expressions
  327:17475   warning  Expected an assignment or function call and instead saw an expression  @typescript-eslint/no-unused-expressions
  327:17739   warning  Expected an assignment or function call and instead saw an expression  @typescript-eslint/no-unused-expressions
  327:17973   warning  Expected an assignment or function call and instead saw an expression  @typescript-eslint/no-unused-expressions
  327:18034   warning  Expected an assignment or function call and instead saw an expression  @typescript-eslint/no-unused-expressions
  327:18384   warning  Expected an assignment or function call and instead saw an expression  @typescript-eslint/no-unused-expressions
  327:18605   warning  Expected an assignment or function call and instead saw an expression  @typescript-eslint/no-unused-expressions
  327:18895   warning  Expected an assignment or function call and instead saw an expression  @typescript-eslint/no-unused-expressions
  327:19175   warning  Expected an assignment or function call and instead saw an expression  @typescript-eslint/no-unused-expressions
  327:19236   warning  Expected an assignment or function call and instead saw an expression  @typescript-eslint/no-unused-expressions
  327:19348   warning  Expected an assignment or function call and instead saw an expression  @typescript-eslint/no-unused-expressions
  327:19570   warning  Expected an assignment or function call and instead saw an expression  @typescript-eslint/no-unused-expressions
  327:20575   warning  Expected an assignment or function call and instead saw an expression  @typescript-eslint/no-unused-expressions
  327:20766   warning  Expected an assignment or function call and instead saw an expression  @typescript-eslint/no-unused-expressions
  327:21040   warning  Expected an assignment or function call and instead saw an expression  @typescript-eslint/no-unused-expressions
  327:21356   warning  Expected an assignment or function call and instead saw an expression  @typescript-eslint/no-unused-expressions
  327:21480   warning  Expected an assignment or function call and instead saw an expression  @typescript-eslint/no-unused-expressions
  327:21726   warning  Expected an assignment or function call and instead saw an expression  @typescript-eslint/no-unused-expressions
  327:23950   error    Unexpected aliasing of 'this' to local variable                        @typescript-eslint/no-this-alias
  327:23957   warning  Expected an assignment or function call and instead saw an expression  @typescript-eslint/no-unused-expressions
  327:24448   warning  Expected an assignment or function call and instead saw an expression  @typescript-eslint/no-unused-expressions
  327:24485   warning  Expected an assignment or function call and instead saw an expression  @typescript-eslint/no-unused-expressions
  327:25259   warning  Expected an assignment or function call and instead saw an expression  @typescript-eslint/no-unused-expressions
  327:25403   warning  Expected an assignment or function call and instead saw an expression  @typescript-eslint/no-unused-expressions
  327:25616   warning  Expected an assignment or function call and instead saw an expression  @typescript-eslint/no-unused-expressions
  327:25809   warning  Expected an assignment or function call and instead saw an expression  @typescript-eslint/no-unused-expressions
  327:25835   warning  Expected an assignment or function call and instead saw an expression  @typescript-eslint/no-unused-expressions
  327:26635   warning  Expected an assignment or function call and instead saw an expression  @typescript-eslint/no-unused-expressions
  327:27016   warning  Expected an assignment or function call and instead saw an expression  @typescript-eslint/no-unused-expressions
  327:27283   warning  Expected an assignment or function call and instead saw an expression  @typescript-eslint/no-unused-expressions
  327:27662   warning  Expected an assignment or function call and instead saw an expression  @typescript-eslint/no-unused-expressions
  327:27704   warning  Expected an assignment or function call and instead saw an expression  @typescript-eslint/no-unused-expressions
  327:27771   warning  Expected an assignment or function call and instead saw an expression  @typescript-eslint/no-unused-expressions
  327:27889   warning  Expected an assignment or function call and instead saw an expression  @typescript-eslint/no-unused-expressions
  327:28280   warning  Expected an assignment or function call and instead saw an expression  @typescript-eslint/no-unused-expressions
  327:28729   warning  Expected an assignment or function call and instead saw an expression  @typescript-eslint/no-unused-expressions
  327:28867   warning  Expected an assignment or function call and instead saw an expression  @typescript-eslint/no-unused-expressions
  327:29068   warning  Expected an assignment or function call and instead saw an expression  @typescript-eslint/no-unused-expressions
  327:29146   warning  Expected an assignment or function call and instead saw an expression  @typescript-eslint/no-unused-expressions
  327:29782   warning  Expected an assignment or function call and instead saw an expression  @typescript-eslint/no-unused-expressions
  327:30072   warning  Expected an assignment or function call and instead saw an expression  @typescript-eslint/no-unused-expressions
  327:30166   warning  Expected an assignment or function call and instead saw an expression  @typescript-eslint/no-unused-expressions
  327:30276   warning  Expected an assignment or function call and instead saw an expression  @typescript-eslint/no-unused-expressions
  327:30432   warning  Expected an assignment or function call and instead saw an expression  @typescript-eslint/no-unused-expressions
  327:30560   warning  Expected an assignment or function call and instead saw an expression  @typescript-eslint/no-unused-expressions
  327:30639   warning  Expected an assignment or function call and instead saw an expression  @typescript-eslint/no-unused-expressions
  327:30694   warning  Expected an assignment or function call and instead saw an expression  @typescript-eslint/no-unused-expressions
  327:31174   warning  Expected an assignment or function call and instead saw an expression  @typescript-eslint/no-unused-expressions
  327:31232   warning  Expected an assignment or function call and instead saw an expression  @typescript-eslint/no-unused-expressions
  327:31375   warning  Expected an assignment or function call and instead saw an expression  @typescript-eslint/no-unused-expressions
  327:31439   warning  Expected an assignment or function call and instead saw an expression  @typescript-eslint/no-unused-expressions
  327:31497   warning  Expected an assignment or function call and instead saw an expression  @typescript-eslint/no-unused-expressions
  327:31578   warning  Expected an assignment or function call and instead saw an expression  @typescript-eslint/no-unused-expressions
  327:31683   warning  Expected an assignment or function call and instead saw an expression  @typescript-eslint/no-unused-expressions
  327:31732   warning  Expected an assignment or function call and instead saw an expression  @typescript-eslint/no-unused-expressions
  327:32063   warning  Expected an assignment or function call and instead saw an expression  @typescript-eslint/no-unused-expressions
  327:32401   warning  Expected an assignment or function call and instead saw an expression  @typescript-eslint/no-unused-expressions
  327:32540   warning  Expected an assignment or function call and instead saw an expression  @typescript-eslint/no-unused-expressions
  327:32729   warning  Expected an assignment or function call and instead saw an expression  @typescript-eslint/no-unused-expressions
  327:32776   warning  Expected an assignment or function call and instead saw an expression  @typescript-eslint/no-unused-expressions
  327:32810   warning  Expected an assignment or function call and instead saw an expression  @typescript-eslint/no-unused-expressions
  327:33252   warning  Expected an assignment or function call and instead saw an expression  @typescript-eslint/no-unused-expressions
  327:33714   warning  Expected an assignment or function call and instead saw an expression  @typescript-eslint/no-unused-expressions
  327:34690   warning  Expected an assignment or function call and instead saw an expression  @typescript-eslint/no-unused-expressions
  327:34750   warning  Expected an assignment or function call and instead saw an expression  @typescript-eslint/no-unused-expressions
  327:35015   warning  Expected an assignment or function call and instead saw an expression  @typescript-eslint/no-unused-expressions
  327:35081   warning  Expected an assignment or function call and instead saw an expression  @typescript-eslint/no-unused-expressions
  327:35242   warning  Expected an assignment or function call and instead saw an expression  @typescript-eslint/no-unused-expressions
  327:35623   warning  Expected an assignment or function call and instead saw an expression  @typescript-eslint/no-unused-expressions
  327:35791   warning  Expected an assignment or function call and instead saw an expression  @typescript-eslint/no-unused-expressions
  327:35820   warning  Expected an assignment or function call and instead saw an expression  @typescript-eslint/no-unused-expressions
  327:35854   warning  Expected an assignment or function call and instead saw an expression  @typescript-eslint/no-unused-expressions
  327:35978   warning  Expected an assignment or function call and instead saw an expression  @typescript-eslint/no-unused-expressions
  327:36044   warning  Expected an assignment or function call and instead saw an expression  @typescript-eslint/no-unused-expressions
  327:36374   warning  Expected an assignment or function call and instead saw an expression  @typescript-eslint/no-unused-expressions
  327:36731   warning  Expected an assignment or function call and instead saw an expression  @typescript-eslint/no-unused-expressions
  327:36809   warning  Expected an assignment or function call and instead saw an expression  @typescript-eslint/no-unused-expressions
  327:36874   warning  Expected an assignment or function call and instead saw an expression  @typescript-eslint/no-unused-expressions
  327:36966   warning  Expected an assignment or function call and instead saw an expression  @typescript-eslint/no-unused-expressions
  327:37019   warning  Expected an assignment or function call and instead saw an expression  @typescript-eslint/no-unused-expressions
  327:37217   warning  Expected an assignment or function call and instead saw an expression  @typescript-eslint/no-unused-expressions
  327:37757   warning  Expected an assignment or function call and instead saw an expression  @typescript-eslint/no-unused-expressions
  327:37811   warning  Expected an assignment or function call and instead saw an expression  @typescript-eslint/no-unused-expressions
  327:37928   warning  Expected an assignment or function call and instead saw an expression  @typescript-eslint/no-unused-expressions
  327:38643   warning  Expected an assignment or function call and instead saw an expression  @typescript-eslint/no-unused-expressions
  327:38722   warning  Expected an assignment or function call and instead saw an expression  @typescript-eslint/no-unused-expressions
  327:38798   warning  Expected an assignment or function call and instead saw an expression  @typescript-eslint/no-unused-expressions
  327:40294   warning  'e' is defined but never used                                          @typescript-eslint/no-unused-vars
  327:40742   warning  Expected an assignment or function call and instead saw an expression  @typescript-eslint/no-unused-expressions
  327:40959   warning  Expected an assignment or function call and instead saw an expression  @typescript-eslint/no-unused-expressions
  327:42446   warning  Expected an assignment or function call and instead saw an expression  @typescript-eslint/no-unused-expressions
  327:43438   warning  Expected an assignment or function call and instead saw an expression  @typescript-eslint/no-unused-expressions
  327:43587   warning  Expected an assignment or function call and instead saw an expression  @typescript-eslint/no-unused-expressions
  327:43737   warning  Expected an assignment or function call and instead saw an expression  @typescript-eslint/no-unused-expressions
  327:44106   warning  Expected an assignment or function call and instead saw an expression  @typescript-eslint/no-unused-expressions
  327:44591   warning  Expected an assignment or function call and instead saw an expression  @typescript-eslint/no-unused-expressions
  327:44674   warning  Expected an assignment or function call and instead saw an expression  @typescript-eslint/no-unused-expressions
  327:44818   warning  Expected an assignment or function call and instead saw an expression  @typescript-eslint/no-unused-expressions
  327:45012   warning  Expected an assignment or function call and instead saw an expression  @typescript-eslint/no-unused-expressions
  327:45512   warning  Expected an assignment or function call and instead saw an expression  @typescript-eslint/no-unused-expressions
  327:47128   warning  Expected an assignment or function call and instead saw an expression  @typescript-eslint/no-unused-expressions
  327:47290   warning  Expected an assignment or function call and instead saw an expression  @typescript-eslint/no-unused-expressions
  327:47391   warning  Expected an assignment or function call and instead saw an expression  @typescript-eslint/no-unused-expressions
  327:47749   warning  Expected an assignment or function call and instead saw an expression  @typescript-eslint/no-unused-expressions
  327:47875   warning  Expected an assignment or function call and instead saw an expression  @typescript-eslint/no-unused-expressions
  327:48085   warning  Expected an assignment or function call and instead saw an expression  @typescript-eslint/no-unused-expressions
  327:48526   warning  Expected an assignment or function call and instead saw an expression  @typescript-eslint/no-unused-expressions
  327:49026   warning  Expected an assignment or function call and instead saw an expression  @typescript-eslint/no-unused-expressions
  327:49210   warning  Expected an assignment or function call and instead saw an expression  @typescript-eslint/no-unused-expressions
  327:49303   warning  Expected an assignment or function call and instead saw an expression  @typescript-eslint/no-unused-expressions
  327:49466   warning  Expected an assignment or function call and instead saw an expression  @typescript-eslint/no-unused-expressions
  327:49798   warning  Expected an assignment or function call and instead saw an expression  @typescript-eslint/no-unused-expressions
  327:50213   warning  Expected an assignment or function call and instead saw an expression  @typescript-eslint/no-unused-expressions
  327:50338   warning  Expected an assignment or function call and instead saw an expression  @typescript-eslint/no-unused-expressions
  327:50605   warning  Expected an assignment or function call and instead saw an expression  @typescript-eslint/no-unused-expressions
  327:51345   warning  Expected an assignment or function call and instead saw an expression  @typescript-eslint/no-unused-expressions
  327:51510   warning  Expected an assignment or function call and instead saw an expression  @typescript-eslint/no-unused-expressions
  327:51603   warning  Expected an assignment or function call and instead saw an expression  @typescript-eslint/no-unused-expressions
  327:52591   warning  Expected an assignment or function call and instead saw an expression  @typescript-eslint/no-unused-expressions
  327:52944   warning  Expected an assignment or function call and instead saw an expression  @typescript-eslint/no-unused-expressions
  327:53127   warning  Expected an assignment or function call and instead saw an expression  @typescript-eslint/no-unused-expressions
  327:53317   warning  Expected an assignment or function call and instead saw an expression  @typescript-eslint/no-unused-expressions
  327:53404   warning  Expected an assignment or function call and instead saw an expression  @typescript-eslint/no-unused-expressions
  327:53732   warning  Expected an assignment or function call and instead saw an expression  @typescript-eslint/no-unused-expressions
  327:53851   warning  Expected an assignment or function call and instead saw an expression  @typescript-eslint/no-unused-expressions
  327:54373   warning  Expected an assignment or function call and instead saw an expression  @typescript-eslint/no-unused-expressions
  327:54801   warning  Expected an assignment or function call and instead saw an expression  @typescript-eslint/no-unused-expressions
  327:55657   warning  Expected an assignment or function call and instead saw an expression  @typescript-eslint/no-unused-expressions
  327:55852   warning  Expected an assignment or function call and instead saw an expression  @typescript-eslint/no-unused-expressions
  327:56272   warning  Expected an assignment or function call and instead saw an expression  @typescript-eslint/no-unused-expressions
  327:56423   warning  Expected an assignment or function call and instead saw an expression  @typescript-eslint/no-unused-expressions
  327:56780   warning  Expected an assignment or function call and instead saw an expression  @typescript-eslint/no-unused-expressions
  327:56877   warning  Expected an assignment or function call and instead saw an expression  @typescript-eslint/no-unused-expressions
  327:57093   warning  Expected an assignment or function call and instead saw an expression  @typescript-eslint/no-unused-expressions
  327:57314   warning  Expected an assignment or function call and instead saw an expression  @typescript-eslint/no-unused-expressions
  327:57492   warning  Expected an assignment or function call and instead saw an expression  @typescript-eslint/no-unused-expressions
  327:57777   warning  Expected an assignment or function call and instead saw an expression  @typescript-eslint/no-unused-expressions
  327:57946   warning  Expected an assignment or function call and instead saw an expression  @typescript-eslint/no-unused-expressions
  327:58911   warning  Expected an assignment or function call and instead saw an expression  @typescript-eslint/no-unused-expressions
  327:59205   warning  Expected an assignment or function call and instead saw an expression  @typescript-eslint/no-unused-expressions
  327:59472   warning  Expected an assignment or function call and instead saw an expression  @typescript-eslint/no-unused-expressions
  327:59656   warning  Expected an assignment or function call and instead saw an expression  @typescript-eslint/no-unused-expressions
  327:60112   warning  Expected an assignment or function call and instead saw an expression  @typescript-eslint/no-unused-expressions
  327:60454   warning  Expected an assignment or function call and instead saw an expression  @typescript-eslint/no-unused-expressions
  327:60761   warning  Expected an assignment or function call and instead saw an expression  @typescript-eslint/no-unused-expressions
  327:60898   warning  Expected an assignment or function call and instead saw an expression  @typescript-eslint/no-unused-expressions
  327:61405   warning  Expected an assignment or function call and instead saw an expression  @typescript-eslint/no-unused-expressions
  327:61517   warning  Expected an assignment or function call and instead saw an expression  @typescript-eslint/no-unused-expressions
  327:61757   warning  Expected an assignment or function call and instead saw an expression  @typescript-eslint/no-unused-expressions
  327:61935   warning  Expected an assignment or function call and instead saw an expression  @typescript-eslint/no-unused-expressions
  327:62102   warning  Expected an assignment or function call and instead saw an expression  @typescript-eslint/no-unused-expressions
  327:62248   warning  Expected an assignment or function call and instead saw an expression  @typescript-eslint/no-unused-expressions
  327:62470   warning  Expected an assignment or function call and instead saw an expression  @typescript-eslint/no-unused-expressions
  327:63344   warning  Expected an assignment or function call and instead saw an expression  @typescript-eslint/no-unused-expressions
  327:63455   warning  Expected an assignment or function call and instead saw an expression  @typescript-eslint/no-unused-expressions
  327:63645   warning  Expected an assignment or function call and instead saw an expression  @typescript-eslint/no-unused-expressions
  327:63892   warning  Expected an assignment or function call and instead saw an expression  @typescript-eslint/no-unused-expressions
  327:64070   warning  Expected an assignment or function call and instead saw an expression  @typescript-eslint/no-unused-expressions
  327:64257   warning  Expected an assignment or function call and instead saw an expression  @typescript-eslint/no-unused-expressions
  327:64598   warning  Expected an assignment or function call and instead saw an expression  @typescript-eslint/no-unused-expressions
  327:64724   warning  Expected an assignment or function call and instead saw an expression  @typescript-eslint/no-unused-expressions
  327:65323   warning  Expected an assignment or function call and instead saw an expression  @typescript-eslint/no-unused-expressions
  327:65352   warning  Expected an assignment or function call and instead saw an expression  @typescript-eslint/no-unused-expressions
  327:65685   warning  Expected an assignment or function call and instead saw an expression  @typescript-eslint/no-unused-expressions
  327:65986   warning  Expected an assignment or function call and instead saw an expression  @typescript-eslint/no-unused-expressions
  327:66369   warning  Expected an assignment or function call and instead saw an expression  @typescript-eslint/no-unused-expressions
  327:66892   warning  Expected an assignment or function call and instead saw an expression  @typescript-eslint/no-unused-expressions
  327:67276   warning  Expected an assignment or function call and instead saw an expression  @typescript-eslint/no-unused-expressions
  327:67483   warning  Expected an assignment or function call and instead saw an expression  @typescript-eslint/no-unused-expressions
  351:27      warning  Expected an assignment or function call and instead saw an expression  @typescript-eslint/no-unused-expressions
  351:154     warning  Expected an assignment or function call and instead saw an expression  @typescript-eslint/no-unused-expressions
  351:563     warning  Expected an assignment or function call and instead saw an expression  @typescript-eslint/no-unused-expressions
  351:689     error    Unexpected aliasing of 'this' to local variable                        @typescript-eslint/no-this-alias
  351:1107    warning  Expected an assignment or function call and instead saw an expression  @typescript-eslint/no-unused-expressions
  351:1221    warning  Expected an assignment or function call and instead saw an expression  @typescript-eslint/no-unused-expressions
  351:1560    warning  Expected an assignment or function call and instead saw an expression  @typescript-eslint/no-unused-expressions
  351:1652    warning  Expected an assignment or function call and instead saw an expression  @typescript-eslint/no-unused-expressions
  351:1906    warning  Expected an assignment or function call and instead saw an expression  @typescript-eslint/no-unused-expressions
  351:2063    warning  Expected an assignment or function call and instead saw an expression  @typescript-eslint/no-unused-expressions
  351:2104    warning  Expected an assignment or function call and instead saw an expression  @typescript-eslint/no-unused-expressions
  351:2148    warning  Expected an assignment or function call and instead saw an expression  @typescript-eslint/no-unused-expressions
  351:2165    warning  Expected an assignment or function call and instead saw an expression  @typescript-eslint/no-unused-expressions
  351:2573    warning  Expected an assignment or function call and instead saw an expression  @typescript-eslint/no-unused-expressions
  351:2715    warning  Expected an assignment or function call and instead saw an expression  @typescript-eslint/no-unused-expressions
  351:3621    warning  Expected an assignment or function call and instead saw an expression  @typescript-eslint/no-unused-expressions
  351:3787    warning  Expected an assignment or function call and instead saw an expression  @typescript-eslint/no-unused-expressions
  351:4374    warning  Expected an assignment or function call and instead saw an expression  @typescript-eslint/no-unused-expressions
  351:4729    warning  Expected an assignment or function call and instead saw an expression  @typescript-eslint/no-unused-expressions
  351:5088    warning  Expected an assignment or function call and instead saw an expression  @typescript-eslint/no-unused-expressions
  351:5231    warning  Expected an assignment or function call and instead saw an expression  @typescript-eslint/no-unused-expressions
  351:5311    warning  Expected an assignment or function call and instead saw an expression  @typescript-eslint/no-unused-expressions
  351:5694    warning  Expected an assignment or function call and instead saw an expression  @typescript-eslint/no-unused-expressions
  351:5723    warning  Expected an assignment or function call and instead saw an expression  @typescript-eslint/no-unused-expressions
  351:6211    warning  Expected an assignment or function call and instead saw an expression  @typescript-eslint/no-unused-expressions
  351:6334    warning  Expected an assignment or function call and instead saw an expression  @typescript-eslint/no-unused-expressions
  351:7049    warning  Expected an assignment or function call and instead saw an expression  @typescript-eslint/no-unused-expressions
  351:7329    warning  Expected an assignment or function call and instead saw an expression  @typescript-eslint/no-unused-expressions
  351:7417    warning  Expected an assignment or function call and instead saw an expression  @typescript-eslint/no-unused-expressions
  351:7505    warning  Expected an assignment or function call and instead saw an expression  @typescript-eslint/no-unused-expressions
  351:7671    warning  Expected an assignment or function call and instead saw an expression  @typescript-eslint/no-unused-expressions
  351:7791    warning  Expected an assignment or function call and instead saw an expression  @typescript-eslint/no-unused-expressions
  351:8360    warning  Expected an assignment or function call and instead saw an expression  @typescript-eslint/no-unused-expressions
  351:8447    warning  Expected an assignment or function call and instead saw an expression  @typescript-eslint/no-unused-expressions
  351:8551    warning  Expected an assignment or function call and instead saw an expression  @typescript-eslint/no-unused-expressions
  351:8668    warning  Expected an assignment or function call and instead saw an expression  @typescript-eslint/no-unused-expressions
  351:8709    warning  Expected an assignment or function call and instead saw an expression  @typescript-eslint/no-unused-expressions
  351:8923    warning  Expected an assignment or function call and instead saw an expression  @typescript-eslint/no-unused-expressions
  351:9004    warning  Expected an assignment or function call and instead saw an expression  @typescript-eslint/no-unused-expressions
  351:10060   warning  Expected an assignment or function call and instead saw an expression  @typescript-eslint/no-unused-expressions
  351:10684   warning  Expected an assignment or function call and instead saw an expression  @typescript-eslint/no-unused-expressions
  351:10929   warning  Expected an assignment or function call and instead saw an expression  @typescript-eslint/no-unused-expressions
  351:16102   warning  Expected an assignment or function call and instead saw an expression  @typescript-eslint/no-unused-expressions
  351:16289   warning  Expected an assignment or function call and instead saw an expression  @typescript-eslint/no-unused-expressions
  351:16565   warning  Expected an assignment or function call and instead saw an expression  @typescript-eslint/no-unused-expressions
  351:16710   warning  Expected an assignment or function call and instead saw an expression  @typescript-eslint/no-unused-expressions
  351:17247   warning  Expected an assignment or function call and instead saw an expression  @typescript-eslint/no-unused-expressions
  351:17853   warning  Expected an assignment or function call and instead saw an expression  @typescript-eslint/no-unused-expressions
  351:18470   warning  Expected an assignment or function call and instead saw an expression  @typescript-eslint/no-unused-expressions
  351:22162   warning  Expected an assignment or function call and instead saw an expression  @typescript-eslint/no-unused-expressions
  351:22485   error    Unexpected aliasing of 'this' to local variable                        @typescript-eslint/no-this-alias
  351:23623   warning  Expected an assignment or function call and instead saw an expression  @typescript-eslint/no-unused-expressions
  351:24187   warning  Expected an assignment or function call and instead saw an expression  @typescript-eslint/no-unused-expressions
  351:24278   warning  Expected an assignment or function call and instead saw an expression  @typescript-eslint/no-unused-expressions
  351:24359   warning  Expected an assignment or function call and instead saw an expression  @typescript-eslint/no-unused-expressions
  351:24481   warning  Expected an assignment or function call and instead saw an expression  @typescript-eslint/no-unused-expressions
  351:24698   warning  Expected an assignment or function call and instead saw an expression  @typescript-eslint/no-unused-expressions
  351:24893   warning  Expected an assignment or function call and instead saw an expression  @typescript-eslint/no-unused-expressions
  351:25057   warning  Expected an assignment or function call and instead saw an expression  @typescript-eslint/no-unused-expressions
  351:25244   warning  Expected an assignment or function call and instead saw an expression  @typescript-eslint/no-unused-expressions
  351:25334   warning  Expected an assignment or function call and instead saw an expression  @typescript-eslint/no-unused-expressions
  351:25429   warning  Expected an assignment or function call and instead saw an expression  @typescript-eslint/no-unused-expressions
  351:25550   warning  Expected an assignment or function call and instead saw an expression  @typescript-eslint/no-unused-expressions
  351:25941   warning  Expected an assignment or function call and instead saw an expression  @typescript-eslint/no-unused-expressions
  351:26571   warning  Expected an assignment or function call and instead saw an expression  @typescript-eslint/no-unused-expressions
  351:26756   warning  Expected an assignment or function call and instead saw an expression  @typescript-eslint/no-unused-expressions
  351:27486   warning  Expected an assignment or function call and instead saw an expression  @typescript-eslint/no-unused-expressions
  351:27649   warning  Expected an assignment or function call and instead saw an expression  @typescript-eslint/no-unused-expressions
  351:27940   warning  Expected an assignment or function call and instead saw an expression  @typescript-eslint/no-unused-expressions
  351:28375   warning  Expected an assignment or function call and instead saw an expression  @typescript-eslint/no-unused-expressions
  351:28468   warning  Expected an assignment or function call and instead saw an expression  @typescript-eslint/no-unused-expressions
  351:28937   warning  Expected an assignment or function call and instead saw an expression  @typescript-eslint/no-unused-expressions
  351:29228   warning  Expected an assignment or function call and instead saw an expression  @typescript-eslint/no-unused-expressions
  351:30308   warning  Expected an assignment or function call and instead saw an expression  @typescript-eslint/no-unused-expressions
  351:30462   warning  Expected an assignment or function call and instead saw an expression  @typescript-eslint/no-unused-expressions
  351:30693   warning  Expected an assignment or function call and instead saw an expression  @typescript-eslint/no-unused-expressions
  351:31396   warning  Expected an assignment or function call and instead saw an expression  @typescript-eslint/no-unused-expressions
  351:31486   warning  Expected an assignment or function call and instead saw an expression  @typescript-eslint/no-unused-expressions
  351:31581   warning  Expected an assignment or function call and instead saw an expression  @typescript-eslint/no-unused-expressions
  351:33547   warning  Expected an assignment or function call and instead saw an expression  @typescript-eslint/no-unused-expressions
  351:33783   warning  Expected an assignment or function call and instead saw an expression  @typescript-eslint/no-unused-expressions
  351:34064   warning  Expected an assignment or function call and instead saw an expression  @typescript-eslint/no-unused-expressions
  351:34205   warning  Expected an assignment or function call and instead saw an expression  @typescript-eslint/no-unused-expressions
  351:34350   warning  Expected an assignment or function call and instead saw an expression  @typescript-eslint/no-unused-expressions
  351:34469   warning  Expected an assignment or function call and instead saw an expression  @typescript-eslint/no-unused-expressions
  351:35005   warning  Expected an assignment or function call and instead saw an expression  @typescript-eslint/no-unused-expressions
  351:35319   warning  Expected an assignment or function call and instead saw an expression  @typescript-eslint/no-unused-expressions
  351:35399   warning  Expected an assignment or function call and instead saw an expression  @typescript-eslint/no-unused-expressions
  351:35523   warning  Expected an assignment or function call and instead saw an expression  @typescript-eslint/no-unused-expressions
  351:35808   warning  Expected an assignment or function call and instead saw an expression  @typescript-eslint/no-unused-expressions
  351:35832   warning  Expected an assignment or function call and instead saw an expression  @typescript-eslint/no-unused-expressions
  351:35969   warning  Expected an assignment or function call and instead saw an expression  @typescript-eslint/no-unused-expressions
  351:35992   warning  Expected an assignment or function call and instead saw an expression  @typescript-eslint/no-unused-expressions
  351:36075   warning  Expected an assignment or function call and instead saw an expression  @typescript-eslint/no-unused-expressions
  351:36338   warning  Expected an assignment or function call and instead saw an expression  @typescript-eslint/no-unused-expressions
  351:36387   warning  Expected an assignment or function call and instead saw an expression  @typescript-eslint/no-unused-expressions
  351:36499   warning  Expected an assignment or function call and instead saw an expression  @typescript-eslint/no-unused-expressions
  351:36590   warning  Expected an assignment or function call and instead saw an expression  @typescript-eslint/no-unused-expressions
  351:37097   warning  Expected an assignment or function call and instead saw an expression  @typescript-eslint/no-unused-expressions
  351:37141   warning  Expected an assignment or function call and instead saw an expression  @typescript-eslint/no-unused-expressions
  351:37309   warning  Expected an assignment or function call and instead saw an expression  @typescript-eslint/no-unused-expressions
  351:38235   warning  Expected an assignment or function call and instead saw an expression  @typescript-eslint/no-unused-expressions
  351:38808   warning  Expected an assignment or function call and instead saw an expression  @typescript-eslint/no-unused-expressions
  351:38886   warning  Expected an assignment or function call and instead saw an expression  @typescript-eslint/no-unused-expressions
  351:38961   warning  Expected an assignment or function call and instead saw an expression  @typescript-eslint/no-unused-expressions
  351:39207   warning  Expected an assignment or function call and instead saw an expression  @typescript-eslint/no-unused-expressions
  351:39312   warning  Expected an assignment or function call and instead saw an expression  @typescript-eslint/no-unused-expressions
  351:39789   warning  Expected an assignment or function call and instead saw an expression  @typescript-eslint/no-unused-expressions
  351:39961   warning  Expected an assignment or function call and instead saw an expression  @typescript-eslint/no-unused-expressions
  351:40364   warning  Expected an assignment or function call and instead saw an expression  @typescript-eslint/no-unused-expressions
  351:41862   warning  Expected an assignment or function call and instead saw an expression  @typescript-eslint/no-unused-expressions
  351:42374   warning  Expected an assignment or function call and instead saw an expression  @typescript-eslint/no-unused-expressions
  351:42406   warning  Expected an assignment or function call and instead saw an expression  @typescript-eslint/no-unused-expressions
  351:42489   warning  Expected an assignment or function call and instead saw an expression  @typescript-eslint/no-unused-expressions
  351:43523   warning  Expected an assignment or function call and instead saw an expression  @typescript-eslint/no-unused-expressions
  351:43561   warning  Expected an assignment or function call and instead saw an expression  @typescript-eslint/no-unused-expressions
  351:44072   warning  Expected an assignment or function call and instead saw an expression  @typescript-eslint/no-unused-expressions
  351:44159   warning  Expected an assignment or function call and instead saw an expression  @typescript-eslint/no-unused-expressions
  351:44210   warning  Expected an assignment or function call and instead saw an expression  @typescript-eslint/no-unused-expressions
  351:44741   warning  Expected an assignment or function call and instead saw an expression  @typescript-eslint/no-unused-expressions
  351:45054   warning  Expected an assignment or function call and instead saw an expression  @typescript-eslint/no-unused-expressions
  351:45147   warning  Expected an assignment or function call and instead saw an expression  @typescript-eslint/no-unused-expressions
  351:45188   warning  Expected an assignment or function call and instead saw an expression  @typescript-eslint/no-unused-expressions
  351:45284   warning  Expected an assignment or function call and instead saw an expression  @typescript-eslint/no-unused-expressions
  351:45924   warning  Expected an assignment or function call and instead saw an expression  @typescript-eslint/no-unused-expressions
  351:46036   warning  Expected an assignment or function call and instead saw an expression  @typescript-eslint/no-unused-expressions
  351:46273   warning  Expected an assignment or function call and instead saw an expression  @typescript-eslint/no-unused-expressions
  351:47609   warning  Expected an assignment or function call and instead saw an expression  @typescript-eslint/no-unused-expressions
  351:48614   warning  Expected an assignment or function call and instead saw an expression  @typescript-eslint/no-unused-expressions
  351:49407   warning  Expected an assignment or function call and instead saw an expression  @typescript-eslint/no-unused-expressions
  351:49554   warning  Expected an assignment or function call and instead saw an expression  @typescript-eslint/no-unused-expressions
  351:49643   warning  Expected an assignment or function call and instead saw an expression  @typescript-eslint/no-unused-expressions
  351:49854   warning  Expected an assignment or function call and instead saw an expression  @typescript-eslint/no-unused-expressions
  351:49986   warning  Expected an assignment or function call and instead saw an expression  @typescript-eslint/no-unused-expressions
  351:50120   warning  Expected an assignment or function call and instead saw an expression  @typescript-eslint/no-unused-expressions
  351:50209   warning  Expected an assignment or function call and instead saw an expression  @typescript-eslint/no-unused-expressions
  351:50778   warning  Expected an assignment or function call and instead saw an expression  @typescript-eslint/no-unused-expressions
  351:51176   warning  Expected an assignment or function call and instead saw an expression  @typescript-eslint/no-unused-expressions
  351:51316   warning  Expected an assignment or function call and instead saw an expression  @typescript-eslint/no-unused-expressions
  351:51586   warning  Expected an assignment or function call and instead saw an expression  @typescript-eslint/no-unused-expressions
  351:51750   warning  Expected an assignment or function call and instead saw an expression  @typescript-eslint/no-unused-expressions
  351:51854   warning  Expected an assignment or function call and instead saw an expression  @typescript-eslint/no-unused-expressions
  351:52395   warning  Expected an assignment or function call and instead saw an expression  @typescript-eslint/no-unused-expressions
  351:52488   warning  Expected an assignment or function call and instead saw an expression  @typescript-eslint/no-unused-expressions
  351:52903   warning  Expected an assignment or function call and instead saw an expression  @typescript-eslint/no-unused-expressions
  351:53201   warning  Expected an assignment or function call and instead saw an expression  @typescript-eslint/no-unused-expressions
  351:53292   warning  Expected an assignment or function call and instead saw an expression  @typescript-eslint/no-unused-expressions
  351:53508   warning  Expected an assignment or function call and instead saw an expression  @typescript-eslint/no-unused-expressions
  351:53815   warning  Expected an assignment or function call and instead saw an expression  @typescript-eslint/no-unused-expressions

/Users/pranshudhiman/Desktop/vk and company/artifacts/motion-stage-9/before-site/out/_next/static/chunks/154-5543e408de2f9606.js
  1:388    warning  Expected an assignment or function call and instead saw an expression  @typescript-eslint/no-unused-expressions
  1:1481   warning  'y' is assigned a value but never used                                 @typescript-eslint/no-unused-vars
  1:3028   warning  Expected an assignment or function call and instead saw an expression  @typescript-eslint/no-unused-expressions
  1:3104   warning  Expected an assignment or function call and instead saw an expression  @typescript-eslint/no-unused-expressions
  1:3896   warning  Expected an assignment or function call and instead saw an expression  @typescript-eslint/no-unused-expressions
  1:4141   warning  Expected an assignment or function call and instead saw an expression  @typescript-eslint/no-unused-expressions
  1:4881   warning  Expected an assignment or function call and instead saw an expression  @typescript-eslint/no-unused-expressions
  1:5067   warning  'e' is defined but never used                                          @typescript-eslint/no-unused-vars
  1:5091   warning  Expected an assignment or function call and instead saw an expression  @typescript-eslint/no-unused-expressions
  1:5333   warning  Expected an assignment or function call and instead saw an expression  @typescript-eslint/no-unused-expressions
  1:5612   warning  Expected an assignment or function call and instead saw an expression  @typescript-eslint/no-unused-expressions
  1:5710   warning  Expected an assignment or function call and instead saw an expression  @typescript-eslint/no-unused-expressions
  1:6270   warning  Expected an assignment or function call and instead saw an expression  @typescript-eslint/no-unused-expressions
  1:6448   warning  Expected an assignment or function call and instead saw an expression  @typescript-eslint/no-unused-expressions
  1:6818   warning  Expected an assignment or function call and instead saw an expression  @typescript-eslint/no-unused-expressions
  1:6991   warning  Expected an assignment or function call and instead saw an expression  @typescript-eslint/no-unused-expressions
  1:7094   warning  Expected an assignment or function call and instead saw an expression  @typescript-eslint/no-unused-expressions
  1:7185   warning  Expected an assignment or function call and instead saw an expression  @typescript-eslint/no-unused-expressions
  1:7204   warning  Expected an assignment or function call and instead saw an expression  @typescript-eslint/no-unused-expressions
  1:7328   warning  Expected an assignment or function call and instead saw an expression  @typescript-eslint/no-unused-expressions
  1:7381   warning  Expected an assignment or function call and instead saw an expression  @typescript-eslint/no-unused-expressions
  1:7490   warning  Expected an assignment or function call and instead saw an expression  @typescript-eslint/no-unused-expressions
  1:7590   warning  Expected an assignment or function call and instead saw an expression  @typescript-eslint/no-unused-expressions
  1:7801   warning  Expected an assignment or function call and instead saw an expression  @typescript-eslint/no-unused-expressions
  1:7886   warning  Expected an assignment or function call and instead saw an expression  @typescript-eslint/no-unused-expressions
  1:8305   warning  Expected an assignment or function call and instead saw an expression  @typescript-eslint/no-unused-expressions
  1:8421   warning  Expected an assignment or function call and instead saw an expression  @typescript-eslint/no-unused-expressions
  1:8522   warning  Expected an assignment or function call and instead saw an expression  @typescript-eslint/no-unused-expressions
  1:8736   warning  Expected an assignment or function call and instead saw an expression  @typescript-eslint/no-unused-expressions
  1:9522   warning  Expected an assignment or function call and instead saw an expression  @typescript-eslint/no-unused-expressions
  1:10065  warning  Expected an assignment or function call and instead saw an expression  @typescript-eslint/no-unused-expressions
  1:10871  warning  Expected an assignment or function call and instead saw an expression  @typescript-eslint/no-unused-expressions
  1:11265  warning  Expected an assignment or function call and instead saw an expression  @typescript-eslint/no-unused-expressions
  1:11747  warning  Expected an assignment or function call and instead saw an expression  @typescript-eslint/no-unused-expressions
  1:11819  warning  Expected an assignment or function call and instead saw an expression  @typescript-eslint/no-unused-expressions
  1:11909  warning  Expected an assignment or function call and instead saw an expression  @typescript-eslint/no-unused-expressions
  1:11987  warning  Expected an assignment or function call and instead saw an expression  @typescript-eslint/no-unused-expressions
  1:12439  warning  Expected an assignment or function call and instead saw an expression  @typescript-eslint/no-unused-expressions
  1:12596  warning  Expected an assignment or function call and instead saw an expression  @typescript-eslint/no-unused-expressions
  1:12698  warning  Expected an assignment or function call and instead saw an expression  @typescript-eslint/no-unused-expressions
  1:12747  warning  Expected an assignment or function call and instead saw an expression  @typescript-eslint/no-unused-expressions
  1:13251  warning  'i' is assigned a value but never used                                 @typescript-eslint/no-unused-vars
  1:13298  warning  Expected an assignment or function call and instead saw an expression  @typescript-eslint/no-unused-expressions
  1:13358  warning  Expected an assignment or function call and instead saw an expression  @typescript-eslint/no-unused-expressions
  1:13749  warning  Expected an assignment or function call and instead saw an expression  @typescript-eslint/no-unused-expressions
  1:14013  warning  Expected an assignment or function call and instead saw an expression  @typescript-eslint/no-unused-expressions
  1:14408  warning  Expected an assignment or function call and instead saw an expression  @typescript-eslint/no-unused-expressions
  1:14493  warning  Expected an assignment or function call and instead saw an expression  @typescript-eslint/no-unused-expressions
  1:14718  warning  Expected an assignment or function call and instead saw an expression  @typescript-eslint/no-unused-expressions
  1:14913  warning  Expected an assignment or function call and instead saw an expression  @typescript-eslint/no-unused-expressions
  1:15034  warning  Expected an assignment or function call and instead saw an expression  @typescript-eslint/no-unused-expressions
  1:15925  warning  Expected an assignment or function call and instead saw an expression  @typescript-eslint/no-unused-expressions
  1:15949  warning  Expected an assignment or function call and instead saw an expression  @typescript-eslint/no-unused-expressions
  1:16009  warning  Expected an assignment or function call and instead saw an expression  @typescript-eslint/no-unused-expressions
  1:16974  warning  Expected an assignment or function call and instead saw an expression  @typescript-eslint/no-unused-expressions
  1:17096  warning  Expected an assignment or function call and instead saw an expression  @typescript-eslint/no-unused-expressions
  1:17227  warning  Expected an assignment or function call and instead saw an expression  @typescript-eslint/no-unused-expressions
  1:17466  warning  Expected an assignment or function call and instead saw an expression  @typescript-eslint/no-unused-expressions
  1:17862  warning  Expected an assignment or function call and instead saw an expression  @typescript-eslint/no-unused-expressions
  1:18042  warning  Expected an assignment or function call and instead saw an expression  @typescript-eslint/no-unused-expressions
  1:18079  warning  Expected an assignment or function call and instead saw an expression  @typescript-eslint/no-unused-expressions
  1:19967  warning  Expected an assignment or function call and instead saw an expression  @typescript-eslint/no-unused-expressions
  1:20828  warning  Expected an assignment or function call and instead saw an expression  @typescript-eslint/no-unused-expressions
  1:20952  warning  Expected an assignment or function call and instead saw an expression  @typescript-eslint/no-unused-expressions
  1:21024  warning  Expected an assignment or function call and instead saw an expression  @typescript-eslint/no-unused-expressions
  1:21265  warning  Expected an assignment or function call and instead saw an expression  @typescript-eslint/no-unused-expressions
  1:21752  warning  'e' is defined but never used                                          @typescript-eslint/no-unused-vars
  1:21768  warning  Expected an assignment or function call and instead saw an expression  @typescript-eslint/no-unused-expressions
  1:22131  warning  Expected an assignment or function call and instead saw an expression  @typescript-eslint/no-unused-expressions
  1:22306  warning  Expected an assignment or function call and instead saw an expression  @typescript-eslint/no-unused-expressions
  1:22424  warning  Expected an assignment or function call and instead saw an expression  @typescript-eslint/no-unused-expressions
  1:22655  warning  Expected an assignment or function call and instead saw an expression  @typescript-eslint/no-unused-expressions

/Users/pranshudhiman/Desktop/vk and company/artifacts/motion-stage-9/before-site/out/_next/static/chunks/202-caa24d2ce3c67f78.js
  1:391   warning  Expected an assignment or function call and instead saw an expression  @typescript-eslint/no-unused-expressions
  1:2798  warning  Expected an assignment or function call and instead saw an expression  @typescript-eslint/no-unused-expressions
  1:2944  warning  Expected an assignment or function call and instead saw an expression  @typescript-eslint/no-unused-expressions
  1:3051  warning  Expected an assignment or function call and instead saw an expression  @typescript-eslint/no-unused-expressions
  1:3215  warning  Expected an assignment or function call and instead saw an expression  @typescript-eslint/no-unused-expressions
  1:3478  warning  Expected an assignment or function call and instead saw an expression  @typescript-eslint/no-unused-expressions
  1:3518  warning  Expected an assignment or function call and instead saw an expression  @typescript-eslint/no-unused-expressions
  1:3547  warning  Expected an assignment or function call and instead saw an expression  @typescript-eslint/no-unused-expressions
  1:3733  warning  Expected an assignment or function call and instead saw an expression  @typescript-eslint/no-unused-expressions
  1:4351  warning  Expected an assignment or function call and instead saw an expression  @typescript-eslint/no-unused-expressions
  1:4991  warning  Expected an assignment or function call and instead saw an expression  @typescript-eslint/no-unused-expressions
  1:5300  warning  'e' is defined but never used                                          @typescript-eslint/no-unused-vars
  1:5809  warning  'T' is assigned a value but never used                                 @typescript-eslint/no-unused-vars
  1:5951  warning  Expected an assignment or function call and instead saw an expression  @typescript-eslint/no-unused-expressions
  1:6830  warning  Expected an assignment or function call and instead saw an expression  @typescript-eslint/no-unused-expressions
  1:7003  warning  Expected an assignment or function call and instead saw an expression  @typescript-eslint/no-unused-expressions
  1:7435  warning  Expected an assignment or function call and instead saw an expression  @typescript-eslint/no-unused-expressions
  1:7766  warning  Expected an assignment or function call and instead saw an expression  @typescript-eslint/no-unused-expressions
  1:7954  warning  Expected an assignment or function call and instead saw an expression  @typescript-eslint/no-unused-expressions
  1:8412  warning  Expected an assignment or function call and instead saw an expression  @typescript-eslint/no-unused-expressions

/Users/pranshudhiman/Desktop/vk and company/artifacts/motion-stage-9/before-site/out/_next/static/chunks/257.7449bb11783c27f8.js
  1:92    warning  Expected an assignment or function call and instead saw an expression  @typescript-eslint/no-unused-expressions
  1:1075  warning  Expected an assignment or function call and instead saw an expression  @typescript-eslint/no-unused-expressions
  1:1227  warning  Expected an assignment or function call and instead saw an expression  @typescript-eslint/no-unused-expressions
  1:1744  warning  Expected an assignment or function call and instead saw an expression  @typescript-eslint/no-unused-expressions
  1:2117  warning  Expected an assignment or function call and instead saw an expression  @typescript-eslint/no-unused-expressions
  1:2152  warning  Expected an assignment or function call and instead saw an expression  @typescript-eslint/no-unused-expressions
  1:2442  warning  Expected an assignment or function call and instead saw an expression  @typescript-eslint/no-unused-expressions
  1:2681  warning  Expected an assignment or function call and instead saw an expression  @typescript-eslint/no-unused-expressions
  1:2738  warning  Expected an assignment or function call and instead saw an expression  @typescript-eslint/no-unused-expressions
  1:2948  warning  Expected an assignment or function call and instead saw an expression  @typescript-eslint/no-unused-expressions
  1:3195  warning  Expected an assignment or function call and instead saw an expression  @typescript-eslint/no-unused-expressions
  1:3430  warning  Expected an assignment or function call and instead saw an expression  @typescript-eslint/no-unused-expressions
  1:3492  warning  Expected an assignment or function call and instead saw an expression  @typescript-eslint/no-unused-expressions

/Users/pranshudhiman/Desktop/vk and company/artifacts/motion-stage-9/before-site/out/_next/static/chunks/531-10fe692be43980af.js
   1:2988   warning  Expected an assignment or function call and instead saw an expression  @typescript-eslint/no-unused-expressions
   1:3453   warning  Expected an assignment or function call and instead saw an expression  @typescript-eslint/no-unused-expressions
   1:3990   warning  Expected an assignment or function call and instead saw an expression  @typescript-eslint/no-unused-expressions
   1:4648   warning  'n' is defined but never used                                          @typescript-eslint/no-unused-vars
   1:4679   warning  'e' is defined but never used                                          @typescript-eslint/no-unused-vars
   1:5583   warning  'e' is defined but never used                                          @typescript-eslint/no-unused-vars
   1:5797   warning  'e' is defined but never used                                          @typescript-eslint/no-unused-vars
   1:7329   warning  Expected an assignment or function call and instead saw an expression  @typescript-eslint/no-unused-expressions
   1:7740   warning  Expected an assignment or function call and instead saw an expression  @typescript-eslint/no-unused-expressions
   1:9285   warning  Expected an assignment or function call and instead saw an expression  @typescript-eslint/no-unused-expressions
   1:9702   warning  Expected an assignment or function call and instead saw an expression  @typescript-eslint/no-unused-expressions
   1:10319  warning  Expected an assignment or function call and instead saw an expression  @typescript-eslint/no-unused-expressions
   1:10394  warning  Expected an assignment or function call and instead saw an expression  @typescript-eslint/no-unused-expressions
   1:10688  warning  'a' is assigned a value but never used                                 @typescript-eslint/no-unused-vars
   1:10697  warning  's' is assigned a value but never used                                 @typescript-eslint/no-unused-vars
   1:10708  warning  'u' is assigned a value but never used                                 @typescript-eslint/no-unused-vars
   1:10901  warning  Expected an assignment or function call and instead saw an expression  @typescript-eslint/no-unused-expressions
   1:11529  warning  Expected an assignment or function call and instead saw an expression  @typescript-eslint/no-unused-expressions
   1:12010  warning  Expected an assignment or function call and instead saw an expression  @typescript-eslint/no-unused-expressions
   1:12421  warning  Expected an assignment or function call and instead saw an expression  @typescript-eslint/no-unused-expressions
   1:13814  warning  Expected an assignment or function call and instead saw an expression  @typescript-eslint/no-unused-expressions
   1:14156  warning  Expected an assignment or function call and instead saw an expression  @typescript-eslint/no-unused-expressions
   1:14403  warning  Expected an assignment or function call and instead saw an expression  @typescript-eslint/no-unused-expressions
   1:14478  warning  Expected an assignment or function call and instead saw an expression  @typescript-eslint/no-unused-expressions
   1:14694  warning  Expected an assignment or function call and instead saw an expression  @typescript-eslint/no-unused-expressions
   1:14944  warning  Expected an assignment or function call and instead saw an expression  @typescript-eslint/no-unused-expressions
   1:15074  warning  Expected an assignment or function call and instead saw an expression  @typescript-eslint/no-unused-expressions
   1:15265  warning  Expected an assignment or function call and instead saw an expression  @typescript-eslint/no-unused-expressions
   1:15303  warning  Expected an assignment or function call and instead saw an expression  @typescript-eslint/no-unused-expressions
   1:16080  warning  Expected an assignment or function call and instead saw an expression  @typescript-eslint/no-unused-expressions
   1:16527  warning  Expected an assignment or function call and instead saw an expression  @typescript-eslint/no-unused-expressions
   1:16622  warning  Expected an assignment or function call and instead saw an expression  @typescript-eslint/no-unused-expressions
   1:16690  warning  Expected an assignment or function call and instead saw an expression  @typescript-eslint/no-unused-expressions
   1:16762  warning  Expected an assignment or function call and instead saw an expression  @typescript-eslint/no-unused-expressions
   3:350    warning  Expected an assignment or function call and instead saw an expression  @typescript-eslint/no-unused-expressions
   3:562    warning  Expected an assignment or function call and instead saw an expression  @typescript-eslint/no-unused-expressions
   3:2082   warning  Expected an assignment or function call and instead saw an expression  @typescript-eslint/no-unused-expressions
   3:2303   warning  Expected an assignment or function call and instead saw an expression  @typescript-eslint/no-unused-expressions
   3:2710   warning  Expected an assignment or function call and instead saw an expression  @typescript-eslint/no-unused-expressions
   3:2816   warning  Expected an assignment or function call and instead saw an expression  @typescript-eslint/no-unused-expressions
   3:3623   warning  'n' is defined but never used                                          @typescript-eslint/no-unused-vars
   3:3706   warning  Expected an assignment or function call and instead saw an expression  @typescript-eslint/no-unused-expressions
   3:3804   warning  'r' is defined but never used                                          @typescript-eslint/no-unused-vars
   3:3855   warning  'e' is defined but never used                                          @typescript-eslint/no-unused-vars
   3:4006   warning  Expected an assignment or function call and instead saw an expression  @typescript-eslint/no-unused-expressions
   3:4061   warning  Expected an assignment or function call and instead saw an expression  @typescript-eslint/no-unused-expressions
   3:4268   warning  Expected an assignment or function call and instead saw an expression  @typescript-eslint/no-unused-expressions
   3:4304   warning  Expected an assignment or function call and instead saw an expression  @typescript-eslint/no-unused-expressions
   3:4375   warning  Expected an assignment or function call and instead saw an expression  @typescript-eslint/no-unused-expressions
   3:4456   warning  Expected an assignment or function call and instead saw an expression  @typescript-eslint/no-unused-expressions
   3:4912   warning  Expected an assignment or function call and instead saw an expression  @typescript-eslint/no-unused-expressions
   3:5422   warning  'r' is defined but never used                                          @typescript-eslint/no-unused-vars
   3:5547   warning  Expected an assignment or function call and instead saw an expression  @typescript-eslint/no-unused-expressions
   3:5733   warning  Expected an assignment or function call and instead saw an expression  @typescript-eslint/no-unused-expressions
   3:5834   warning  Expected an assignment or function call and instead saw an expression  @typescript-eslint/no-unused-expressions
   3:5903   warning  Expected an assignment or function call and instead saw an expression  @typescript-eslint/no-unused-expressions
   3:5971   warning  Expected an assignment or function call and instead saw an expression  @typescript-eslint/no-unused-expressions
   3:6039   warning  Expected an assignment or function call and instead saw an expression  @typescript-eslint/no-unused-expressions
   3:6109   warning  Expected an assignment or function call and instead saw an expression  @typescript-eslint/no-unused-expressions
   3:6185   warning  Expected an assignment or function call and instead saw an expression  @typescript-eslint/no-unused-expressions
   3:6366   warning  Expected an assignment or function call and instead saw an expression  @typescript-eslint/no-unused-expressions
   3:6438   warning  Expected an assignment or function call and instead saw an expression  @typescript-eslint/no-unused-expressions
   3:6517   warning  Expected an assignment or function call and instead saw an expression  @typescript-eslint/no-unused-expressions
   3:6586   warning  Expected an assignment or function call and instead saw an expression  @typescript-eslint/no-unused-expressions
   3:6800   warning  Expected an assignment or function call and instead saw an expression  @typescript-eslint/no-unused-expressions
   3:6882   warning  Expected an assignment or function call and instead saw an expression  @typescript-eslint/no-unused-expressions
   3:7019   warning  Expected an assignment or function call and instead saw an expression  @typescript-eslint/no-unused-expressions
   3:7090   warning  Expected an assignment or function call and instead saw an expression  @typescript-eslint/no-unused-expressions
   3:7147   warning  Expected an assignment or function call and instead saw an expression  @typescript-eslint/no-unused-expressions
   3:7541   warning  Expected an assignment or function call and instead saw an expression  @typescript-eslint/no-unused-expressions
   3:7634   warning  Expected an assignment or function call and instead saw an expression  @typescript-eslint/no-unused-expressions
   3:7776   warning  Expected an assignment or function call and instead saw an expression  @typescript-eslint/no-unused-expressions
   3:7872   warning  Expected an assignment or function call and instead saw an expression  @typescript-eslint/no-unused-expressions
   3:8142   warning  Expected an assignment or function call and instead saw an expression  @typescript-eslint/no-unused-expressions
   3:8210   warning  Expected an assignment or function call and instead saw an expression  @typescript-eslint/no-unused-expressions
   3:8239   warning  Expected an assignment or function call and instead saw an expression  @typescript-eslint/no-unused-expressions
   3:8598   warning  Expected an assignment or function call and instead saw an expression  @typescript-eslint/no-unused-expressions
   3:8666   warning  'r' is defined but never used                                          @typescript-eslint/no-unused-vars
   3:8717   warning  'e' is defined but never used                                          @typescript-eslint/no-unused-vars
   3:9032   warning  Expected an assignment or function call and instead saw an expression  @typescript-eslint/no-unused-expressions
   3:9092   warning  Expected an assignment or function call and instead saw an expression  @typescript-eslint/no-unused-expressions
   3:9140   warning  'r' is defined but never used                                          @typescript-eslint/no-unused-vars
   3:9185   warning  'e' is defined but never used                                          @typescript-eslint/no-unused-vars
   3:9318   warning  Expected an assignment or function call and instead saw an expression  @typescript-eslint/no-unused-expressions
   3:9365   warning  'r' is defined but never used                                          @typescript-eslint/no-unused-vars
   3:9416   warning  'e' is defined but never used                                          @typescript-eslint/no-unused-vars
   3:9559   warning  Expected an assignment or function call and instead saw an expression  @typescript-eslint/no-unused-expressions
   3:9620   warning  Expected an assignment or function call and instead saw an expression  @typescript-eslint/no-unused-expressions
   3:9648   warning  'n' is defined but never used                                          @typescript-eslint/no-unused-vars
   3:9752   warning  Expected an assignment or function call and instead saw an expression  @typescript-eslint/no-unused-expressions
   3:9887   warning  Expected an assignment or function call and instead saw an expression  @typescript-eslint/no-unused-expressions
   3:10183  warning  Expected an assignment or function call and instead saw an expression  @typescript-eslint/no-unused-expressions
   3:10474  warning  Expected an assignment or function call and instead saw an expression  @typescript-eslint/no-unused-expressions
   3:10580  warning  Expected an assignment or function call and instead saw an expression  @typescript-eslint/no-unused-expressions
   3:11181  warning  Expected an assignment or function call and instead saw an expression  @typescript-eslint/no-unused-expressions
   3:11286  warning  Expected an assignment or function call and instead saw an expression  @typescript-eslint/no-unused-expressions
   3:11631  warning  Expected an assignment or function call and instead saw an expression  @typescript-eslint/no-unused-expressions
   3:11975  warning  Expected an assignment or function call and instead saw an expression  @typescript-eslint/no-unused-expressions
   3:12062  warning  Expected an assignment or function call and instead saw an expression  @typescript-eslint/no-unused-expressions
   3:12096  warning  Expected an assignment or function call and instead saw an expression  @typescript-eslint/no-unused-expressions
   3:12396  warning  Expected an assignment or function call and instead saw an expression  @typescript-eslint/no-unused-expressions
   3:12723  warning  Expected an assignment or function call and instead saw an expression  @typescript-eslint/no-unused-expressions
  19:15     warning  Expected an assignment or function call and instead saw an expression  @typescript-eslint/no-unused-expressions
  48:525    warning  Expected an assignment or function call and instead saw an expression  @typescript-eslint/no-unused-expressions
  48:1271   warning  Expected an assignment or function call and instead saw an expression  @typescript-eslint/no-unused-expressions
  48:1429   warning  Expected an assignment or function call and instead saw an expression  @typescript-eslint/no-unused-expressions
  48:1880   warning  Expected an assignment or function call and instead saw an expression  @typescript-eslint/no-unused-expressions
  48:1912   warning  Expected an assignment or function call and instead saw an expression  @typescript-eslint/no-unused-expressions
  48:1945   warning  Expected an assignment or function call and instead saw an expression  @typescript-eslint/no-unused-expressions
  48:2014   warning  Expected an assignment or function call and instead saw an expression  @typescript-eslint/no-unused-expressions
  48:2063   warning  Expected an assignment or function call and instead saw an expression  @typescript-eslint/no-unused-expressions
  48:2253   warning  Expected an assignment or function call and instead saw an expression  @typescript-eslint/no-unused-expressions
  48:3363   warning  Expected an assignment or function call and instead saw an expression  @typescript-eslint/no-unused-expressions
  48:3819   warning  Expected an assignment or function call and instead saw an expression  @typescript-eslint/no-unused-expressions
  48:3869   warning  Expected an assignment or function call and instead saw an expression  @typescript-eslint/no-unused-expressions
  48:4211   warning  Expected an assignment or function call and instead saw an expression  @typescript-eslint/no-unused-expressions
  48:4418   warning  Expected an assignment or function call and instead saw an expression  @typescript-eslint/no-unused-expressions
  48:4583   warning  Expected an assignment or function call and instead saw an expression  @typescript-eslint/no-unused-expressions
  48:4847   warning  Expected an assignment or function call and instead saw an expression  @typescript-eslint/no-unused-expressions
  48:4961   warning  'i' is defined but never used                                          @typescript-eslint/no-unused-vars
  48:5130   warning  Expected an assignment or function call and instead saw an expression  @typescript-eslint/no-unused-expressions
  48:5313   warning  'i' is defined but never used                                          @typescript-eslint/no-unused-vars
  48:5455   warning  Expected an assignment or function call and instead saw an expression  @typescript-eslint/no-unused-expressions
  48:5873   warning  Expected an assignment or function call and instead saw an expression  @typescript-eslint/no-unused-expressions
  48:6469   warning  Expected an assignment or function call and instead saw an expression  @typescript-eslint/no-unused-expressions
  48:6659   warning  Expected an assignment or function call and instead saw an expression  @typescript-eslint/no-unused-expressions
  48:7073   warning  Expected an assignment or function call and instead saw an expression  @typescript-eslint/no-unused-expressions
  48:7486   warning  Expected an assignment or function call and instead saw an expression  @typescript-eslint/no-unused-expressions
  48:7724   warning  Expected an assignment or function call and instead saw an expression  @typescript-eslint/no-unused-expressions
  48:8321   warning  Expected an assignment or function call and instead saw an expression  @typescript-eslint/no-unused-expressions
  48:8743   warning  Expected an assignment or function call and instead saw an expression  @typescript-eslint/no-unused-expressions
  48:9333   warning  Expected an assignment or function call and instead saw an expression  @typescript-eslint/no-unused-expressions
  48:9807   warning  Expected an assignment or function call and instead saw an expression  @typescript-eslint/no-unused-expressions
  48:9850   warning  't' is defined but never used                                          @typescript-eslint/no-unused-vars
  48:10088  warning  Expected an assignment or function call and instead saw an expression  @typescript-eslint/no-unused-expressions
  48:10253  warning  Expected an assignment or function call and instead saw an expression  @typescript-eslint/no-unused-expressions
  48:11239  warning  Expected an assignment or function call and instead saw an expression  @typescript-eslint/no-unused-expressions
  48:11645  warning  Expected an assignment or function call and instead saw an expression  @typescript-eslint/no-unused-expressions
  48:13898  warning  Expected an assignment or function call and instead saw an expression  @typescript-eslint/no-unused-expressions
  50:329    warning  Expected an assignment or function call and instead saw an expression  @typescript-eslint/no-unused-expressions
  50:922    warning  Expected an assignment or function call and instead saw an expression  @typescript-eslint/no-unused-expressions
  50:1261   warning  Expected an assignment or function call and instead saw an expression  @typescript-eslint/no-unused-expressions
  50:1325   warning  Expected an assignment or function call and instead saw an expression  @typescript-eslint/no-unused-expressions
  50:1838   warning  Expected an assignment or function call and instead saw an expression  @typescript-eslint/no-unused-expressions
  50:1917   warning  Expected an assignment or function call and instead saw an expression  @typescript-eslint/no-unused-expressions
  50:2136   warning  Expected an assignment or function call and instead saw an expression  @typescript-eslint/no-unused-expressions
  50:2450   warning  Expected an assignment or function call and instead saw an expression  @typescript-eslint/no-unused-expressions
  50:2739   warning  Expected an assignment or function call and instead saw an expression  @typescript-eslint/no-unused-expressions
  50:2765   warning  Expected an assignment or function call and instead saw an expression  @typescript-eslint/no-unused-expressions
  50:3019   warning  Expected an assignment or function call and instead saw an expression  @typescript-eslint/no-unused-expressions
  50:3099   warning  Expected an assignment or function call and instead saw an expression  @typescript-eslint/no-unused-expressions
  50:3451   warning  Expected an assignment or function call and instead saw an expression  @typescript-eslint/no-unused-expressions
  50:3946   warning  Expected an assignment or function call and instead saw an expression  @typescript-eslint/no-unused-expressions
  50:4098   warning  Expected an assignment or function call and instead saw an expression  @typescript-eslint/no-unused-expressions
  50:4178   warning  Expected an assignment or function call and instead saw an expression  @typescript-eslint/no-unused-expressions
  50:4542   warning  'e' is defined but never used                                          @typescript-eslint/no-unused-vars
  50:5064   warning  Expected an assignment or function call and instead saw an expression  @typescript-eslint/no-unused-expressions
  50:5449   warning  Expected an assignment or function call and instead saw an expression  @typescript-eslint/no-unused-expressions
  50:5510   warning  Expected an assignment or function call and instead saw an expression  @typescript-eslint/no-unused-expressions
  50:6015   warning  Expected an assignment or function call and instead saw an expression  @typescript-eslint/no-unused-expressions
  50:6052   warning  Expected an assignment or function call and instead saw an expression  @typescript-eslint/no-unused-expressions
  50:6196   warning  Expected an assignment or function call and instead saw an expression  @typescript-eslint/no-unused-expressions
  50:6642   warning  Expected an assignment or function call and instead saw an expression  @typescript-eslint/no-unused-expressions
  50:6727   warning  Expected an assignment or function call and instead saw an expression  @typescript-eslint/no-unused-expressions
  50:7525   warning  Expected an assignment or function call and instead saw an expression  @typescript-eslint/no-unused-expressions
  50:10876  error    Unexpected aliasing of 'this' to local variable                        @typescript-eslint/no-this-alias
  50:11011  error    Unexpected aliasing of 'this' to local variable                        @typescript-eslint/no-this-alias
  50:11096  error    Unexpected aliasing of 'this' to local variable                        @typescript-eslint/no-this-alias
  50:11213  error    Unexpected aliasing of 'this' to local variable                        @typescript-eslint/no-this-alias
  50:11361  error    Unexpected aliasing of 'this' to local variable                        @typescript-eslint/no-this-alias
  50:11496  error    Unexpected aliasing of 'this' to local variable                        @typescript-eslint/no-this-alias
  50:11629  error    Unexpected aliasing of 'this' to local variable                        @typescript-eslint/no-this-alias
  50:11768  error    Unexpected aliasing of 'this' to local variable                        @typescript-eslint/no-this-alias
  50:13255  warning  Expected an assignment or function call and instead saw an expression  @typescript-eslint/no-unused-expressions
  50:13310  warning  'r' is defined but never used                                          @typescript-eslint/no-unused-vars
  50:13640  warning  Expected an assignment or function call and instead saw an expression  @typescript-eslint/no-unused-expressions
  50:13853  warning  Expected an assignment or function call and instead saw an expression  @typescript-eslint/no-unused-expressions
  50:14619  warning  Expected an assignment or function call and instead saw an expression  @typescript-eslint/no-unused-expressions
  50:15788  warning  Expected an assignment or function call and instead saw an expression  @typescript-eslint/no-unused-expressions
  50:15848  warning  Expected an assignment or function call and instead saw an expression  @typescript-eslint/no-unused-expressions
  50:15905  warning  Expected an assignment or function call and instead saw an expression  @typescript-eslint/no-unused-expressions
  50:15962  warning  Expected an assignment or function call and instead saw an expression  @typescript-eslint/no-unused-expressions
  50:16023  warning  Expected an assignment or function call and instead saw an expression  @typescript-eslint/no-unused-expressions
  50:16078  warning  Expected an assignment or function call and instead saw an expression  @typescript-eslint/no-unused-expressions
  50:16131  warning  Expected an assignment or function call and instead saw an expression  @typescript-eslint/no-unused-expressions
  50:16184  warning  Expected an assignment or function call and instead saw an expression  @typescript-eslint/no-unused-expressions
  50:16236  warning  Expected an assignment or function call and instead saw an expression  @typescript-eslint/no-unused-expressions
  50:16290  warning  Expected an assignment or function call and instead saw an expression  @typescript-eslint/no-unused-expressions
  50:16345  warning  Expected an assignment or function call and instead saw an expression  @typescript-eslint/no-unused-expressions
  50:16398  warning  Expected an assignment or function call and instead saw an expression  @typescript-eslint/no-unused-expressions
  50:16452  warning  Expected an assignment or function call and instead saw an expression  @typescript-eslint/no-unused-expressions
  50:16505  warning  Expected an assignment or function call and instead saw an expression  @typescript-eslint/no-unused-expressions
  50:16557  warning  Expected an assignment or function call and instead saw an expression  @typescript-eslint/no-unused-expressions
  50:16612  warning  Expected an assignment or function call and instead saw an expression  @typescript-eslint/no-unused-expressions
  50:16666  warning  Expected an assignment or function call and instead saw an expression  @typescript-eslint/no-unused-expressions
  50:16720  warning  Expected an assignment or function call and instead saw an expression  @typescript-eslint/no-unused-expressions
  50:16776  warning  Expected an assignment or function call and instead saw an expression  @typescript-eslint/no-unused-expressions
  50:16832  warning  Expected an assignment or function call and instead saw an expression  @typescript-eslint/no-unused-expressions
  50:16888  warning  Expected an assignment or function call and instead saw an expression  @typescript-eslint/no-unused-expressions
  50:16947  warning  Expected an assignment or function call and instead saw an expression  @typescript-eslint/no-unused-expressions
  50:17001  warning  Expected an assignment or function call and instead saw an expression  @typescript-eslint/no-unused-expressions
  50:17054  warning  Expected an assignment or function call and instead saw an expression  @typescript-eslint/no-unused-expressions
  50:17110  warning  Expected an assignment or function call and instead saw an expression  @typescript-eslint/no-unused-expressions
  50:17279  warning  Expected an assignment or function call and instead saw an expression  @typescript-eslint/no-unused-expressions
  50:17473  warning  Expected an assignment or function call and instead saw an expression  @typescript-eslint/no-unused-expressions
  50:17844  warning  Expected an assignment or function call and instead saw an expression  @typescript-eslint/no-unused-expressions
  50:18762  warning  Expected an assignment or function call and instead saw an expression  @typescript-eslint/no-unused-expressions
  50:18819  warning  Expected an assignment or function call and instead saw an expression  @typescript-eslint/no-unused-expressions
  50:18875  warning  'n' is defined but never used                                          @typescript-eslint/no-unused-vars
  50:18929  warning  Expected an assignment or function call and instead saw an expression  @typescript-eslint/no-unused-expressions
  50:18981  warning  'e' is defined but never used                                          @typescript-eslint/no-unused-vars
  50:18983  warning  't' is defined but never used                                          @typescript-eslint/no-unused-vars
  50:18985  warning  'n' is defined but never used                                          @typescript-eslint/no-unused-vars
  50:19025  warning  Expected an assignment or function call and instead saw an expression  @typescript-eslint/no-unused-expressions
  50:19081  warning  'n' is defined but never used                                          @typescript-eslint/no-unused-vars
  50:19125  warning  Expected an assignment or function call and instead saw an expression  @typescript-eslint/no-unused-expressions
  50:19253  warning  Expected an assignment or function call and instead saw an expression  @typescript-eslint/no-unused-expressions
  50:19653  warning  Expected an assignment or function call and instead saw an expression  @typescript-eslint/no-unused-expressions
  50:20270  warning  Expected an assignment or function call and instead saw an expression  @typescript-eslint/no-unused-expressions
  50:21369  warning  Expected an assignment or function call and instead saw an expression  @typescript-eslint/no-unused-expressions
  50:21640  warning  Expected an assignment or function call and instead saw an expression  @typescript-eslint/no-unused-expressions
  50:21989  warning  Expected an assignment or function call and instead saw an expression  @typescript-eslint/no-unused-expressions
  50:22045  warning  'r' is defined but never used                                          @typescript-eslint/no-unused-vars
  50:22130  warning  Expected an assignment or function call and instead saw an expression  @typescript-eslint/no-unused-expressions
  50:22336  warning  Expected an assignment or function call and instead saw an expression  @typescript-eslint/no-unused-expressions
  50:22843  warning  Expected an assignment or function call and instead saw an expression  @typescript-eslint/no-unused-expressions
  50:23288  warning  Expected an assignment or function call and instead saw an expression  @typescript-eslint/no-unused-expressions
  50:23394  warning  Expected an assignment or function call and instead saw an expression  @typescript-eslint/no-unused-expressions
  50:23930  warning  Expected an assignment or function call and instead saw an expression  @typescript-eslint/no-unused-expressions
  50:24158  warning  Expected an assignment or function call and instead saw an expression  @typescript-eslint/no-unused-expressions
  50:24466  warning  Expected an assignment or function call and instead saw an expression  @typescript-eslint/no-unused-expressions
  50:24673  warning  Expected an assignment or function call and instead saw an expression  @typescript-eslint/no-unused-expressions
  50:24811  warning  Expected an assignment or function call and instead saw an expression  @typescript-eslint/no-unused-expressions
  50:25161  warning  Expected an assignment or function call and instead saw an expression  @typescript-eslint/no-unused-expressions
  50:25449  warning  Expected an assignment or function call and instead saw an expression  @typescript-eslint/no-unused-expressions
  50:25647  warning  Expected an assignment or function call and instead saw an expression  @typescript-eslint/no-unused-expressions
  50:25751  warning  Expected an assignment or function call and instead saw an expression  @typescript-eslint/no-unused-expressions
  50:25818  warning  Expected an assignment or function call and instead saw an expression  @typescript-eslint/no-unused-expressions
  50:25945  warning  Expected an assignment or function call and instead saw an expression  @typescript-eslint/no-unused-expressions
  50:26037  warning  Expected an assignment or function call and instead saw an expression  @typescript-eslint/no-unused-expressions
  50:26303  warning  Expected an assignment or function call and instead saw an expression  @typescript-eslint/no-unused-expressions
  50:26620  warning  Expected an assignment or function call and instead saw an expression  @typescript-eslint/no-unused-expressions
  50:26687  warning  Expected an assignment or function call and instead saw an expression  @typescript-eslint/no-unused-expressions
  50:26829  warning  Expected an assignment or function call and instead saw an expression  @typescript-eslint/no-unused-expressions
  50:26957  warning  Expected an assignment or function call and instead saw an expression  @typescript-eslint/no-unused-expressions
  50:32343  warning  Expected an assignment or function call and instead saw an expression  @typescript-eslint/no-unused-expressions
  50:33157  warning  Expected an assignment or function call and instead saw an expression  @typescript-eslint/no-unused-expressions
  50:33626  warning  Expected an assignment or function call and instead saw an expression  @typescript-eslint/no-unused-expressions
  50:33874  warning  Expected an assignment or function call and instead saw an expression  @typescript-eslint/no-unused-expressions
  50:33966  warning  Expected an assignment or function call and instead saw an expression  @typescript-eslint/no-unused-expressions
  50:34055  warning  Expected an assignment or function call and instead saw an expression  @typescript-eslint/no-unused-expressions
  50:34360  warning  Expected an assignment or function call and instead saw an expression  @typescript-eslint/no-unused-expressions
  50:34453  warning  Expected an assignment or function call and instead saw an expression  @typescript-eslint/no-unused-expressions
  50:34542  warning  Expected an assignment or function call and instead saw an expression  @typescript-eslint/no-unused-expressions
  50:34812  warning  Expected an assignment or function call and instead saw an expression  @typescript-eslint/no-unused-expressions
  50:34855  warning  Expected an assignment or function call and instead saw an expression  @typescript-eslint/no-unused-expressions
  50:35024  warning  Expected an assignment or function call and instead saw an expression  @typescript-eslint/no-unused-expressions
  50:35286  warning  Expected an assignment or function call and instead saw an expression  @typescript-eslint/no-unused-expressions
  50:35399  warning  Expected an assignment or function call and instead saw an expression  @typescript-eslint/no-unused-expressions
  50:35441  warning  Expected an assignment or function call and instead saw an expression  @typescript-eslint/no-unused-expressions
  50:36064  warning  Expected an assignment or function call and instead saw an expression  @typescript-eslint/no-unused-expressions
  50:36329  warning  Expected an assignment or function call and instead saw an expression  @typescript-eslint/no-unused-expressions
  50:36428  warning  Expected an assignment or function call and instead saw an expression  @typescript-eslint/no-unused-expressions
  50:36745  warning  Expected an assignment or function call and instead saw an expression  @typescript-eslint/no-unused-expressions
  50:36845  warning  Expected an assignment or function call and instead saw an expression  @typescript-eslint/no-unused-expressions
  50:37183  warning  Expected an assignment or function call and instead saw an expression  @typescript-eslint/no-unused-expressions
  50:37269  warning  Expected an assignment or function call and instead saw an expression  @typescript-eslint/no-unused-expressions
  50:37690  warning  Expected an assignment or function call and instead saw an expression  @typescript-eslint/no-unused-expressions
  50:37744  warning  Expected an assignment or function call and instead saw an expression  @typescript-eslint/no-unused-expressions
  50:37877  warning  Expected an assignment or function call and instead saw an expression  @typescript-eslint/no-unused-expressions
  50:38152  warning  Expected an assignment or function call and instead saw an expression  @typescript-eslint/no-unused-expressions
  50:38181  warning  Expected an assignment or function call and instead saw an expression  @typescript-eslint/no-unused-expressions
  50:38405  warning  Expected an assignment or function call and instead saw an expression  @typescript-eslint/no-unused-expressions
  50:38483  warning  Expected an assignment or function call and instead saw an expression  @typescript-eslint/no-unused-expressions
  50:38664  warning  Expected an assignment or function call and instead saw an expression  @typescript-eslint/no-unused-expressions
  50:38718  warning  Expected an assignment or function call and instead saw an expression  @typescript-eslint/no-unused-expressions
  50:38788  warning  Expected an assignment or function call and instead saw an expression  @typescript-eslint/no-unused-expressions
  50:39050  warning  Expected an assignment or function call and instead saw an expression  @typescript-eslint/no-unused-expressions
  50:39117  warning  Expected an assignment or function call and instead saw an expression  @typescript-eslint/no-unused-expressions
  50:39187  warning  Expected an assignment or function call and instead saw an expression  @typescript-eslint/no-unused-expressions
  50:39435  warning  Expected an assignment or function call and instead saw an expression  @typescript-eslint/no-unused-expressions
  50:39502  warning  Expected an assignment or function call and instead saw an expression  @typescript-eslint/no-unused-expressions
  50:39572  warning  Expected an assignment or function call and instead saw an expression  @typescript-eslint/no-unused-expressions
  50:39768  warning  Expected an assignment or function call and instead saw an expression  @typescript-eslint/no-unused-expressions
  50:40018  warning  Expected an assignment or function call and instead saw an expression  @typescript-eslint/no-unused-expressions
  50:40385  warning  Expected an assignment or function call and instead saw an expression  @typescript-eslint/no-unused-expressions
  50:40453  warning  Expected an assignment or function call and instead saw an expression  @typescript-eslint/no-unused-expressions
  50:41342  warning  Expected an assignment or function call and instead saw an expression  @typescript-eslint/no-unused-expressions
  50:41436  warning  Expected an assignment or function call and instead saw an expression  @typescript-eslint/no-unused-expressions

/Users/pranshudhiman/Desktop/vk and company/artifacts/motion-stage-9/before-site/out/_next/static/chunks/558-256938ce57aa1d9b.js
  1:4146   warning  Expected an assignment or function call and instead saw an expression  @typescript-eslint/no-unused-expressions
  1:4172   warning  Expected an assignment or function call and instead saw an expression  @typescript-eslint/no-unused-expressions
  1:4246   warning  Expected an assignment or function call and instead saw an expression  @typescript-eslint/no-unused-expressions
  1:4334   warning  Expected an assignment or function call and instead saw an expression  @typescript-eslint/no-unused-expressions
  1:4463   warning  Expected an assignment or function call and instead saw an expression  @typescript-eslint/no-unused-expressions
  1:6573   warning  Expected an assignment or function call and instead saw an expression  @typescript-eslint/no-unused-expressions
  1:7440   warning  Expected an assignment or function call and instead saw an expression  @typescript-eslint/no-unused-expressions
  1:7731   warning  Expected an assignment or function call and instead saw an expression  @typescript-eslint/no-unused-expressions
  1:8120   warning  Expected an assignment or function call and instead saw an expression  @typescript-eslint/no-unused-expressions
  1:8295   warning  Expected an assignment or function call and instead saw an expression  @typescript-eslint/no-unused-expressions
  1:8750   warning  Expected an assignment or function call and instead saw an expression  @typescript-eslint/no-unused-expressions
  1:9059   warning  Expected an assignment or function call and instead saw an expression  @typescript-eslint/no-unused-expressions
  1:9164   warning  Expected an assignment or function call and instead saw an expression  @typescript-eslint/no-unused-expressions
  1:9359   warning  Expected an assignment or function call and instead saw an expression  @typescript-eslint/no-unused-expressions
  1:9871   warning  Expected an assignment or function call and instead saw an expression  @typescript-eslint/no-unused-expressions
  1:9981   warning  Expected an assignment or function call and instead saw an expression  @typescript-eslint/no-unused-expressions
  1:10320  warning  Expected an assignment or function call and instead saw an expression  @typescript-eslint/no-unused-expressions

/Users/pranshudhiman/Desktop/vk and company/artifacts/motion-stage-9/before-site/out/_next/static/chunks/595-e54c3d7f282871a4.js
  1:4385   warning  Expected an assignment or function call and instead saw an expression  @typescript-eslint/no-unused-expressions
  1:4411   warning  Expected an assignment or function call and instead saw an expression  @typescript-eslint/no-unused-expressions
  1:4485   warning  Expected an assignment or function call and instead saw an expression  @typescript-eslint/no-unused-expressions
  1:4573   warning  Expected an assignment or function call and instead saw an expression  @typescript-eslint/no-unused-expressions
  1:4702   warning  Expected an assignment or function call and instead saw an expression  @typescript-eslint/no-unused-expressions
  1:5408   warning  Expected an assignment or function call and instead saw an expression  @typescript-eslint/no-unused-expressions
  1:6992   warning  Expected an assignment or function call and instead saw an expression  @typescript-eslint/no-unused-expressions
  1:7859   warning  Expected an assignment or function call and instead saw an expression  @typescript-eslint/no-unused-expressions
  1:8150   warning  Expected an assignment or function call and instead saw an expression  @typescript-eslint/no-unused-expressions
  1:8539   warning  Expected an assignment or function call and instead saw an expression  @typescript-eslint/no-unused-expressions
  1:8714   warning  Expected an assignment or function call and instead saw an expression  @typescript-eslint/no-unused-expressions
  1:9169   warning  Expected an assignment or function call and instead saw an expression  @typescript-eslint/no-unused-expressions
  1:9478   warning  Expected an assignment or function call and instead saw an expression  @typescript-eslint/no-unused-expressions
  1:9583   warning  Expected an assignment or function call and instead saw an expression  @typescript-eslint/no-unused-expressions
  1:9778   warning  Expected an assignment or function call and instead saw an expression  @typescript-eslint/no-unused-expressions
  1:10290  warning  Expected an assignment or function call and instead saw an expression  @typescript-eslint/no-unused-expressions
  1:10646  warning  Expected an assignment or function call and instead saw an expression  @typescript-eslint/no-unused-expressions

/Users/pranshudhiman/Desktop/vk and company/artifacts/motion-stage-9/before-site/out/_next/static/chunks/682.f45e8d97cbb7f9c7.js
  1:304   warning  Expected an assignment or function call and instead saw an expression  @typescript-eslint/no-unused-expressions
  1:527   warning  Expected an assignment or function call and instead saw an expression  @typescript-eslint/no-unused-expressions
  1:599   warning  Expected an assignment or function call and instead saw an expression  @typescript-eslint/no-unused-expressions
  1:659   warning  Expected an assignment or function call and instead saw an expression  @typescript-eslint/no-unused-expressions
  1:720   warning  Expected an assignment or function call and instead saw an expression  @typescript-eslint/no-unused-expressions
  1:1179  warning  Expected an assignment or function call and instead saw an expression  @typescript-eslint/no-unused-expressions
  1:1294  warning  Expected an assignment or function call and instead saw an expression  @typescript-eslint/no-unused-expressions
  1:1555  warning  Expected an assignment or function call and instead saw an expression  @typescript-eslint/no-unused-expressions
  1:1652  warning  Expected an assignment or function call and instead saw an expression  @typescript-eslint/no-unused-expressions
  1:1700  warning  Expected an assignment or function call and instead saw an expression  @typescript-eslint/no-unused-expressions
  1:1859  warning  Expected an assignment or function call and instead saw an expression  @typescript-eslint/no-unused-expressions
  1:1958  warning  Expected an assignment or function call and instead saw an expression  @typescript-eslint/no-unused-expressions
  1:2173  warning  Expected an assignment or function call and instead saw an expression  @typescript-eslint/no-unused-expressions
  1:2275  warning  Expected an assignment or function call and instead saw an expression  @typescript-eslint/no-unused-expressions

/Users/pranshudhiman/Desktop/vk and company/artifacts/motion-stage-9/before-site/out/_next/static/chunks/6994b59d.eb382c15690944e5.js
   1:3579    warning  Expected an assignment or function call and instead saw an expression  @typescript-eslint/no-unused-expressions
   1:3904    warning  Expected an assignment or function call and instead saw an expression  @typescript-eslint/no-unused-expressions
   1:4189    warning  Expected an assignment or function call and instead saw an expression  @typescript-eslint/no-unused-expressions
   1:4258    warning  Expected an assignment or function call and instead saw an expression  @typescript-eslint/no-unused-expressions
   1:4530    warning  Expected an assignment or function call and instead saw an expression  @typescript-eslint/no-unused-expressions
   1:7971    warning  Expected an assignment or function call and instead saw an expression  @typescript-eslint/no-unused-expressions
   1:8947    warning  Expected an assignment or function call and instead saw an expression  @typescript-eslint/no-unused-expressions
   1:12250   warning  Expected an assignment or function call and instead saw an expression  @typescript-eslint/no-unused-expressions
   1:12315   warning  Expected an assignment or function call and instead saw an expression  @typescript-eslint/no-unused-expressions
   1:12493   warning  Expected an assignment or function call and instead saw an expression  @typescript-eslint/no-unused-expressions
   1:12545   warning  Expected an assignment or function call and instead saw an expression  @typescript-eslint/no-unused-expressions
   1:12641   warning  Expected an assignment or function call and instead saw an expression  @typescript-eslint/no-unused-expressions
   1:12728   warning  Expected an assignment or function call and instead saw an expression  @typescript-eslint/no-unused-expressions
   1:12884   warning  Expected an assignment or function call and instead saw an expression  @typescript-eslint/no-unused-expressions
   1:12905   warning  Expected an assignment or function call and instead saw an expression  @typescript-eslint/no-unused-expressions
   1:13186   warning  Expected an assignment or function call and instead saw an expression  @typescript-eslint/no-unused-expressions
   1:13253   warning  Expected an assignment or function call and instead saw an expression  @typescript-eslint/no-unused-expressions
   1:13320   warning  Expected an assignment or function call and instead saw an expression  @typescript-eslint/no-unused-expressions
   1:13387   warning  Expected an assignment or function call and instead saw an expression  @typescript-eslint/no-unused-expressions
   1:13827   warning  Expected an assignment or function call and instead saw an expression  @typescript-eslint/no-unused-expressions
   1:13923   warning  Expected an assignment or function call and instead saw an expression  @typescript-eslint/no-unused-expressions
   1:14019   warning  Expected an assignment or function call and instead saw an expression  @typescript-eslint/no-unused-expressions
   1:14115   warning  Expected an assignment or function call and instead saw an expression  @typescript-eslint/no-unused-expressions
   1:14211   warning  Expected an assignment or function call and instead saw an expression  @typescript-eslint/no-unused-expressions
   1:14307   warning  Expected an assignment or function call and instead saw an expression  @typescript-eslint/no-unused-expressions
   1:14803   warning  Expected an assignment or function call and instead saw an expression  @typescript-eslint/no-unused-expressions
   1:14910   warning  Expected an assignment or function call and instead saw an expression  @typescript-eslint/no-unused-expressions
   1:15012   warning  Expected an assignment or function call and instead saw an expression  @typescript-eslint/no-unused-expressions
   1:15106   warning  Expected an assignment or function call and instead saw an expression  @typescript-eslint/no-unused-expressions
   1:16663   warning  Expected an assignment or function call and instead saw an expression  @typescript-eslint/no-unused-expressions
   1:16750   warning  Expected an assignment or function call and instead saw an expression  @typescript-eslint/no-unused-expressions
   1:16904   warning  Expected an assignment or function call and instead saw an expression  @typescript-eslint/no-unused-expressions
   1:17796   warning  Expected an assignment or function call and instead saw an expression  @typescript-eslint/no-unused-expressions
   1:17887   warning  Expected an assignment or function call and instead saw an expression  @typescript-eslint/no-unused-expressions
   1:24158   warning  Expected an assignment or function call and instead saw an expression  @typescript-eslint/no-unused-expressions
   1:24262   warning  Expected an assignment or function call and instead saw an expression  @typescript-eslint/no-unused-expressions
   1:29786   warning  Expected an assignment or function call and instead saw an expression  @typescript-eslint/no-unused-expressions
   1:29874   warning  Expected an assignment or function call and instead saw an expression  @typescript-eslint/no-unused-expressions
   1:30198   warning  Expected an assignment or function call and instead saw an expression  @typescript-eslint/no-unused-expressions
   1:30587   warning  Expected an assignment or function call and instead saw an expression  @typescript-eslint/no-unused-expressions
   1:30776   warning  Expected an assignment or function call and instead saw an expression  @typescript-eslint/no-unused-expressions
   1:31192   warning  Expected an assignment or function call and instead saw an expression  @typescript-eslint/no-unused-expressions
   1:31443   warning  Expected an assignment or function call and instead saw an expression  @typescript-eslint/no-unused-expressions
   1:32061   warning  Expected an assignment or function call and instead saw an expression  @typescript-eslint/no-unused-expressions
   1:34389   warning  Expected an assignment or function call and instead saw an expression  @typescript-eslint/no-unused-expressions
   1:35595   warning  Expected an assignment or function call and instead saw an expression  @typescript-eslint/no-unused-expressions
   1:35783   warning  Expected an assignment or function call and instead saw an expression  @typescript-eslint/no-unused-expressions
   1:35914   warning  Expected an assignment or function call and instead saw an expression  @typescript-eslint/no-unused-expressions
   1:35990   warning  Expected an assignment or function call and instead saw an expression  @typescript-eslint/no-unused-expressions
   1:36019   warning  Expected an assignment or function call and instead saw an expression  @typescript-eslint/no-unused-expressions
   1:36126   warning  Expected an assignment or function call and instead saw an expression  @typescript-eslint/no-unused-expressions
   1:41370   warning  Expected an assignment or function call and instead saw an expression  @typescript-eslint/no-unused-expressions
   1:41469   warning  Expected an assignment or function call and instead saw an expression  @typescript-eslint/no-unused-expressions
   1:41935   warning  Expected an assignment or function call and instead saw an expression  @typescript-eslint/no-unused-expressions
   1:42039   warning  Expected an assignment or function call and instead saw an expression  @typescript-eslint/no-unused-expressions
   1:42427   warning  Expected an assignment or function call and instead saw an expression  @typescript-eslint/no-unused-expressions
   1:43173   warning  Expected an assignment or function call and instead saw an expression  @typescript-eslint/no-unused-expressions
   1:43406   warning  Expected an assignment or function call and instead saw an expression  @typescript-eslint/no-unused-expressions
   1:43489   warning  Expected an assignment or function call and instead saw an expression  @typescript-eslint/no-unused-expressions
   1:43702   warning  Expected an assignment or function call and instead saw an expression  @typescript-eslint/no-unused-expressions
   1:43812   warning  Expected an assignment or function call and instead saw an expression  @typescript-eslint/no-unused-expressions
   1:44026   warning  Expected an assignment or function call and instead saw an expression  @typescript-eslint/no-unused-expressions
   1:44575   warning  Expected an assignment or function call and instead saw an expression  @typescript-eslint/no-unused-expressions
   1:44669   warning  Expected an assignment or function call and instead saw an expression  @typescript-eslint/no-unused-expressions
   1:45032   warning  Expected an assignment or function call and instead saw an expression  @typescript-eslint/no-unused-expressions
   1:45309   warning  Expected an assignment or function call and instead saw an expression  @typescript-eslint/no-unused-expressions
   1:46810   warning  Expected an assignment or function call and instead saw an expression  @typescript-eslint/no-unused-expressions
   1:46937   warning  Expected an assignment or function call and instead saw an expression  @typescript-eslint/no-unused-expressions
   1:48377   warning  Expected an assignment or function call and instead saw an expression  @typescript-eslint/no-unused-expressions
   1:50515   warning  Expected an assignment or function call and instead saw an expression  @typescript-eslint/no-unused-expressions
   1:50652   warning  Expected an assignment or function call and instead saw an expression  @typescript-eslint/no-unused-expressions
   1:52003   warning  Expected an assignment or function call and instead saw an expression  @typescript-eslint/no-unused-expressions
   1:52741   warning  Expected an assignment or function call and instead saw an expression  @typescript-eslint/no-unused-expressions
   1:53584   warning  Expected an assignment or function call and instead saw an expression  @typescript-eslint/no-unused-expressions
   1:53869   warning  Expected an assignment or function call and instead saw an expression  @typescript-eslint/no-unused-expressions
   1:54019   warning  Expected an assignment or function call and instead saw an expression  @typescript-eslint/no-unused-expressions
   1:54247   warning  Expected an assignment or function call and instead saw an expression  @typescript-eslint/no-unused-expressions
   1:55674   warning  Expected an assignment or function call and instead saw an expression  @typescript-eslint/no-unused-expressions
   1:55820   warning  Expected an assignment or function call and instead saw an expression  @typescript-eslint/no-unused-expressions
   1:56326   warning  Expected an assignment or function call and instead saw an expression  @typescript-eslint/no-unused-expressions
   1:58062   warning  Expected an assignment or function call and instead saw an expression  @typescript-eslint/no-unused-expressions
   1:58205   warning  Expected an assignment or function call and instead saw an expression  @typescript-eslint/no-unused-expressions
   1:58347   warning  Expected an assignment or function call and instead saw an expression  @typescript-eslint/no-unused-expressions
   1:58490   warning  Expected an assignment or function call and instead saw an expression  @typescript-eslint/no-unused-expressions
   1:58632   warning  Expected an assignment or function call and instead saw an expression  @typescript-eslint/no-unused-expressions
   1:58775   warning  Expected an assignment or function call and instead saw an expression  @typescript-eslint/no-unused-expressions
   1:63571   warning  Expected an assignment or function call and instead saw an expression  @typescript-eslint/no-unused-expressions
   1:63925   warning  Expected an assignment or function call and instead saw an expression  @typescript-eslint/no-unused-expressions
   1:63962   warning  Expected an assignment or function call and instead saw an expression  @typescript-eslint/no-unused-expressions
   1:64009   warning  Expected an assignment or function call and instead saw an expression  @typescript-eslint/no-unused-expressions
   1:64352   warning  Expected an assignment or function call and instead saw an expression  @typescript-eslint/no-unused-expressions
   1:64387   warning  Expected an assignment or function call and instead saw an expression  @typescript-eslint/no-unused-expressions
   1:64430   warning  Expected an assignment or function call and instead saw an expression  @typescript-eslint/no-unused-expressions
   1:65282   warning  Expected an assignment or function call and instead saw an expression  @typescript-eslint/no-unused-expressions
   1:65374   warning  Expected an assignment or function call and instead saw an expression  @typescript-eslint/no-unused-expressions
   1:65441   warning  Expected an assignment or function call and instead saw an expression  @typescript-eslint/no-unused-expressions
   1:65508   warning  Expected an assignment or function call and instead saw an expression  @typescript-eslint/no-unused-expressions
   1:65587   warning  Expected an assignment or function call and instead saw an expression  @typescript-eslint/no-unused-expressions
   1:66055   warning  Expected an assignment or function call and instead saw an expression  @typescript-eslint/no-unused-expressions
   1:66210   warning  Expected an assignment or function call and instead saw an expression  @typescript-eslint/no-unused-expressions
   1:66365   warning  Expected an assignment or function call and instead saw an expression  @typescript-eslint/no-unused-expressions
   1:66520   warning  Expected an assignment or function call and instead saw an expression  @typescript-eslint/no-unused-expressions
   1:66675   warning  Expected an assignment or function call and instead saw an expression  @typescript-eslint/no-unused-expressions
   1:66830   warning  Expected an assignment or function call and instead saw an expression  @typescript-eslint/no-unused-expressions
   1:67737   warning  Expected an assignment or function call and instead saw an expression  @typescript-eslint/no-unused-expressions
   1:68362   warning  Expected an assignment or function call and instead saw an expression  @typescript-eslint/no-unused-expressions
   1:68597   warning  Expected an assignment or function call and instead saw an expression  @typescript-eslint/no-unused-expressions
   1:69482   warning  Expected an assignment or function call and instead saw an expression  @typescript-eslint/no-unused-expressions
   1:70691   warning  Expected an assignment or function call and instead saw an expression  @typescript-eslint/no-unused-expressions
   1:70746   warning  Expected an assignment or function call and instead saw an expression  @typescript-eslint/no-unused-expressions
   1:72490   warning  Expected an assignment or function call and instead saw an expression  @typescript-eslint/no-unused-expressions
   1:73290   warning  Expected an assignment or function call and instead saw an expression  @typescript-eslint/no-unused-expressions
   1:73345   warning  Expected an assignment or function call and instead saw an expression  @typescript-eslint/no-unused-expressions
   1:73459   warning  Expected an assignment or function call and instead saw an expression  @typescript-eslint/no-unused-expressions
   1:74245   warning  Expected an assignment or function call and instead saw an expression  @typescript-eslint/no-unused-expressions
   1:76317   warning  Expected an assignment or function call and instead saw an expression  @typescript-eslint/no-unused-expressions
   1:77675   warning  Expected an assignment or function call and instead saw an expression  @typescript-eslint/no-unused-expressions
   1:77960   warning  Expected an assignment or function call and instead saw an expression  @typescript-eslint/no-unused-expressions
   1:78810   warning  Expected an assignment or function call and instead saw an expression  @typescript-eslint/no-unused-expressions
   1:79093   warning  Expected an assignment or function call and instead saw an expression  @typescript-eslint/no-unused-expressions
   1:79146   warning  Expected an assignment or function call and instead saw an expression  @typescript-eslint/no-unused-expressions
   1:79302   warning  Expected an assignment or function call and instead saw an expression  @typescript-eslint/no-unused-expressions
   1:81381   warning  Expected an assignment or function call and instead saw an expression  @typescript-eslint/no-unused-expressions
   1:85644   warning  Expected an assignment or function call and instead saw an expression  @typescript-eslint/no-unused-expressions
   1:85783   warning  Expected an assignment or function call and instead saw an expression  @typescript-eslint/no-unused-expressions
   1:87880   warning  Expected an assignment or function call and instead saw an expression  @typescript-eslint/no-unused-expressions
   1:89069   warning  Expected an assignment or function call and instead saw an expression  @typescript-eslint/no-unused-expressions
   1:89739   warning  Expected an assignment or function call and instead saw an expression  @typescript-eslint/no-unused-expressions
   1:89848   warning  Expected an assignment or function call and instead saw an expression  @typescript-eslint/no-unused-expressions
   1:90944   warning  Expected an assignment or function call and instead saw an expression  @typescript-eslint/no-unused-expressions
   1:91338   warning  Expected an assignment or function call and instead saw an expression  @typescript-eslint/no-unused-expressions
   1:91459   warning  Expected an assignment or function call and instead saw an expression  @typescript-eslint/no-unused-expressions
   1:91615   warning  Expected an assignment or function call and instead saw an expression  @typescript-eslint/no-unused-expressions
   1:99559   warning  Expected an assignment or function call and instead saw an expression  @typescript-eslint/no-unused-expressions
   1:99677   warning  Expected an assignment or function call and instead saw an expression  @typescript-eslint/no-unused-expressions
   1:101277  warning  Expected an assignment or function call and instead saw an expression  @typescript-eslint/no-unused-expressions
   1:101336  warning  Expected an assignment or function call and instead saw an expression  @typescript-eslint/no-unused-expressions
   1:102544  warning  Expected an assignment or function call and instead saw an expression  @typescript-eslint/no-unused-expressions
   1:102819  warning  Expected an assignment or function call and instead saw an expression  @typescript-eslint/no-unused-expressions
   1:103198  warning  Expected an assignment or function call and instead saw an expression  @typescript-eslint/no-unused-expressions
   1:103419  warning  Expected an assignment or function call and instead saw an expression  @typescript-eslint/no-unused-expressions
   1:103552  warning  Expected an assignment or function call and instead saw an expression  @typescript-eslint/no-unused-expressions
   1:103693  warning  Expected an assignment or function call and instead saw an expression  @typescript-eslint/no-unused-expressions
   1:103839  warning  Expected an assignment or function call and instead saw an expression  @typescript-eslint/no-unused-expressions
   1:103991  warning  Expected an assignment or function call and instead saw an expression  @typescript-eslint/no-unused-expressions
   1:106237  warning  Expected an assignment or function call and instead saw an expression  @typescript-eslint/no-unused-expressions
   1:107152  warning  Expected an assignment or function call and instead saw an expression  @typescript-eslint/no-unused-expressions
   1:107245  warning  Expected an assignment or function call and instead saw an expression  @typescript-eslint/no-unused-expressions
   1:107372  warning  Expected an assignment or function call and instead saw an expression  @typescript-eslint/no-unused-expressions
   1:108524  warning  Expected an assignment or function call and instead saw an expression  @typescript-eslint/no-unused-expressions
   1:108695  warning  Expected an assignment or function call and instead saw an expression  @typescript-eslint/no-unused-expressions
   1:108838  warning  Expected an assignment or function call and instead saw an expression  @typescript-eslint/no-unused-expressions
   1:109129  warning  Expected an assignment or function call and instead saw an expression  @typescript-eslint/no-unused-expressions
   1:109457  warning  Expected an assignment or function call and instead saw an expression  @typescript-eslint/no-unused-expressions
   1:109713  warning  Expected an assignment or function call and instead saw an expression  @typescript-eslint/no-unused-expressions
   1:109862  warning  Expected an assignment or function call and instead saw an expression  @typescript-eslint/no-unused-expressions
   1:110125  warning  Expected an assignment or function call and instead saw an expression  @typescript-eslint/no-unused-expressions
   1:110388  warning  Expected an assignment or function call and instead saw an expression  @typescript-eslint/no-unused-expressions
   1:110560  warning  Expected an assignment or function call and instead saw an expression  @typescript-eslint/no-unused-expressions
   1:110670  warning  Expected an assignment or function call and instead saw an expression  @typescript-eslint/no-unused-expressions
   1:111152  warning  Expected an assignment or function call and instead saw an expression  @typescript-eslint/no-unused-expressions
   1:111325  warning  Expected an assignment or function call and instead saw an expression  @typescript-eslint/no-unused-expressions
   1:111439  warning  Expected an assignment or function call and instead saw an expression  @typescript-eslint/no-unused-expressions
   1:111573  warning  Expected an assignment or function call and instead saw an expression  @typescript-eslint/no-unused-expressions
   1:111590  warning  Expected an assignment or function call and instead saw an expression  @typescript-eslint/no-unused-expressions
   1:111814  warning  Expected an assignment or function call and instead saw an expression  @typescript-eslint/no-unused-expressions
   1:112137  warning  Expected an assignment or function call and instead saw an expression  @typescript-eslint/no-unused-expressions
   1:112185  warning  Expected an assignment or function call and instead saw an expression  @typescript-eslint/no-unused-expressions
   1:112403  warning  Expected an assignment or function call and instead saw an expression  @typescript-eslint/no-unused-expressions
   1:112584  warning  Expected an assignment or function call and instead saw an expression  @typescript-eslint/no-unused-expressions
   1:112866  warning  Expected an assignment or function call and instead saw an expression  @typescript-eslint/no-unused-expressions
   1:113210  warning  Expected an assignment or function call and instead saw an expression  @typescript-eslint/no-unused-expressions
   1:113422  warning  Expected an assignment or function call and instead saw an expression  @typescript-eslint/no-unused-expressions
   1:113542  warning  Expected an assignment or function call and instead saw an expression  @typescript-eslint/no-unused-expressions
   1:114689  warning  Expected an assignment or function call and instead saw an expression  @typescript-eslint/no-unused-expressions
   1:114765  warning  Expected an assignment or function call and instead saw an expression  @typescript-eslint/no-unused-expressions
   1:115103  warning  Expected an assignment or function call and instead saw an expression  @typescript-eslint/no-unused-expressions
   1:115129  warning  Expected an assignment or function call and instead saw an expression  @typescript-eslint/no-unused-expressions
   1:115231  warning  Expected an assignment or function call and instead saw an expression  @typescript-eslint/no-unused-expressions
   1:115426  warning  Expected an assignment or function call and instead saw an expression  @typescript-eslint/no-unused-expressions
   1:115587  warning  Expected an assignment or function call and instead saw an expression  @typescript-eslint/no-unused-expressions
   1:116009  warning  Expected an assignment or function call and instead saw an expression  @typescript-eslint/no-unused-expressions
   1:116441  warning  Expected an assignment or function call and instead saw an expression  @typescript-eslint/no-unused-expressions
   1:117071  warning  Expected an assignment or function call and instead saw an expression  @typescript-eslint/no-unused-expressions
   1:117190  warning  Expected an assignment or function call and instead saw an expression  @typescript-eslint/no-unused-expressions
   1:117514  warning  Expected an assignment or function call and instead saw an expression  @typescript-eslint/no-unused-expressions
   1:117697  warning  Expected an assignment or function call and instead saw an expression  @typescript-eslint/no-unused-expressions
   1:118501  warning  Expected an assignment or function call and instead saw an expression  @typescript-eslint/no-unused-expressions
   1:118726  warning  Expected an assignment or function call and instead saw an expression  @typescript-eslint/no-unused-expressions
   1:119040  warning  Expected an assignment or function call and instead saw an expression  @typescript-eslint/no-unused-expressions
   1:119241  warning  Expected an assignment or function call and instead saw an expression  @typescript-eslint/no-unused-expressions
   1:119352  warning  Expected an assignment or function call and instead saw an expression  @typescript-eslint/no-unused-expressions
   1:119569  warning  Expected an assignment or function call and instead saw an expression  @typescript-eslint/no-unused-expressions
   1:119755  warning  Expected an assignment or function call and instead saw an expression  @typescript-eslint/no-unused-expressions
   1:120066  warning  Expected an assignment or function call and instead saw an expression  @typescript-eslint/no-unused-expressions
   1:120187  warning  Expected an assignment or function call and instead saw an expression  @typescript-eslint/no-unused-expressions
   1:120317  error    Unexpected aliasing of 'this' to local variable                        @typescript-eslint/no-this-alias
   1:120324  warning  Expected an assignment or function call and instead saw an expression  @typescript-eslint/no-unused-expressions
   1:120557  warning  Expected an assignment or function call and instead saw an expression  @typescript-eslint/no-unused-expressions
   1:120783  warning  Expected an assignment or function call and instead saw an expression  @typescript-eslint/no-unused-expressions
   1:120816  warning  Expected an assignment or function call and instead saw an expression  @typescript-eslint/no-unused-expressions
   1:120844  warning  Expected an assignment or function call and instead saw an expression  @typescript-eslint/no-unused-expressions
   1:121459  warning  Expected an assignment or function call and instead saw an expression  @typescript-eslint/no-unused-expressions
   1:122089  warning  Expected an assignment or function call and instead saw an expression  @typescript-eslint/no-unused-expressions
   1:123555  warning  Expected an assignment or function call and instead saw an expression  @typescript-eslint/no-unused-expressions
   1:123992  warning  Expected an assignment or function call and instead saw an expression  @typescript-eslint/no-unused-expressions
   1:124207  warning  Expected an assignment or function call and instead saw an expression  @typescript-eslint/no-unused-expressions
   1:124328  warning  Expected an assignment or function call and instead saw an expression  @typescript-eslint/no-unused-expressions
   1:124886  warning  Expected an assignment or function call and instead saw an expression  @typescript-eslint/no-unused-expressions
   1:124992  warning  Expected an assignment or function call and instead saw an expression  @typescript-eslint/no-unused-expressions
   1:125214  warning  Expected an assignment or function call and instead saw an expression  @typescript-eslint/no-unused-expressions
   1:125737  warning  Expected an assignment or function call and instead saw an expression  @typescript-eslint/no-unused-expressions
   1:126095  warning  Expected an assignment or function call and instead saw an expression  @typescript-eslint/no-unused-expressions
   1:126394  warning  Expected an assignment or function call and instead saw an expression  @typescript-eslint/no-unused-expressions
   1:126706  warning  Expected an assignment or function call and instead saw an expression  @typescript-eslint/no-unused-expressions
   1:126972  warning  Expected an assignment or function call and instead saw an expression  @typescript-eslint/no-unused-expressions
   1:127055  warning  Expected an assignment or function call and instead saw an expression  @typescript-eslint/no-unused-expressions
   1:127619  warning  Expected an assignment or function call and instead saw an expression  @typescript-eslint/no-unused-expressions
   1:127748  warning  Expected an assignment or function call and instead saw an expression  @typescript-eslint/no-unused-expressions
   1:127807  warning  Expected an assignment or function call and instead saw an expression  @typescript-eslint/no-unused-expressions
   1:127866  warning  Expected an assignment or function call and instead saw an expression  @typescript-eslint/no-unused-expressions
   1:127925  warning  Expected an assignment or function call and instead saw an expression  @typescript-eslint/no-unused-expressions
   1:127984  warning  Expected an assignment or function call and instead saw an expression  @typescript-eslint/no-unused-expressions
   1:128043  warning  Expected an assignment or function call and instead saw an expression  @typescript-eslint/no-unused-expressions
   1:128210  warning  Expected an assignment or function call and instead saw an expression  @typescript-eslint/no-unused-expressions
   1:128423  warning  Expected an assignment or function call and instead saw an expression  @typescript-eslint/no-unused-expressions
   1:128731  warning  Expected an assignment or function call and instead saw an expression  @typescript-eslint/no-unused-expressions
   1:128777  warning  Expected an assignment or function call and instead saw an expression  @typescript-eslint/no-unused-expressions
   1:128867  warning  Expected an assignment or function call and instead saw an expression  @typescript-eslint/no-unused-expressions
   1:129151  warning  Expected an assignment or function call and instead saw an expression  @typescript-eslint/no-unused-expressions
   1:129572  warning  Expected an assignment or function call and instead saw an expression  @typescript-eslint/no-unused-expressions
   1:129736  warning  Expected an assignment or function call and instead saw an expression  @typescript-eslint/no-unused-expressions
   1:129816  warning  Expected an assignment or function call and instead saw an expression  @typescript-eslint/no-unused-expressions
   1:129948  warning  Expected an assignment or function call and instead saw an expression  @typescript-eslint/no-unused-expressions
  36:428     warning  Expected an assignment or function call and instead saw an expression  @typescript-eslint/no-unused-expressions
  36:525     warning  Expected an assignment or function call and instead saw an expression  @typescript-eslint/no-unused-expressions
  36:612     warning  Expected an assignment or function call and instead saw an expression  @typescript-eslint/no-unused-expressions
  36:2201    warning  Expected an assignment or function call and instead saw an expression  @typescript-eslint/no-unused-expressions
  36:2467    warning  Expected an assignment or function call and instead saw an expression  @typescript-eslint/no-unused-expressions
  36:2739    warning  Expected an assignment or function call and instead saw an expression  @typescript-eslint/no-unused-expressions
  36:3133    warning  Expected an assignment or function call and instead saw an expression  @typescript-eslint/no-unused-expressions
  36:3742    warning  Expected an assignment or function call and instead saw an expression  @typescript-eslint/no-unused-expressions
  36:3874    warning  Expected an assignment or function call and instead saw an expression  @typescript-eslint/no-unused-expressions
  36:5372    warning  Expected an assignment or function call and instead saw an expression  @typescript-eslint/no-unused-expressions
  36:5599    warning  Expected an assignment or function call and instead saw an expression  @typescript-eslint/no-unused-expressions
  36:8072    warning  Expected an assignment or function call and instead saw an expression  @typescript-eslint/no-unused-expressions
  36:8480    warning  Expected an assignment or function call and instead saw an expression  @typescript-eslint/no-unused-expressions
  36:8607    warning  Expected an assignment or function call and instead saw an expression  @typescript-eslint/no-unused-expressions
  36:9579    warning  Expected an assignment or function call and instead saw an expression  @typescript-eslint/no-unused-expressions
  36:10048   warning  Expected an assignment or function call and instead saw an expression  @typescript-eslint/no-unused-expressions
  36:10248   warning  Expected an assignment or function call and instead saw an expression  @typescript-eslint/no-unused-expressions
  36:10396   warning  Expected an assignment or function call and instead saw an expression  @typescript-eslint/no-unused-expressions
  36:11068   warning  Expected an assignment or function call and instead saw an expression  @typescript-eslint/no-unused-expressions
  36:11171   warning  Expected an assignment or function call and instead saw an expression  @typescript-eslint/no-unused-expressions
  36:11508   warning  Expected an assignment or function call and instead saw an expression  @typescript-eslint/no-unused-expressions
  36:11857   warning  Expected an assignment or function call and instead saw an expression  @typescript-eslint/no-unused-expressions
  36:11961   warning  Expected an assignment or function call and instead saw an expression  @typescript-eslint/no-unused-expressions
  36:12421   warning  Expected an assignment or function call and instead saw an expression  @typescript-eslint/no-unused-expressions
  36:12493   warning  Expected an assignment or function call and instead saw an expression  @typescript-eslint/no-unused-expressions
  36:13018   warning  Expected an assignment or function call and instead saw an expression  @typescript-eslint/no-unused-expressions
  36:13325   warning  Expected an assignment or function call and instead saw an expression  @typescript-eslint/no-unused-expressions
  36:13598   warning  Expected an assignment or function call and instead saw an expression  @typescript-eslint/no-unused-expressions
  36:14332   warning  'rC' is defined but never used                                         @typescript-eslint/no-unused-vars
  36:14371   warning  Expected an assignment or function call and instead saw an expression  @typescript-eslint/no-unused-expressions
  36:14487   warning  Expected an assignment or function call and instead saw an expression  @typescript-eslint/no-unused-expressions
  36:14825   warning  'rB' is defined but never used                                         @typescript-eslint/no-unused-vars
  36:14883   warning  Expected an assignment or function call and instead saw an expression  @typescript-eslint/no-unused-expressions
  36:15104   warning  Expected an assignment or function call and instead saw an expression  @typescript-eslint/no-unused-expressions
  36:15577   warning  Expected an assignment or function call and instead saw an expression  @typescript-eslint/no-unused-expressions
  36:15776   warning  Expected an assignment or function call and instead saw an expression  @typescript-eslint/no-unused-expressions
  36:16010   warning  Expected an assignment or function call and instead saw an expression  @typescript-eslint/no-unused-expressions
  36:16431   warning  Expected an assignment or function call and instead saw an expression  @typescript-eslint/no-unused-expressions
  36:16908   warning  'rE' is defined but never used                                         @typescript-eslint/no-unused-vars
  36:16971   warning  Expected an assignment or function call and instead saw an expression  @typescript-eslint/no-unused-expressions
  36:17586   warning  'rL' is defined but never used                                         @typescript-eslint/no-unused-vars
  36:17649   warning  Expected an assignment or function call and instead saw an expression  @typescript-eslint/no-unused-expressions
  36:18288   warning  'rD' is defined but never used                                         @typescript-eslint/no-unused-vars
  36:18333   warning  Expected an assignment or function call and instead saw an expression  @typescript-eslint/no-unused-expressions
  36:18933   warning  'rj' is defined but never used                                         @typescript-eslint/no-unused-vars
  36:18978   warning  Expected an assignment or function call and instead saw an expression  @typescript-eslint/no-unused-expressions
  36:19580   warning  'rU' is defined but never used                                         @typescript-eslint/no-unused-vars
  36:19634   warning  Expected an assignment or function call and instead saw an expression  @typescript-eslint/no-unused-expressions
  36:20163   warning  'rW' is defined but never used                                         @typescript-eslint/no-unused-vars
  36:20217   warning  Expected an assignment or function call and instead saw an expression  @typescript-eslint/no-unused-expressions
  36:20766   warning  'rJ' is defined but never used                                         @typescript-eslint/no-unused-vars
  36:20798   warning  Expected an assignment or function call and instead saw an expression  @typescript-eslint/no-unused-expressions
  36:21102   warning  Expected an assignment or function call and instead saw an expression  @typescript-eslint/no-unused-expressions
  36:21381   warning  Expected an assignment or function call and instead saw an expression  @typescript-eslint/no-unused-expressions
  36:21573   warning  Expected an assignment or function call and instead saw an expression  @typescript-eslint/no-unused-expressions
  36:21839   warning  Expected an assignment or function call and instead saw an expression  @typescript-eslint/no-unused-expressions
  36:21986   warning  Expected an assignment or function call and instead saw an expression  @typescript-eslint/no-unused-expressions
  36:22014   warning  Expected an assignment or function call and instead saw an expression  @typescript-eslint/no-unused-expressions
  36:22392   warning  Expected an assignment or function call and instead saw an expression  @typescript-eslint/no-unused-expressions
  36:22727   warning  Expected an assignment or function call and instead saw an expression  @typescript-eslint/no-unused-expressions
  36:22811   warning  Expected an assignment or function call and instead saw an expression  @typescript-eslint/no-unused-expressions
  36:23105   warning  Expected an assignment or function call and instead saw an expression  @typescript-eslint/no-unused-expressions
  36:23169   warning  Expected an assignment or function call and instead saw an expression  @typescript-eslint/no-unused-expressions
  36:23547   warning  Expected an assignment or function call and instead saw an expression  @typescript-eslint/no-unused-expressions
  36:23650   warning  Expected an assignment or function call and instead saw an expression  @typescript-eslint/no-unused-expressions
  36:25534   warning  Expected an assignment or function call and instead saw an expression  @typescript-eslint/no-unused-expressions
  36:26665   warning  Expected an assignment or function call and instead saw an expression  @typescript-eslint/no-unused-expressions
  36:26780   warning  Expected an assignment or function call and instead saw an expression  @typescript-eslint/no-unused-expressions
  36:26899   warning  Expected an assignment or function call and instead saw an expression  @typescript-eslint/no-unused-expressions
  36:27019   warning  Expected an assignment or function call and instead saw an expression  @typescript-eslint/no-unused-expressions
  36:27122   warning  Expected an assignment or function call and instead saw an expression  @typescript-eslint/no-unused-expressions
  36:27236   warning  Expected an assignment or function call and instead saw an expression  @typescript-eslint/no-unused-expressions
  36:28610   warning  Expected an assignment or function call and instead saw an expression  @typescript-eslint/no-unused-expressions
  36:29207   warning  Expected an assignment or function call and instead saw an expression  @typescript-eslint/no-unused-expressions
  36:29756   warning  Expected an assignment or function call and instead saw an expression  @typescript-eslint/no-unused-expressions
  36:30238   warning  Expected an assignment or function call and instead saw an expression  @typescript-eslint/no-unused-expressions
  36:30382   warning  Expected an assignment or function call and instead saw an expression  @typescript-eslint/no-unused-expressions
  36:30431   warning  Expected an assignment or function call and instead saw an expression  @typescript-eslint/no-unused-expressions
  36:30609   warning  Expected an assignment or function call and instead saw an expression  @typescript-eslint/no-unused-expressions
  36:30997   warning  Expected an assignment or function call and instead saw an expression  @typescript-eslint/no-unused-expressions
  36:31292   warning  Expected an assignment or function call and instead saw an expression  @typescript-eslint/no-unused-expressions
  36:31320   warning  Expected an assignment or function call and instead saw an expression  @typescript-eslint/no-unused-expressions
  36:31363   warning  Expected an assignment or function call and instead saw an expression  @typescript-eslint/no-unused-expressions
  36:31433   warning  Expected an assignment or function call and instead saw an expression  @typescript-eslint/no-unused-expressions
  36:31461   warning  Expected an assignment or function call and instead saw an expression  @typescript-eslint/no-unused-expressions
  36:31493   warning  Expected an assignment or function call and instead saw an expression  @typescript-eslint/no-unused-expressions
  36:31535   warning  Expected an assignment or function call and instead saw an expression  @typescript-eslint/no-unused-expressions
  36:32517   warning  Expected an assignment or function call and instead saw an expression  @typescript-eslint/no-unused-expressions
  36:32834   warning  Expected an assignment or function call and instead saw an expression  @typescript-eslint/no-unused-expressions
  36:34276   warning  Expected an assignment or function call and instead saw an expression  @typescript-eslint/no-unused-expressions
  36:34332   warning  Expected an assignment or function call and instead saw an expression  @typescript-eslint/no-unused-expressions
  36:34455   warning  Expected an assignment or function call and instead saw an expression  @typescript-eslint/no-unused-expressions
  36:34579   warning  Expected an assignment or function call and instead saw an expression  @typescript-eslint/no-unused-expressions
  36:34713   warning  Expected an assignment or function call and instead saw an expression  @typescript-eslint/no-unused-expressions
  36:34800   warning  Expected an assignment or function call and instead saw an expression  @typescript-eslint/no-unused-expressions
  36:34989   warning  Expected an assignment or function call and instead saw an expression  @typescript-eslint/no-unused-expressions
  36:35788   warning  Expected an assignment or function call and instead saw an expression  @typescript-eslint/no-unused-expressions
  36:35993   warning  Expected an assignment or function call and instead saw an expression  @typescript-eslint/no-unused-expressions
  36:36763   warning  Expected an assignment or function call and instead saw an expression  @typescript-eslint/no-unused-expressions
  36:36907   warning  Expected an assignment or function call and instead saw an expression  @typescript-eslint/no-unused-expressions
  36:37252   error    Unexpected aliasing of 'this' to local variable                        @typescript-eslint/no-this-alias
  36:37287   warning  Expected an assignment or function call and instead saw an expression  @typescript-eslint/no-unused-expressions
  36:37408   warning  Expected an assignment or function call and instead saw an expression  @typescript-eslint/no-unused-expressions
  36:37488   warning  Expected an assignment or function call and instead saw an expression  @typescript-eslint/no-unused-expressions
  36:37607   warning  Expected an assignment or function call and instead saw an expression  @typescript-eslint/no-unused-expressions
  36:38265   warning  Expected an assignment or function call and instead saw an expression  @typescript-eslint/no-unused-expressions
  36:38430   error    Unexpected aliasing of 'this' to local variable                        @typescript-eslint/no-this-alias
  36:38763   warning  Expected an assignment or function call and instead saw an expression  @typescript-eslint/no-unused-expressions
  36:38851   warning  Expected an assignment or function call and instead saw an expression  @typescript-eslint/no-unused-expressions
  36:39237   warning  Expected an assignment or function call and instead saw an expression  @typescript-eslint/no-unused-expressions
  36:39704   warning  Expected an assignment or function call and instead saw an expression  @typescript-eslint/no-unused-expressions
  36:40198   warning  Expected an assignment or function call and instead saw an expression  @typescript-eslint/no-unused-expressions
  36:40956   warning  Expected an assignment or function call and instead saw an expression  @typescript-eslint/no-unused-expressions
  36:41056   warning  Expected an assignment or function call and instead saw an expression  @typescript-eslint/no-unused-expressions
  36:41255   warning  Expected an assignment or function call and instead saw an expression  @typescript-eslint/no-unused-expressions
  36:41603   warning  Expected an assignment or function call and instead saw an expression  @typescript-eslint/no-unused-expressions
  36:42041   warning  Expected an assignment or function call and instead saw an expression  @typescript-eslint/no-unused-expressions
  36:42337   warning  Expected an assignment or function call and instead saw an expression  @typescript-eslint/no-unused-expressions
  36:42748   warning  Expected an assignment or function call and instead saw an expression  @typescript-eslint/no-unused-expressions
  36:42839   warning  Expected an assignment or function call and instead saw an expression  @typescript-eslint/no-unused-expressions
  36:43321   warning  Expected an assignment or function call and instead saw an expression  @typescript-eslint/no-unused-expressions
  36:43424   warning  Expected an assignment or function call and instead saw an expression  @typescript-eslint/no-unused-expressions
  36:43593   warning  Expected an assignment or function call and instead saw an expression  @typescript-eslint/no-unused-expressions
  36:43872   warning  Expected an assignment or function call and instead saw an expression  @typescript-eslint/no-unused-expressions
  36:43982   warning  Expected an assignment or function call and instead saw an expression  @typescript-eslint/no-unused-expressions
  36:44450   warning  Expected an assignment or function call and instead saw an expression  @typescript-eslint/no-unused-expressions
  36:44589   warning  Expected an assignment or function call and instead saw an expression  @typescript-eslint/no-unused-expressions
  36:44979   warning  Expected an assignment or function call and instead saw an expression  @typescript-eslint/no-unused-expressions
  36:45637   warning  Expected an assignment or function call and instead saw an expression  @typescript-eslint/no-unused-expressions
  36:46653   warning  Expected an assignment or function call and instead saw an expression  @typescript-eslint/no-unused-expressions
  36:46776   warning  Expected an assignment or function call and instead saw an expression  @typescript-eslint/no-unused-expressions
  36:47380   warning  Expected an assignment or function call and instead saw an expression  @typescript-eslint/no-unused-expressions
  36:47514   warning  Expected an assignment or function call and instead saw an expression  @typescript-eslint/no-unused-expressions
  36:47707   warning  Expected an assignment or function call and instead saw an expression  @typescript-eslint/no-unused-expressions
  36:47828   warning  Expected an assignment or function call and instead saw an expression  @typescript-eslint/no-unused-expressions
  36:47932   warning  Expected an assignment or function call and instead saw an expression  @typescript-eslint/no-unused-expressions
  36:47986   warning  Expected an assignment or function call and instead saw an expression  @typescript-eslint/no-unused-expressions
  36:49615   warning  Expected an assignment or function call and instead saw an expression  @typescript-eslint/no-unused-expressions
  36:50118   warning  Expected an assignment or function call and instead saw an expression  @typescript-eslint/no-unused-expressions
  36:50186   warning  Expected an assignment or function call and instead saw an expression  @typescript-eslint/no-unused-expressions
  36:50268   warning  Expected an assignment or function call and instead saw an expression  @typescript-eslint/no-unused-expressions
  36:50463   warning  Expected an assignment or function call and instead saw an expression  @typescript-eslint/no-unused-expressions
  36:50572   warning  Expected an assignment or function call and instead saw an expression  @typescript-eslint/no-unused-expressions
  36:52676   warning  Expected an assignment or function call and instead saw an expression  @typescript-eslint/no-unused-expressions

/Users/pranshudhiman/Desktop/vk and company/artifacts/motion-stage-9/before-site/out/_next/static/chunks/726.adf848d1fe250ac3.js
  1:304    warning  Expected an assignment or function call and instead saw an expression  @typescript-eslint/no-unused-expressions
  1:345    warning  Expected an assignment or function call and instead saw an expression  @typescript-eslint/no-unused-expressions
  1:793    warning  Expected an assignment or function call and instead saw an expression  @typescript-eslint/no-unused-expressions
  1:952    warning  Expected an assignment or function call and instead saw an expression  @typescript-eslint/no-unused-expressions
  1:976    warning  Expected an assignment or function call and instead saw an expression  @typescript-eslint/no-unused-expressions
  1:1108   warning  Expected an assignment or function call and instead saw an expression  @typescript-eslint/no-unused-expressions
  1:1411   warning  Expected an assignment or function call and instead saw an expression  @typescript-eslint/no-unused-expressions
  1:1508   warning  Expected an assignment or function call and instead saw an expression  @typescript-eslint/no-unused-expressions
  1:1542   warning  Expected an assignment or function call and instead saw an expression  @typescript-eslint/no-unused-expressions
  1:1935   warning  Expected an assignment or function call and instead saw an expression  @typescript-eslint/no-unused-expressions
  1:2132   warning  Expected an assignment or function call and instead saw an expression  @typescript-eslint/no-unused-expressions
  1:2200   warning  Expected an assignment or function call and instead saw an expression  @typescript-eslint/no-unused-expressions
  1:2391   warning  Expected an assignment or function call and instead saw an expression  @typescript-eslint/no-unused-expressions
  1:3209   warning  Expected an assignment or function call and instead saw an expression  @typescript-eslint/no-unused-expressions
  1:3601   warning  Expected an assignment or function call and instead saw an expression  @typescript-eslint/no-unused-expressions
  1:4012   warning  Expected an assignment or function call and instead saw an expression  @typescript-eslint/no-unused-expressions
  1:4320   warning  Expected an assignment or function call and instead saw an expression  @typescript-eslint/no-unused-expressions
  1:4644   warning  Expected an assignment or function call and instead saw an expression  @typescript-eslint/no-unused-expressions
  1:5856   warning  Expected an assignment or function call and instead saw an expression  @typescript-eslint/no-unused-expressions
  1:7381   warning  Expected an assignment or function call and instead saw an expression  @typescript-eslint/no-unused-expressions
  1:7973   warning  Expected an assignment or function call and instead saw an expression  @typescript-eslint/no-unused-expressions
  1:8359   warning  Expected an assignment or function call and instead saw an expression  @typescript-eslint/no-unused-expressions
  1:8462   warning  Expected an assignment or function call and instead saw an expression  @typescript-eslint/no-unused-expressions
  1:8564   warning  Expected an assignment or function call and instead saw an expression  @typescript-eslint/no-unused-expressions
  1:9222   warning  Expected an assignment or function call and instead saw an expression  @typescript-eslint/no-unused-expressions
  1:10066  warning  Expected an assignment or function call and instead saw an expression  @typescript-eslint/no-unused-expressions
  1:11048  warning  Expected an assignment or function call and instead saw an expression  @typescript-eslint/no-unused-expressions
  1:11150  warning  Expected an assignment or function call and instead saw an expression  @typescript-eslint/no-unused-expressions
  1:11237  warning  Expected an assignment or function call and instead saw an expression  @typescript-eslint/no-unused-expressions
  1:11702  warning  Expected an assignment or function call and instead saw an expression  @typescript-eslint/no-unused-expressions
  1:11970  warning  Expected an assignment or function call and instead saw an expression  @typescript-eslint/no-unused-expressions
  1:12398  warning  Expected an assignment or function call and instead saw an expression  @typescript-eslint/no-unused-expressions
  1:12689  warning  Expected an assignment or function call and instead saw an expression  @typescript-eslint/no-unused-expressions
  1:12786  warning  Expected an assignment or function call and instead saw an expression  @typescript-eslint/no-unused-expressions
  1:13087  warning  Expected an assignment or function call and instead saw an expression  @typescript-eslint/no-unused-expressions
  1:13304  warning  Expected an assignment or function call and instead saw an expression  @typescript-eslint/no-unused-expressions
  1:13396  warning  Expected an assignment or function call and instead saw an expression  @typescript-eslint/no-unused-expressions
  1:14864  warning  Expected an assignment or function call and instead saw an expression  @typescript-eslint/no-unused-expressions
  1:14978  warning  Expected an assignment or function call and instead saw an expression  @typescript-eslint/no-unused-expressions
  1:15031  warning  Expected an assignment or function call and instead saw an expression  @typescript-eslint/no-unused-expressions
  1:15253  warning  Expected an assignment or function call and instead saw an expression  @typescript-eslint/no-unused-expressions
  1:15454  warning  Expected an assignment or function call and instead saw an expression  @typescript-eslint/no-unused-expressions
  1:15530  warning  Expected an assignment or function call and instead saw an expression  @typescript-eslint/no-unused-expressions
  1:15941  warning  Expected an assignment or function call and instead saw an expression  @typescript-eslint/no-unused-expressions
  1:16134  warning  Expected an assignment or function call and instead saw an expression  @typescript-eslint/no-unused-expressions
  1:16508  warning  Expected an assignment or function call and instead saw an expression  @typescript-eslint/no-unused-expressions
  1:16747  warning  Expected an assignment or function call and instead saw an expression  @typescript-eslint/no-unused-expressions
  1:17038  warning  Expected an assignment or function call and instead saw an expression  @typescript-eslint/no-unused-expressions
  1:17119  warning  Expected an assignment or function call and instead saw an expression  @typescript-eslint/no-unused-expressions
  1:17961  warning  Expected an assignment or function call and instead saw an expression  @typescript-eslint/no-unused-expressions
  1:18085  warning  Expected an assignment or function call and instead saw an expression  @typescript-eslint/no-unused-expressions
  1:18202  warning  Expected an assignment or function call and instead saw an expression  @typescript-eslint/no-unused-expressions
  1:18692  warning  Expected an assignment or function call and instead saw an expression  @typescript-eslint/no-unused-expressions
  1:18861  warning  Expected an assignment or function call and instead saw an expression  @typescript-eslint/no-unused-expressions
  1:19169  warning  Expected an assignment or function call and instead saw an expression  @typescript-eslint/no-unused-expressions
  1:19254  warning  Expected an assignment or function call and instead saw an expression  @typescript-eslint/no-unused-expressions
  1:19393  warning  Expected an assignment or function call and instead saw an expression  @typescript-eslint/no-unused-expressions
  1:19931  warning  Expected an assignment or function call and instead saw an expression  @typescript-eslint/no-unused-expressions
  1:20076  warning  Expected an assignment or function call and instead saw an expression  @typescript-eslint/no-unused-expressions

/Users/pranshudhiman/Desktop/vk and company/artifacts/motion-stage-9/before-site/out/_next/static/chunks/740-bde9cf1539361fbb.js
  1:4146   warning  Expected an assignment or function call and instead saw an expression  @typescript-eslint/no-unused-expressions
  1:4172   warning  Expected an assignment or function call and instead saw an expression  @typescript-eslint/no-unused-expressions
  1:4246   warning  Expected an assignment or function call and instead saw an expression  @typescript-eslint/no-unused-expressions
  1:4334   warning  Expected an assignment or function call and instead saw an expression  @typescript-eslint/no-unused-expressions
  1:4463   warning  Expected an assignment or function call and instead saw an expression  @typescript-eslint/no-unused-expressions
  1:6573   warning  Expected an assignment or function call and instead saw an expression  @typescript-eslint/no-unused-expressions
  1:7440   warning  Expected an assignment or function call and instead saw an expression  @typescript-eslint/no-unused-expressions
  1:7731   warning  Expected an assignment or function call and instead saw an expression  @typescript-eslint/no-unused-expressions
  1:8120   warning  Expected an assignment or function call and instead saw an expression  @typescript-eslint/no-unused-expressions
  1:8295   warning  Expected an assignment or function call and instead saw an expression  @typescript-eslint/no-unused-expressions
  1:8750   warning  Expected an assignment or function call and instead saw an expression  @typescript-eslint/no-unused-expressions
  1:9059   warning  Expected an assignment or function call and instead saw an expression  @typescript-eslint/no-unused-expressions
  1:9164   warning  Expected an assignment or function call and instead saw an expression  @typescript-eslint/no-unused-expressions
  1:9359   warning  Expected an assignment or function call and instead saw an expression  @typescript-eslint/no-unused-expressions
  1:9871   warning  Expected an assignment or function call and instead saw an expression  @typescript-eslint/no-unused-expressions
  1:10227  warning  Expected an assignment or function call and instead saw an expression  @typescript-eslint/no-unused-expressions
  1:10705  warning  Expected an assignment or function call and instead saw an expression  @typescript-eslint/no-unused-expressions

/Users/pranshudhiman/Desktop/vk and company/artifacts/motion-stage-9/before-site/out/_next/static/chunks/858-9ca892bd525f0a7d.js
   1:602     warning  Expected an assignment or function call and instead saw an expression                                                                                                                                                                                               @typescript-eslint/no-unused-expressions
   1:878     warning  Expected an assignment or function call and instead saw an expression                                                                                                                                                                                               @typescript-eslint/no-unused-expressions
   1:1252    warning  Expected an assignment or function call and instead saw an expression                                                                                                                                                                                               @typescript-eslint/no-unused-expressions
   1:1429    warning  Expected an assignment or function call and instead saw an expression                                                                                                                                                                                               @typescript-eslint/no-unused-expressions
   1:1671    warning  Expected an assignment or function call and instead saw an expression                                                                                                                                                                                               @typescript-eslint/no-unused-expressions
   1:2130    warning  Expected an assignment or function call and instead saw an expression                                                                                                                                                                                               @typescript-eslint/no-unused-expressions
   1:2166    warning  Expected an assignment or function call and instead saw an expression                                                                                                                                                                                               @typescript-eslint/no-unused-expressions
   1:2409    warning  Expected an assignment or function call and instead saw an expression                                                                                                                                                                                               @typescript-eslint/no-unused-expressions
   1:3467    warning  Expected an assignment or function call and instead saw an expression                                                                                                                                                                                               @typescript-eslint/no-unused-expressions
   1:3505    warning  Expected an assignment or function call and instead saw an expression                                                                                                                                                                                               @typescript-eslint/no-unused-expressions
   1:3996    warning  Expected an assignment or function call and instead saw an expression                                                                                                                                                                                               @typescript-eslint/no-unused-expressions
   1:4151    warning  Expected an assignment or function call and instead saw an expression                                                                                                                                                                                               @typescript-eslint/no-unused-expressions
   1:4239    warning  Expected an assignment or function call and instead saw an expression                                                                                                                                                                                               @typescript-eslint/no-unused-expressions
   1:4271    warning  Expected an assignment or function call and instead saw an expression                                                                                                                                                                                               @typescript-eslint/no-unused-expressions
   1:4340    warning  Expected an assignment or function call and instead saw an expression                                                                                                                                                                                               @typescript-eslint/no-unused-expressions
   1:4400    warning  Expected an assignment or function call and instead saw an expression                                                                                                                                                                                               @typescript-eslint/no-unused-expressions
   1:4509    warning  Expected an assignment or function call and instead saw an expression                                                                                                                                                                                               @typescript-eslint/no-unused-expressions
   1:4551    warning  Expected an assignment or function call and instead saw an expression                                                                                                                                                                                               @typescript-eslint/no-unused-expressions
   1:4731    warning  Expected an assignment or function call and instead saw an expression                                                                                                                                                                                               @typescript-eslint/no-unused-expressions
   1:4786    warning  Expected an assignment or function call and instead saw an expression                                                                                                                                                                                               @typescript-eslint/no-unused-expressions
   1:4856    warning  Expected an assignment or function call and instead saw an expression                                                                                                                                                                                               @typescript-eslint/no-unused-expressions
   1:4902    warning  Expected an assignment or function call and instead saw an expression                                                                                                                                                                                               @typescript-eslint/no-unused-expressions
   1:5761    warning  Expected an assignment or function call and instead saw an expression                                                                                                                                                                                               @typescript-eslint/no-unused-expressions
  21:1332    warning  Expected an assignment or function call and instead saw an expression                                                                                                                                                                                               @typescript-eslint/no-unused-expressions
  21:1414    warning  Expected an assignment or function call and instead saw an expression                                                                                                                                                                                               @typescript-eslint/no-unused-expressions
  21:2221    warning  Expected an assignment or function call and instead saw an expression                                                                                                                                                                                               @typescript-eslint/no-unused-expressions
  21:2365    warning  Expected an assignment or function call and instead saw an expression                                                                                                                                                                                               @typescript-eslint/no-unused-expressions
  21:4137    warning  Expected an assignment or function call and instead saw an expression                                                                                                                                                                                               @typescript-eslint/no-unused-expressions
  21:5292    warning  Expected an assignment or function call and instead saw an expression                                                                                                                                                                                               @typescript-eslint/no-unused-expressions
  21:5563    warning  Expected an assignment or function call and instead saw an expression                                                                                                                                                                                               @typescript-eslint/no-unused-expressions
  21:6925    warning  'e' is defined but never used                                                                                                                                                                                                                                       @typescript-eslint/no-unused-vars
  21:8770    warning  Expected an assignment or function call and instead saw an expression                                                                                                                                                                                               @typescript-eslint/no-unused-expressions
  21:8911    warning  Expected an assignment or function call and instead saw an expression                                                                                                                                                                                               @typescript-eslint/no-unused-expressions
  21:9154    warning  Expected an assignment or function call and instead saw an expression                                                                                                                                                                                               @typescript-eslint/no-unused-expressions
  21:9474    warning  Expected an assignment or function call and instead saw an expression                                                                                                                                                                                               @typescript-eslint/no-unused-expressions
  21:10015   warning  Expected an assignment or function call and instead saw an expression                                                                                                                                                                                               @typescript-eslint/no-unused-expressions
  21:10258   warning  Expected an assignment or function call and instead saw an expression                                                                                                                                                                                               @typescript-eslint/no-unused-expressions
  21:11333   warning  Expected an assignment or function call and instead saw an expression                                                                                                                                                                                               @typescript-eslint/no-unused-expressions
  21:11379   warning  Do not use `window.location.href` to navigate to internal Next.js pages. Use `redirect()` in the render phase, or `useRouter().push()` in Client Components' event handlers instead. See: https://nextjs.org/docs/messages/no-location-assign-relative-destination  @next/next/no-location-assign-relative-destination
  21:11514   warning  Expected an assignment or function call and instead saw an expression                                                                                                                                                                                               @typescript-eslint/no-unused-expressions
  21:18311   warning  Expected an assignment or function call and instead saw an expression                                                                                                                                                                                               @typescript-eslint/no-unused-expressions
  21:18563   warning  Expected an assignment or function call and instead saw an expression                                                                                                                                                                                               @typescript-eslint/no-unused-expressions
  21:18807   warning  Expected an assignment or function call and instead saw an expression                                                                                                                                                                                               @typescript-eslint/no-unused-expressions
  21:19105   warning  Expected an assignment or function call and instead saw an expression                                                                                                                                                                                               @typescript-eslint/no-unused-expressions
  21:19349   warning  Expected an assignment or function call and instead saw an expression                                                                                                                                                                                               @typescript-eslint/no-unused-expressions
  21:19639   warning  Expected an assignment or function call and instead saw an expression                                                                                                                                                                                               @typescript-eslint/no-unused-expressions
  21:19923   warning  Expected an assignment or function call and instead saw an expression                                                                                                                                                                                               @typescript-eslint/no-unused-expressions
  21:20948   warning  Expected an assignment or function call and instead saw an expression                                                                                                                                                                                               @typescript-eslint/no-unused-expressions
  21:21082   warning  Expected an assignment or function call and instead saw an expression                                                                                                                                                                                               @typescript-eslint/no-unused-expressions
  21:21784   warning  Expected an assignment or function call and instead saw an expression                                                                                                                                                                                               @typescript-eslint/no-unused-expressions
  21:22028   warning  Expected an assignment or function call and instead saw an expression                                                                                                                                                                                               @typescript-eslint/no-unused-expressions
  21:22217   warning  Expected an assignment or function call and instead saw an expression                                                                                                                                                                                               @typescript-eslint/no-unused-expressions
  21:22683   warning  Expected an assignment or function call and instead saw an expression                                                                                                                                                                                               @typescript-eslint/no-unused-expressions
  21:22760   warning  'r' is defined but never used                                                                                                                                                                                                                                       @typescript-eslint/no-unused-vars
  21:22762   warning  'n' is defined but never used                                                                                                                                                                                                                                       @typescript-eslint/no-unused-vars
  21:22790   warning  Expected an assignment or function call and instead saw an expression                                                                                                                                                                                               @typescript-eslint/no-unused-expressions
  21:22917   warning  Expected an assignment or function call and instead saw an expression                                                                                                                                                                                               @typescript-eslint/no-unused-expressions
  21:23437   warning  't' is defined but never used                                                                                                                                                                                                                                       @typescript-eslint/no-unused-vars
  21:24055   warning  Expected an assignment or function call and instead saw an expression                                                                                                                                                                                               @typescript-eslint/no-unused-expressions
  21:24703   warning  Expected an assignment or function call and instead saw an expression                                                                                                                                                                                               @typescript-eslint/no-unused-expressions
  21:24739   warning  Expected an assignment or function call and instead saw an expression                                                                                                                                                                                               @typescript-eslint/no-unused-expressions
  21:24820   warning  Expected an assignment or function call and instead saw an expression                                                                                                                                                                                               @typescript-eslint/no-unused-expressions
  21:24894   warning  Expected an assignment or function call and instead saw an expression                                                                                                                                                                                               @typescript-eslint/no-unused-expressions
  21:25026   warning  Expected an assignment or function call and instead saw an expression                                                                                                                                                                                               @typescript-eslint/no-unused-expressions
  21:25144   warning  Expected an assignment or function call and instead saw an expression                                                                                                                                                                                               @typescript-eslint/no-unused-expressions
  21:25179   warning  Expected an assignment or function call and instead saw an expression                                                                                                                                                                                               @typescript-eslint/no-unused-expressions
  21:26295   warning  Expected an assignment or function call and instead saw an expression                                                                                                                                                                                               @typescript-eslint/no-unused-expressions
  21:26392   warning  Expected an assignment or function call and instead saw an expression                                                                                                                                                                                               @typescript-eslint/no-unused-expressions
  21:27131   warning  Expected an assignment or function call and instead saw an expression                                                                                                                                                                                               @typescript-eslint/no-unused-expressions
  21:27223   warning  Expected an assignment or function call and instead saw an expression                                                                                                                                                                                               @typescript-eslint/no-unused-expressions
  21:27358   warning  Expected an assignment or function call and instead saw an expression                                                                                                                                                                                               @typescript-eslint/no-unused-expressions
  21:27597   warning  Expected an assignment or function call and instead saw an expression                                                                                                                                                                                               @typescript-eslint/no-unused-expressions
  21:27673   warning  Expected an assignment or function call and instead saw an expression                                                                                                                                                                                               @typescript-eslint/no-unused-expressions
  21:28288   warning  Expected an assignment or function call and instead saw an expression                                                                                                                                                                                               @typescript-eslint/no-unused-expressions
  21:28393   warning  Expected an assignment or function call and instead saw an expression                                                                                                                                                                                               @typescript-eslint/no-unused-expressions
  21:28428   warning  Expected an assignment or function call and instead saw an expression                                                                                                                                                                                               @typescript-eslint/no-unused-expressions
  21:28596   warning  Expected an assignment or function call and instead saw an expression                                                                                                                                                                                               @typescript-eslint/no-unused-expressions
  21:28738   warning  Expected an assignment or function call and instead saw an expression                                                                                                                                                                                               @typescript-eslint/no-unused-expressions
  21:28845   warning  Expected an assignment or function call and instead saw an expression                                                                                                                                                                                               @typescript-eslint/no-unused-expressions
  21:28876   warning  Expected an assignment or function call and instead saw an expression                                                                                                                                                                                               @typescript-eslint/no-unused-expressions
  21:28946   warning  Expected an assignment or function call and instead saw an expression                                                                                                                                                                                               @typescript-eslint/no-unused-expressions
  21:28997   warning  Expected an assignment or function call and instead saw an expression                                                                                                                                                                                               @typescript-eslint/no-unused-expressions
  21:29023   warning  Expected an assignment or function call and instead saw an expression                                                                                                                                                                                               @typescript-eslint/no-unused-expressions
  21:29149   warning  Expected an assignment or function call and instead saw an expression                                                                                                                                                                                               @typescript-eslint/no-unused-expressions
  21:29284   warning  Expected an assignment or function call and instead saw an expression                                                                                                                                                                                               @typescript-eslint/no-unused-expressions
  21:29547   warning  Expected an assignment or function call and instead saw an expression                                                                                                                                                                                               @typescript-eslint/no-unused-expressions
  21:31295   warning  'e' is defined but never used                                                                                                                                                                                                                                       @typescript-eslint/no-unused-vars
  21:31361   warning  'e' is defined but never used                                                                                                                                                                                                                                       @typescript-eslint/no-unused-vars
  21:31510   warning  'r' is defined but never used                                                                                                                                                                                                                                       @typescript-eslint/no-unused-vars
  21:31547   warning  'r' is defined but never used                                                                                                                                                                                                                                       @typescript-eslint/no-unused-vars
  21:31608   warning  Expected an assignment or function call and instead saw an expression                                                                                                                                                                                               @typescript-eslint/no-unused-expressions
  21:31742   warning  Expected an assignment or function call and instead saw an expression                                                                                                                                                                                               @typescript-eslint/no-unused-expressions
  21:31756   warning  Expected an assignment or function call and instead saw an expression                                                                                                                                                                                               @typescript-eslint/no-unused-expressions
  21:31772   warning  Expected an assignment or function call and instead saw an expression                                                                                                                                                                                               @typescript-eslint/no-unused-expressions
  21:31921   warning  't' is defined but never used                                                                                                                                                                                                                                       @typescript-eslint/no-unused-vars
  21:31956   warning  't' is defined but never used                                                                                                                                                                                                                                       @typescript-eslint/no-unused-vars
  21:32004   warning  Expected an assignment or function call and instead saw an expression                                                                                                                                                                                               @typescript-eslint/no-unused-expressions
  21:32042   warning  Expected an assignment or function call and instead saw an expression                                                                                                                                                                                               @typescript-eslint/no-unused-expressions
  21:32174   warning  Expected an assignment or function call and instead saw an expression                                                                                                                                                                                               @typescript-eslint/no-unused-expressions
  21:32509   warning  'e' is defined but never used                                                                                                                                                                                                                                       @typescript-eslint/no-unused-vars
  21:32541   warning  'e' is defined but never used                                                                                                                                                                                                                                       @typescript-eslint/no-unused-vars
  21:32638   warning  'e' is defined but never used                                                                                                                                                                                                                                       @typescript-eslint/no-unused-vars
  21:32813   warning  Expected an assignment or function call and instead saw an expression                                                                                                                                                                                               @typescript-eslint/no-unused-expressions
  21:32846   warning  Expected an assignment or function call and instead saw an expression                                                                                                                                                                                               @typescript-eslint/no-unused-expressions
  21:32878   warning  Expected an assignment or function call and instead saw an expression                                                                                                                                                                                               @typescript-eslint/no-unused-expressions
  21:32934   warning  Expected an assignment or function call and instead saw an expression                                                                                                                                                                                               @typescript-eslint/no-unused-expressions
  21:33198   warning  Expected an assignment or function call and instead saw an expression                                                                                                                                                                                               @typescript-eslint/no-unused-expressions
  21:33270   warning  Expected an assignment or function call and instead saw an expression                                                                                                                                                                                               @typescript-eslint/no-unused-expressions
  21:33488   warning  Expected an assignment or function call and instead saw an expression                                                                                                                                                                                               @typescript-eslint/no-unused-expressions
  21:34127   warning  'E' is assigned a value but never used                                                                                                                                                                                                                              @typescript-eslint/no-unused-vars
  21:34477   warning  Expected an assignment or function call and instead saw an expression                                                                                                                                                                                               @typescript-eslint/no-unused-expressions
  21:34631   warning  Expected an assignment or function call and instead saw an expression                                                                                                                                                                                               @typescript-eslint/no-unused-expressions
  21:34895   warning  Expected an assignment or function call and instead saw an expression                                                                                                                                                                                               @typescript-eslint/no-unused-expressions
  21:35001   warning  Expected an assignment or function call and instead saw an expression                                                                                                                                                                                               @typescript-eslint/no-unused-expressions
  21:35136   warning  Expected an assignment or function call and instead saw an expression                                                                                                                                                                                               @typescript-eslint/no-unused-expressions
  21:36276   warning  Expected an assignment or function call and instead saw an expression                                                                                                                                                                                               @typescript-eslint/no-unused-expressions
  21:36327   warning  Expected an assignment or function call and instead saw an expression                                                                                                                                                                                               @typescript-eslint/no-unused-expressions
  21:37335   warning  'b' is defined but never used                                                                                                                                                                                                                                       @typescript-eslint/no-unused-vars
  21:37727   warning  Expected an assignment or function call and instead saw an expression                                                                                                                                                                                               @typescript-eslint/no-unused-expressions
  21:38018   warning  Expected an assignment or function call and instead saw an expression                                                                                                                                                                                               @typescript-eslint/no-unused-expressions
  21:38679   warning  Expected an assignment or function call and instead saw an expression                                                                                                                                                                                               @typescript-eslint/no-unused-expressions
  21:38723   warning  Expected an assignment or function call and instead saw an expression                                                                                                                                                                                               @typescript-eslint/no-unused-expressions
  21:39052   warning  Expected an assignment or function call and instead saw an expression                                                                                                                                                                                               @typescript-eslint/no-unused-expressions
  21:39351   warning  Expected an assignment or function call and instead saw an expression                                                                                                                                                                                               @typescript-eslint/no-unused-expressions
  21:40473   warning  'e' is defined but never used                                                                                                                                                                                                                                       @typescript-eslint/no-unused-vars
  21:40502   warning  'e' is defined but never used                                                                                                                                                                                                                                       @typescript-eslint/no-unused-vars
  21:40504   warning  't' is defined but never used                                                                                                                                                                                                                                       @typescript-eslint/no-unused-vars
  21:40605   warning  'e' is defined but never used                                                                                                                                                                                                                                       @typescript-eslint/no-unused-vars
  21:40607   warning  't' is defined but never used                                                                                                                                                                                                                                       @typescript-eslint/no-unused-vars
  21:40619   warning  Expected an assignment or function call and instead saw an expression                                                                                                                                                                                               @typescript-eslint/no-unused-expressions
  21:41203   warning  Expected an assignment or function call and instead saw an expression                                                                                                                                                                                               @typescript-eslint/no-unused-expressions
  21:42498   warning  Expected an assignment or function call and instead saw an expression                                                                                                                                                                                               @typescript-eslint/no-unused-expressions
  21:43216   warning  Expected an assignment or function call and instead saw an expression                                                                                                                                                                                               @typescript-eslint/no-unused-expressions
  21:44307   warning  Expected an assignment or function call and instead saw an expression                                                                                                                                                                                               @typescript-eslint/no-unused-expressions
  21:44708   warning  Expected an assignment or function call and instead saw an expression                                                                                                                                                                                               @typescript-eslint/no-unused-expressions
  21:44810   warning  Expected an assignment or function call and instead saw an expression                                                                                                                                                                                               @typescript-eslint/no-unused-expressions
  21:45148   warning  Expected an assignment or function call and instead saw an expression                                                                                                                                                                                               @typescript-eslint/no-unused-expressions
  21:45390   warning  Expected an assignment or function call and instead saw an expression                                                                                                                                                                                               @typescript-eslint/no-unused-expressions
  21:45607   warning  Expected an assignment or function call and instead saw an expression                                                                                                                                                                                               @typescript-eslint/no-unused-expressions
  21:45851   warning  Expected an assignment or function call and instead saw an expression                                                                                                                                                                                               @typescript-eslint/no-unused-expressions
  21:46285   warning  Expected an assignment or function call and instead saw an expression                                                                                                                                                                                               @typescript-eslint/no-unused-expressions
  21:46967   warning  Expected an assignment or function call and instead saw an expression                                                                                                                                                                                               @typescript-eslint/no-unused-expressions
  21:47064   warning  Expected an assignment or function call and instead saw an expression                                                                                                                                                                                               @typescript-eslint/no-unused-expressions
  21:47315   warning  'r' is assigned a value but never used                                                                                                                                                                                                                              @typescript-eslint/no-unused-vars
  21:47985   warning  Expected an assignment or function call and instead saw an expression                                                                                                                                                                                               @typescript-eslint/no-unused-expressions
  21:48316   warning  Expected an assignment or function call and instead saw an expression                                                                                                                                                                                               @typescript-eslint/no-unused-expressions
  21:48473   warning  Expected an assignment or function call and instead saw an expression                                                                                                                                                                                               @typescript-eslint/no-unused-expressions
  21:48937   warning  Expected an assignment or function call and instead saw an expression                                                                                                                                                                                               @typescript-eslint/no-unused-expressions
  21:49798   warning  Expected an assignment or function call and instead saw an expression                                                                                                                                                                                               @typescript-eslint/no-unused-expressions
  21:50421   warning  Expected an assignment or function call and instead saw an expression                                                                                                                                                                                               @typescript-eslint/no-unused-expressions
  21:50517   warning  Expected an assignment or function call and instead saw an expression                                                                                                                                                                                               @typescript-eslint/no-unused-expressions
  21:50602   warning  Expected an assignment or function call and instead saw an expression                                                                                                                                                                                               @typescript-eslint/no-unused-expressions
  21:51202   warning  Expected an assignment or function call and instead saw an expression                                                                                                                                                                                               @typescript-eslint/no-unused-expressions
  21:51493   warning  Expected an assignment or function call and instead saw an expression                                                                                                                                                                                               @typescript-eslint/no-unused-expressions
  21:54363   warning  Expected an assignment or function call and instead saw an expression                                                                                                                                                                                               @typescript-eslint/no-unused-expressions
  21:54426   warning  Expected an assignment or function call and instead saw an expression                                                                                                                                                                                               @typescript-eslint/no-unused-expressions
  21:55444   warning  Expected an assignment or function call and instead saw an expression                                                                                                                                                                                               @typescript-eslint/no-unused-expressions
  21:55553   warning  Expected an assignment or function call and instead saw an expression                                                                                                                                                                                               @typescript-eslint/no-unused-expressions
  21:55681   warning  Expected an assignment or function call and instead saw an expression                                                                                                                                                                                               @typescript-eslint/no-unused-expressions
  21:56448   warning  Expected an assignment or function call and instead saw an expression                                                                                                                                                                                               @typescript-eslint/no-unused-expressions
  21:57059   warning  Expected an assignment or function call and instead saw an expression                                                                                                                                                                                               @typescript-eslint/no-unused-expressions
  21:57088   warning  Expected an assignment or function call and instead saw an expression                                                                                                                                                                                               @typescript-eslint/no-unused-expressions
  21:57135   warning  Expected an assignment or function call and instead saw an expression                                                                                                                                                                                               @typescript-eslint/no-unused-expressions
  21:57160   warning  Expected an assignment or function call and instead saw an expression                                                                                                                                                                                               @typescript-eslint/no-unused-expressions
  21:57250   warning  Expected an assignment or function call and instead saw an expression                                                                                                                                                                                               @typescript-eslint/no-unused-expressions
  21:57373   warning  Expected an assignment or function call and instead saw an expression                                                                                                                                                                                               @typescript-eslint/no-unused-expressions
  21:57847   warning  Expected an assignment or function call and instead saw an expression                                                                                                                                                                                               @typescript-eslint/no-unused-expressions
  21:58899   warning  Expected an assignment or function call and instead saw an expression                                                                                                                                                                                               @typescript-eslint/no-unused-expressions
  21:59297   warning  Expected an assignment or function call and instead saw an expression                                                                                                                                                                                               @typescript-eslint/no-unused-expressions
  21:59707   warning  Expected an assignment or function call and instead saw an expression                                                                                                                                                                                               @typescript-eslint/no-unused-expressions
  21:59908   warning  Expected an assignment or function call and instead saw an expression                                                                                                                                                                                               @typescript-eslint/no-unused-expressions
  21:60152   warning  Expected an assignment or function call and instead saw an expression                                                                                                                                                                                               @typescript-eslint/no-unused-expressions
  21:60558   warning  Expected an assignment or function call and instead saw an expression                                                                                                                                                                                               @typescript-eslint/no-unused-expressions
  21:61547   warning  Expected an assignment or function call and instead saw an expression                                                                                                                                                                                               @typescript-eslint/no-unused-expressions
  21:62158   warning  Expected an assignment or function call and instead saw an expression                                                                                                                                                                                               @typescript-eslint/no-unused-expressions
  21:62207   warning  Expected an assignment or function call and instead saw an expression                                                                                                                                                                                               @typescript-eslint/no-unused-expressions
  21:62344   warning  Expected an assignment or function call and instead saw an expression                                                                                                                                                                                               @typescript-eslint/no-unused-expressions
  21:62587   warning  Expected an assignment or function call and instead saw an expression                                                                                                                                                                                               @typescript-eslint/no-unused-expressions
  21:63167   warning  Expected an assignment or function call and instead saw an expression                                                                                                                                                                                               @typescript-eslint/no-unused-expressions
  51:711     warning  Expected an assignment or function call and instead saw an expression                                                                                                                                                                                               @typescript-eslint/no-unused-expressions
  51:953     warning  Expected an assignment or function call and instead saw an expression                                                                                                                                                                                               @typescript-eslint/no-unused-expressions
  51:1130    warning  Expected an assignment or function call and instead saw an expression                                                                                                                                                                                               @typescript-eslint/no-unused-expressions
  51:1498    warning  Expected an assignment or function call and instead saw an expression                                                                                                                                                                                               @typescript-eslint/no-unused-expressions
  51:1748    warning  Expected an assignment or function call and instead saw an expression                                                                                                                                                                                               @typescript-eslint/no-unused-expressions
  51:2569    warning  Expected an assignment or function call and instead saw an expression                                                                                                                                                                                               @typescript-eslint/no-unused-expressions
  52:443     warning  Expected an assignment or function call and instead saw an expression                                                                                                                                                                                               @typescript-eslint/no-unused-expressions
  52:1124    warning  Expected an assignment or function call and instead saw an expression                                                                                                                                                                                               @typescript-eslint/no-unused-expressions
  52:1294    warning  Expected an assignment or function call and instead saw an expression                                                                                                                                                                                               @typescript-eslint/no-unused-expressions
  52:1320    warning  Expected an assignment or function call and instead saw an expression                                                                                                                                                                                               @typescript-eslint/no-unused-expressions
  52:1855    warning  Expected an assignment or function call and instead saw an expression                                                                                                                                                                                               @typescript-eslint/no-unused-expressions
  52:2867    warning  Expected an assignment or function call and instead saw an expression                                                                                                                                                                                               @typescript-eslint/no-unused-expressions
  52:3231    warning  Expected an assignment or function call and instead saw an expression                                                                                                                                                                                               @typescript-eslint/no-unused-expressions
  52:5711    warning  Expected an assignment or function call and instead saw an expression                                                                                                                                                                                               @typescript-eslint/no-unused-expressions
  52:5829    warning  Expected an assignment or function call and instead saw an expression                                                                                                                                                                                               @typescript-eslint/no-unused-expressions
  52:6290    warning  'a' is assigned a value but never used                                                                                                                                                                                                                              @typescript-eslint/no-unused-vars
  52:6554    warning  Expected an assignment or function call and instead saw an expression                                                                                                                                                                                               @typescript-eslint/no-unused-expressions
  52:6798    warning  Expected an assignment or function call and instead saw an expression                                                                                                                                                                                               @typescript-eslint/no-unused-expressions
  52:7644    warning  Expected an assignment or function call and instead saw an expression                                                                                                                                                                                               @typescript-eslint/no-unused-expressions
  52:7888    warning  Expected an assignment or function call and instead saw an expression                                                                                                                                                                                               @typescript-eslint/no-unused-expressions
  52:8105    warning  Expected an assignment or function call and instead saw an expression                                                                                                                                                                                               @typescript-eslint/no-unused-expressions
  52:9008    warning  Expected an assignment or function call and instead saw an expression                                                                                                                                                                                               @typescript-eslint/no-unused-expressions
  52:9098    warning  Expected an assignment or function call and instead saw an expression                                                                                                                                                                                               @typescript-eslint/no-unused-expressions
  52:9156    warning  Expected an assignment or function call and instead saw an expression                                                                                                                                                                                               @typescript-eslint/no-unused-expressions
  52:9584    warning  Expected an assignment or function call and instead saw an expression                                                                                                                                                                                               @typescript-eslint/no-unused-expressions
  52:10188   warning  Expected an assignment or function call and instead saw an expression                                                                                                                                                                                               @typescript-eslint/no-unused-expressions
  52:10744   warning  Expected an assignment or function call and instead saw an expression                                                                                                                                                                                               @typescript-eslint/no-unused-expressions
  52:10938   warning  Expected an assignment or function call and instead saw an expression                                                                                                                                                                                               @typescript-eslint/no-unused-expressions
  52:11217   warning  Expected an assignment or function call and instead saw an expression                                                                                                                                                                                               @typescript-eslint/no-unused-expressions
  52:11285   warning  Expected an assignment or function call and instead saw an expression                                                                                                                                                                                               @typescript-eslint/no-unused-expressions
  52:11778   warning  Expected an assignment or function call and instead saw an expression                                                                                                                                                                                               @typescript-eslint/no-unused-expressions
  52:11797   warning  Expected an assignment or function call and instead saw an expression                                                                                                                                                                                               @typescript-eslint/no-unused-expressions
  52:11921   warning  Expected an assignment or function call and instead saw an expression                                                                                                                                                                                               @typescript-eslint/no-unused-expressions
  52:12604   warning  Expected an assignment or function call and instead saw an expression                                                                                                                                                                                               @typescript-eslint/no-unused-expressions
  52:12660   warning  Expected an assignment or function call and instead saw an expression                                                                                                                                                                                               @typescript-eslint/no-unused-expressions
  52:12768   warning  Expected an assignment or function call and instead saw an expression                                                                                                                                                                                               @typescript-eslint/no-unused-expressions
  52:12870   warning  Expected an assignment or function call and instead saw an expression                                                                                                                                                                                               @typescript-eslint/no-unused-expressions
  52:12943   warning  Expected an assignment or function call and instead saw an expression                                                                                                                                                                                               @typescript-eslint/no-unused-expressions
  52:13860   warning  Expected an assignment or function call and instead saw an expression                                                                                                                                                                                               @typescript-eslint/no-unused-expressions
  52:14378   warning  Expected an assignment or function call and instead saw an expression                                                                                                                                                                                               @typescript-eslint/no-unused-expressions
  52:14615   warning  Expected an assignment or function call and instead saw an expression                                                                                                                                                                                               @typescript-eslint/no-unused-expressions
  52:16214   warning  Expected an assignment or function call and instead saw an expression                                                                                                                                                                                               @typescript-eslint/no-unused-expressions
  52:17697   warning  'p' is assigned a value but never used                                                                                                                                                                                                                              @typescript-eslint/no-unused-vars
  52:17741   warning  'h' is assigned a value but never used                                                                                                                                                                                                                              @typescript-eslint/no-unused-vars
  52:17782   warning  'y' is assigned a value but never used                                                                                                                                                                                                                              @typescript-eslint/no-unused-vars
  52:18906   warning  Expected an assignment or function call and instead saw an expression                                                                                                                                                                                               @typescript-eslint/no-unused-expressions
  52:19065   warning  Expected an assignment or function call and instead saw an expression                                                                                                                                                                                               @typescript-eslint/no-unused-expressions
  52:19307   warning  Expected an assignment or function call and instead saw an expression                                                                                                                                                                                               @typescript-eslint/no-unused-expressions
  52:19583   warning  Expected an assignment or function call and instead saw an expression                                                                                                                                                                                               @typescript-eslint/no-unused-expressions
  52:20372   warning  Expected an assignment or function call and instead saw an expression                                                                                                                                                                                               @typescript-eslint/no-unused-expressions
  52:21289   warning  Expected an assignment or function call and instead saw an expression                                                                                                                                                                                               @typescript-eslint/no-unused-expressions
  52:21533   warning  Expected an assignment or function call and instead saw an expression                                                                                                                                                                                               @typescript-eslint/no-unused-expressions
  52:21856   warning  Expected an assignment or function call and instead saw an expression                                                                                                                                                                                               @typescript-eslint/no-unused-expressions
  52:23587   warning  Expected an assignment or function call and instead saw an expression                                                                                                                                                                                               @typescript-eslint/no-unused-expressions
  52:24088   warning  Expected an assignment or function call and instead saw an expression                                                                                                                                                                                               @typescript-eslint/no-unused-expressions
  52:27069   warning  Expected an assignment or function call and instead saw an expression                                                                                                                                                                                               @typescript-eslint/no-unused-expressions
  52:27128   warning  Expected an assignment or function call and instead saw an expression                                                                                                                                                                                               @typescript-eslint/no-unused-expressions
  52:27183   warning  Expected an assignment or function call and instead saw an expression                                                                                                                                                                                               @typescript-eslint/no-unused-expressions
  52:27282   warning  Expected an assignment or function call and instead saw an expression                                                                                                                                                                                               @typescript-eslint/no-unused-expressions
  52:27399   warning  Expected an assignment or function call and instead saw an expression                                                                                                                                                                                               @typescript-eslint/no-unused-expressions
  52:27664   warning  'n' is assigned a value but never used                                                                                                                                                                                                                              @typescript-eslint/no-unused-vars
  52:28134   warning  Expected an assignment or function call and instead saw an expression                                                                                                                                                                                               @typescript-eslint/no-unused-expressions
  52:30334   warning  Expected an assignment or function call and instead saw an expression                                                                                                                                                                                               @typescript-eslint/no-unused-expressions
  52:30659   warning  Expected an assignment or function call and instead saw an expression                                                                                                                                                                                               @typescript-eslint/no-unused-expressions
  52:32674   warning  Expected an assignment or function call and instead saw an expression                                                                                                                                                                                               @typescript-eslint/no-unused-expressions
  52:32741   warning  Expected an assignment or function call and instead saw an expression                                                                                                                                                                                               @typescript-eslint/no-unused-expressions
  52:33398   warning  Expected an assignment or function call and instead saw an expression                                                                                                                                                                                               @typescript-eslint/no-unused-expressions
  52:33481   warning  Expected an assignment or function call and instead saw an expression                                                                                                                                                                                               @typescript-eslint/no-unused-expressions
  52:33859   warning  Expected an assignment or function call and instead saw an expression                                                                                                                                                                                               @typescript-eslint/no-unused-expressions
  52:34212   warning  Expected an assignment or function call and instead saw an expression                                                                                                                                                                                               @typescript-eslint/no-unused-expressions
  52:34391   warning  Expected an assignment or function call and instead saw an expression                                                                                                                                                                                               @typescript-eslint/no-unused-expressions
  52:34732   warning  Expected an assignment or function call and instead saw an expression                                                                                                                                                                                               @typescript-eslint/no-unused-expressions
  52:35450   warning  Expected an assignment or function call and instead saw an expression                                                                                                                                                                                               @typescript-eslint/no-unused-expressions
  52:35578   warning  Expected an assignment or function call and instead saw an expression                                                                                                                                                                                               @typescript-eslint/no-unused-expressions
  52:35755   warning  Expected an assignment or function call and instead saw an expression                                                                                                                                                                                               @typescript-eslint/no-unused-expressions
  52:36331   warning  Expected an assignment or function call and instead saw an expression                                                                                                                                                                                               @typescript-eslint/no-unused-expressions
  52:36605   warning  Expected an assignment or function call and instead saw an expression                                                                                                                                                                                               @typescript-eslint/no-unused-expressions
  52:37404   warning  't' is defined but never used                                                                                                                                                                                                                                       @typescript-eslint/no-unused-vars
  52:37481   warning  Expected an assignment or function call and instead saw an expression                                                                                                                                                                                               @typescript-eslint/no-unused-expressions
  52:37629   warning  'e' is defined but never used                                                                                                                                                                                                                                       @typescript-eslint/no-unused-vars
  52:38250   warning  Expected an assignment or function call and instead saw an expression                                                                                                                                                                                               @typescript-eslint/no-unused-expressions
  52:38922   warning  Expected an assignment or function call and instead saw an expression                                                                                                                                                                                               @typescript-eslint/no-unused-expressions
  52:39351   warning  Expected an assignment or function call and instead saw an expression                                                                                                                                                                                               @typescript-eslint/no-unused-expressions
  52:39567   warning  Expected an assignment or function call and instead saw an expression                                                                                                                                                                                               @typescript-eslint/no-unused-expressions
  52:40173   warning  Expected an assignment or function call and instead saw an expression                                                                                                                                                                                               @typescript-eslint/no-unused-expressions
  52:40188   warning  Expected an assignment or function call and instead saw an expression                                                                                                                                                                                               @typescript-eslint/no-unused-expressions
  52:40342   warning  Expected an assignment or function call and instead saw an expression                                                                                                                                                                                               @typescript-eslint/no-unused-expressions
  52:41067   warning  Expected an assignment or function call and instead saw an expression                                                                                                                                                                                               @typescript-eslint/no-unused-expressions
  52:41322   warning  Expected an assignment or function call and instead saw an expression                                                                                                                                                                                               @typescript-eslint/no-unused-expressions
  52:42046   warning  Expected an assignment or function call and instead saw an expression                                                                                                                                                                                               @typescript-eslint/no-unused-expressions
  52:42268   warning  Expected an assignment or function call and instead saw an expression                                                                                                                                                                                               @typescript-eslint/no-unused-expressions
  52:42309   warning  Expected an assignment or function call and instead saw an expression                                                                                                                                                                                               @typescript-eslint/no-unused-expressions
  52:42377   warning  Expected an assignment or function call and instead saw an expression                                                                                                                                                                                               @typescript-eslint/no-unused-expressions
  52:42699   warning  Expected an assignment or function call and instead saw an expression                                                                                                                                                                                               @typescript-eslint/no-unused-expressions
  52:43504   warning  'e' is defined but never used                                                                                                                                                                                                                                       @typescript-eslint/no-unused-vars
  52:43591   warning  Expected an assignment or function call and instead saw an expression                                                                                                                                                                                               @typescript-eslint/no-unused-expressions
  52:44050   warning  Expected an assignment or function call and instead saw an expression                                                                                                                                                                                               @typescript-eslint/no-unused-expressions
  52:44218   warning  Expected an assignment or function call and instead saw an expression                                                                                                                                                                                               @typescript-eslint/no-unused-expressions
  52:44283   warning  Expected an assignment or function call and instead saw an expression                                                                                                                                                                                               @typescript-eslint/no-unused-expressions
  52:44414   warning  Expected an assignment or function call and instead saw an expression                                                                                                                                                                                               @typescript-eslint/no-unused-expressions
  52:44716   warning  Expected an assignment or function call and instead saw an expression                                                                                                                                                                                               @typescript-eslint/no-unused-expressions
  52:44925   warning  Expected an assignment or function call and instead saw an expression                                                                                                                                                                                               @typescript-eslint/no-unused-expressions
  52:45337   warning  Expected an assignment or function call and instead saw an expression                                                                                                                                                                                               @typescript-eslint/no-unused-expressions
  52:45407   warning  Expected an assignment or function call and instead saw an expression                                                                                                                                                                                               @typescript-eslint/no-unused-expressions
  52:45519   warning  Expected an assignment or function call and instead saw an expression                                                                                                                                                                                               @typescript-eslint/no-unused-expressions
  52:45614   warning  Expected an assignment or function call and instead saw an expression                                                                                                                                                                                               @typescript-eslint/no-unused-expressions
  52:47186   warning  Expected an assignment or function call and instead saw an expression                                                                                                                                                                                               @typescript-eslint/no-unused-expressions
  52:47238   warning  Expected an assignment or function call and instead saw an expression                                                                                                                                                                                               @typescript-eslint/no-unused-expressions
  52:47278   warning  Expected an assignment or function call and instead saw an expression                                                                                                                                                                                               @typescript-eslint/no-unused-expressions
  52:48452   warning  Expected an assignment or function call and instead saw an expression                                                                                                                                                                                               @typescript-eslint/no-unused-expressions
  52:48485   warning  Expected an assignment or function call and instead saw an expression                                                                                                                                                                                               @typescript-eslint/no-unused-expressions
  52:48980   warning  Expected an assignment or function call and instead saw an expression                                                                                                                                                                                               @typescript-eslint/no-unused-expressions
  52:50366   warning  Expected an assignment or function call and instead saw an expression                                                                                                                                                                                               @typescript-eslint/no-unused-expressions
  52:50477   warning  Expected an assignment or function call and instead saw an expression                                                                                                                                                                                               @typescript-eslint/no-unused-expressions
  52:50911   warning  Expected an assignment or function call and instead saw an expression                                                                                                                                                                                               @typescript-eslint/no-unused-expressions
  52:51545   warning  Expected an assignment or function call and instead saw an expression                                                                                                                                                                                               @typescript-eslint/no-unused-expressions
  52:52426   warning  Expected an assignment or function call and instead saw an expression                                                                                                                                                                                               @typescript-eslint/no-unused-expressions
  52:52470   warning  Expected an assignment or function call and instead saw an expression                                                                                                                                                                                               @typescript-eslint/no-unused-expressions
  52:52604   warning  Expected an assignment or function call and instead saw an expression                                                                                                                                                                                               @typescript-eslint/no-unused-expressions
  52:53392   warning  Expected an assignment or function call and instead saw an expression                                                                                                                                                                                               @typescript-eslint/no-unused-expressions
  52:53505   warning  Expected an assignment or function call and instead saw an expression                                                                                                                                                                                               @typescript-eslint/no-unused-expressions
  52:53821   warning  'n' is defined but never used                                                                                                                                                                                                                                       @typescript-eslint/no-unused-vars
  52:53863   warning  Expected an assignment or function call and instead saw an expression                                                                                                                                                                                               @typescript-eslint/no-unused-expressions
  52:53956   warning  Expected an assignment or function call and instead saw an expression                                                                                                                                                                                               @typescript-eslint/no-unused-expressions
  52:54540   warning  Expected an assignment or function call and instead saw an expression                                                                                                                                                                                               @typescript-eslint/no-unused-expressions
  52:54755   warning  Expected an assignment or function call and instead saw an expression                                                                                                                                                                                               @typescript-eslint/no-unused-expressions
  52:54877   warning  Expected an assignment or function call and instead saw an expression                                                                                                                                                                                               @typescript-eslint/no-unused-expressions
  52:55221   warning  Expected an assignment or function call and instead saw an expression                                                                                                                                                                                               @typescript-eslint/no-unused-expressions
  52:55387   warning  Expected an assignment or function call and instead saw an expression                                                                                                                                                                                               @typescript-eslint/no-unused-expressions
  52:55467   warning  Expected an assignment or function call and instead saw an expression                                                                                                                                                                                               @typescript-eslint/no-unused-expressions
  52:55737   warning  Expected an assignment or function call and instead saw an expression                                                                                                                                                                                               @typescript-eslint/no-unused-expressions
  52:55807   warning  Expected an assignment or function call and instead saw an expression                                                                                                                                                                                               @typescript-eslint/no-unused-expressions
  52:55999   warning  Expected an assignment or function call and instead saw an expression                                                                                                                                                                                               @typescript-eslint/no-unused-expressions
  52:56105   warning  Expected an assignment or function call and instead saw an expression                                                                                                                                                                                               @typescript-eslint/no-unused-expressions
  52:56253   warning  Expected an assignment or function call and instead saw an expression                                                                                                                                                                                               @typescript-eslint/no-unused-expressions
  52:56342   warning  Expected an assignment or function call and instead saw an expression                                                                                                                                                                                               @typescript-eslint/no-unused-expressions
  52:56370   warning  Expected an assignment or function call and instead saw an expression                                                                                                                                                                                               @typescript-eslint/no-unused-expressions
  52:56424   warning  Expected an assignment or function call and instead saw an expression                                                                                                                                                                                               @typescript-eslint/no-unused-expressions
  52:56503   warning  Expected an assignment or function call and instead saw an expression                                                                                                                                                                                               @typescript-eslint/no-unused-expressions
  52:56557   warning  Expected an assignment or function call and instead saw an expression                                                                                                                                                                                               @typescript-eslint/no-unused-expressions
  52:56605   warning  Expected an assignment or function call and instead saw an expression                                                                                                                                                                                               @typescript-eslint/no-unused-expressions
  52:56666   warning  Expected an assignment or function call and instead saw an expression                                                                                                                                                                                               @typescript-eslint/no-unused-expressions
  52:57419   warning  Expected an assignment or function call and instead saw an expression                                                                                                                                                                                               @typescript-eslint/no-unused-expressions
  52:58078   warning  Expected an assignment or function call and instead saw an expression                                                                                                                                                                                               @typescript-eslint/no-unused-expressions
  52:58133   warning  Expected an assignment or function call and instead saw an expression                                                                                                                                                                                               @typescript-eslint/no-unused-expressions
  52:58308   warning  Expected an assignment or function call and instead saw an expression                                                                                                                                                                                               @typescript-eslint/no-unused-expressions
  52:59225   warning  Expected an assignment or function call and instead saw an expression                                                                                                                                                                                               @typescript-eslint/no-unused-expressions
  52:59514   warning  Expected an assignment or function call and instead saw an expression                                                                                                                                                                                               @typescript-eslint/no-unused-expressions
  52:59550   warning  Expected an assignment or function call and instead saw an expression                                                                                                                                                                                               @typescript-eslint/no-unused-expressions
  52:59918   warning  Expected an assignment or function call and instead saw an expression                                                                                                                                                                                               @typescript-eslint/no-unused-expressions
  52:59969   warning  Expected an assignment or function call and instead saw an expression                                                                                                                                                                                               @typescript-eslint/no-unused-expressions
  52:61717   warning  Expected an assignment or function call and instead saw an expression                                                                                                                                                                                               @typescript-eslint/no-unused-expressions
  52:62044   warning  Expected an assignment or function call and instead saw an expression                                                                                                                                                                                               @typescript-eslint/no-unused-expressions
  52:62182   warning  Expected an assignment or function call and instead saw an expression                                                                                                                                                                                               @typescript-eslint/no-unused-expressions
  52:62460   warning  Expected an assignment or function call and instead saw an expression                                                                                                                                                                                               @typescript-eslint/no-unused-expressions
  52:62588   warning  Expected an assignment or function call and instead saw an expression                                                                                                                                                                                               @typescript-eslint/no-unused-expressions
  52:62732   warning  Expected an assignment or function call and instead saw an expression                                                                                                                                                                                               @typescript-eslint/no-unused-expressions
  52:62826   warning  Expected an assignment or function call and instead saw an expression                                                                                                                                                                                               @typescript-eslint/no-unused-expressions
  52:62918   warning  Expected an assignment or function call and instead saw an expression                                                                                                                                                                                               @typescript-eslint/no-unused-expressions
  52:63029   warning  Expected an assignment or function call and instead saw an expression                                                                                                                                                                                               @typescript-eslint/no-unused-expressions
  52:63146   warning  Expected an assignment or function call and instead saw an expression                                                                                                                                                                                               @typescript-eslint/no-unused-expressions
  52:63490   warning  Expected an assignment or function call and instead saw an expression                                                                                                                                                                                               @typescript-eslint/no-unused-expressions
  52:63602   warning  Expected an assignment or function call and instead saw an expression                                                                                                                                                                                               @typescript-eslint/no-unused-expressions
  52:64063   warning  Expected an assignment or function call and instead saw an expression                                                                                                                                                                                               @typescript-eslint/no-unused-expressions
  52:65543   warning  Expected an assignment or function call and instead saw an expression                                                                                                                                                                                               @typescript-eslint/no-unused-expressions
  52:65686   warning  Expected an assignment or function call and instead saw an expression                                                                                                                                                                                               @typescript-eslint/no-unused-expressions
  52:65752   warning  Expected an assignment or function call and instead saw an expression                                                                                                                                                                                               @typescript-eslint/no-unused-expressions
  52:66436   warning  Expected an assignment or function call and instead saw an expression                                                                                                                                                                                               @typescript-eslint/no-unused-expressions
  52:66496   warning  Expected an assignment or function call and instead saw an expression                                                                                                                                                                                               @typescript-eslint/no-unused-expressions
  52:66718   warning  Expected an assignment or function call and instead saw an expression                                                                                                                                                                                               @typescript-eslint/no-unused-expressions
  52:66809   warning  Expected an assignment or function call and instead saw an expression                                                                                                                                                                                               @typescript-eslint/no-unused-expressions
  52:66863   warning  Expected an assignment or function call and instead saw an expression                                                                                                                                                                                               @typescript-eslint/no-unused-expressions
  52:67919   warning  Expected an assignment or function call and instead saw an expression                                                                                                                                                                                               @typescript-eslint/no-unused-expressions
  52:68029   warning  Expected an assignment or function call and instead saw an expression                                                                                                                                                                                               @typescript-eslint/no-unused-expressions
  52:68174   warning  Expected an assignment or function call and instead saw an expression                                                                                                                                                                                               @typescript-eslint/no-unused-expressions
  52:68229   warning  Expected an assignment or function call and instead saw an expression                                                                                                                                                                                               @typescript-eslint/no-unused-expressions
  52:68293   warning  Expected an assignment or function call and instead saw an expression                                                                                                                                                                                               @typescript-eslint/no-unused-expressions
  52:68348   warning  Expected an assignment or function call and instead saw an expression                                                                                                                                                                                               @typescript-eslint/no-unused-expressions
  52:68403   warning  Expected an assignment or function call and instead saw an expression                                                                                                                                                                                               @typescript-eslint/no-unused-expressions
  52:68499   warning  Expected an assignment or function call and instead saw an expression                                                                                                                                                                                               @typescript-eslint/no-unused-expressions
  52:68554   warning  Expected an assignment or function call and instead saw an expression                                                                                                                                                                                               @typescript-eslint/no-unused-expressions
  52:68683   warning  Expected an assignment or function call and instead saw an expression                                                                                                                                                                                               @typescript-eslint/no-unused-expressions
  52:68973   warning  Expected an assignment or function call and instead saw an expression                                                                                                                                                                                               @typescript-eslint/no-unused-expressions
  52:69073   warning  Expected an assignment or function call and instead saw an expression                                                                                                                                                                                               @typescript-eslint/no-unused-expressions
  52:69206   warning  Expected an assignment or function call and instead saw an expression                                                                                                                                                                                               @typescript-eslint/no-unused-expressions
  52:69416   warning  Expected an assignment or function call and instead saw an expression                                                                                                                                                                                               @typescript-eslint/no-unused-expressions
  52:70360   warning  Expected an assignment or function call and instead saw an expression                                                                                                                                                                                               @typescript-eslint/no-unused-expressions
  52:70588   warning  Expected an assignment or function call and instead saw an expression                                                                                                                                                                                               @typescript-eslint/no-unused-expressions
  52:70783   warning  Expected an assignment or function call and instead saw an expression                                                                                                                                                                                               @typescript-eslint/no-unused-expressions
  52:70940   warning  Expected an assignment or function call and instead saw an expression                                                                                                                                                                                               @typescript-eslint/no-unused-expressions
  52:71047   warning  Expected an assignment or function call and instead saw an expression                                                                                                                                                                                               @typescript-eslint/no-unused-expressions
  52:71183   warning  Expected an assignment or function call and instead saw an expression                                                                                                                                                                                               @typescript-eslint/no-unused-expressions
  52:72688   warning  'o' is defined but never used                                                                                                                                                                                                                                       @typescript-eslint/no-unused-vars
  52:72793   warning  Expected an assignment or function call and instead saw an expression                                                                                                                                                                                               @typescript-eslint/no-unused-expressions
  52:72866   warning  Expected an assignment or function call and instead saw an expression                                                                                                                                                                                               @typescript-eslint/no-unused-expressions
  52:73046   warning  Expected an assignment or function call and instead saw an expression                                                                                                                                                                                               @typescript-eslint/no-unused-expressions
  52:73508   warning  Expected an assignment or function call and instead saw an expression                                                                                                                                                                                               @typescript-eslint/no-unused-expressions
  52:73562   warning  Expected an assignment or function call and instead saw an expression                                                                                                                                                                                               @typescript-eslint/no-unused-expressions
  52:74803   warning  Expected an assignment or function call and instead saw an expression                                                                                                                                                                                               @typescript-eslint/no-unused-expressions
  52:74974   warning  Expected an assignment or function call and instead saw an expression                                                                                                                                                                                               @typescript-eslint/no-unused-expressions
  52:77467   warning  Expected an assignment or function call and instead saw an expression                                                                                                                                                                                               @typescript-eslint/no-unused-expressions
  52:79378   warning  Expected an assignment or function call and instead saw an expression                                                                                                                                                                                               @typescript-eslint/no-unused-expressions
  52:79506   warning  Expected an assignment or function call and instead saw an expression                                                                                                                                                                                               @typescript-eslint/no-unused-expressions
  52:79750   warning  Expected an assignment or function call and instead saw an expression                                                                                                                                                                                               @typescript-eslint/no-unused-expressions
  52:79961   warning  Expected an assignment or function call and instead saw an expression                                                                                                                                                                                               @typescript-eslint/no-unused-expressions
  52:80033   warning  Expected an assignment or function call and instead saw an expression                                                                                                                                                                                               @typescript-eslint/no-unused-expressions
  52:80349   warning  Expected an assignment or function call and instead saw an expression                                                                                                                                                                                               @typescript-eslint/no-unused-expressions
  52:82538   warning  Expected an assignment or function call and instead saw an expression                                                                                                                                                                                               @typescript-eslint/no-unused-expressions
  52:82615   warning  Expected an assignment or function call and instead saw an expression                                                                                                                                                                                               @typescript-eslint/no-unused-expressions
  52:82859   warning  Expected an assignment or function call and instead saw an expression                                                                                                                                                                                               @typescript-eslint/no-unused-expressions
  52:83085   warning  Expected an assignment or function call and instead saw an expression                                                                                                                                                                                               @typescript-eslint/no-unused-expressions
  52:83844   warning  Expected an assignment or function call and instead saw an expression                                                                                                                                                                                               @typescript-eslint/no-unused-expressions
  52:84088   warning  Expected an assignment or function call and instead saw an expression                                                                                                                                                                                               @typescript-eslint/no-unused-expressions
  52:84352   warning  Expected an assignment or function call and instead saw an expression                                                                                                                                                                                               @typescript-eslint/no-unused-expressions
  52:85570   warning  Expected an assignment or function call and instead saw an expression                                                                                                                                                                                               @typescript-eslint/no-unused-expressions
  52:85891   warning  Expected an assignment or function call and instead saw an expression                                                                                                                                                                                               @typescript-eslint/no-unused-expressions
  52:86491   warning  Expected an assignment or function call and instead saw an expression                                                                                                                                                                                               @typescript-eslint/no-unused-expressions
  52:86578   warning  Expected an assignment or function call and instead saw an expression                                                                                                                                                                                               @typescript-eslint/no-unused-expressions
  52:86910   warning  Expected an assignment or function call and instead saw an expression                                                                                                                                                                                               @typescript-eslint/no-unused-expressions
  52:87012   warning  Expected an assignment or function call and instead saw an expression                                                                                                                                                                                               @typescript-eslint/no-unused-expressions
  52:87044   warning  Expected an assignment or function call and instead saw an expression                                                                                                                                                                                               @typescript-eslint/no-unused-expressions
  52:87077   warning  Expected an assignment or function call and instead saw an expression                                                                                                                                                                                               @typescript-eslint/no-unused-expressions
  52:87387   warning  Expected an assignment or function call and instead saw an expression                                                                                                                                                                                               @typescript-eslint/no-unused-expressions
  52:88313   warning  Expected an assignment or function call and instead saw an expression                                                                                                                                                                                               @typescript-eslint/no-unused-expressions
  52:88578   warning  Expected an assignment or function call and instead saw an expression                                                                                                                                                                                               @typescript-eslint/no-unused-expressions
  52:90298   warning  Expected an assignment or function call and instead saw an expression                                                                                                                                                                                               @typescript-eslint/no-unused-expressions
  52:91167   warning  Expected an assignment or function call and instead saw an expression                                                                                                                                                                                               @typescript-eslint/no-unused-expressions
  52:91715   warning  Expected an assignment or function call and instead saw an expression                                                                                                                                                                                               @typescript-eslint/no-unused-expressions
  52:91881   warning  Expected an assignment or function call and instead saw an expression                                                                                                                                                                                               @typescript-eslint/no-unused-expressions
  52:92405   warning  Expected an assignment or function call and instead saw an expression                                                                                                                                                                                               @typescript-eslint/no-unused-expressions
  52:92758   warning  Expected an assignment or function call and instead saw an expression                                                                                                                                                                                               @typescript-eslint/no-unused-expressions
  52:92855   warning  Expected an assignment or function call and instead saw an expression                                                                                                                                                                                               @typescript-eslint/no-unused-expressions
  52:93040   warning  Expected an assignment or function call and instead saw an expression                                                                                                                                                                                               @typescript-eslint/no-unused-expressions
  52:93525   warning  Expected an assignment or function call and instead saw an expression                                                                                                                                                                                               @typescript-eslint/no-unused-expressions
  52:94688   warning  Expected an assignment or function call and instead saw an expression                                                                                                                                                                                               @typescript-eslint/no-unused-expressions
  52:94875   warning  Expected an assignment or function call and instead saw an expression                                                                                                                                                                                               @typescript-eslint/no-unused-expressions
  52:94946   warning  Expected an assignment or function call and instead saw an expression                                                                                                                                                                                               @typescript-eslint/no-unused-expressions
  52:95520   warning  Expected an assignment or function call and instead saw an expression                                                                                                                                                                                               @typescript-eslint/no-unused-expressions
  52:95762   warning  Expected an assignment or function call and instead saw an expression                                                                                                                                                                                               @typescript-eslint/no-unused-expressions
  52:95933   warning  Expected an assignment or function call and instead saw an expression                                                                                                                                                                                               @typescript-eslint/no-unused-expressions
  52:96160   warning  Expected an assignment or function call and instead saw an expression                                                                                                                                                                                               @typescript-eslint/no-unused-expressions
  52:96871   warning  Expected an assignment or function call and instead saw an expression                                                                                                                                                                                               @typescript-eslint/no-unused-expressions
  52:97115   warning  Expected an assignment or function call and instead saw an expression                                                                                                                                                                                               @typescript-eslint/no-unused-expressions
  52:97849   warning  Expected an assignment or function call and instead saw an expression                                                                                                                                                                                               @typescript-eslint/no-unused-expressions
  52:98093   warning  Expected an assignment or function call and instead saw an expression                                                                                                                                                                                               @typescript-eslint/no-unused-expressions
  52:98258   warning  't' is defined but never used                                                                                                                                                                                                                                       @typescript-eslint/no-unused-vars
  52:98327   warning  Expected an assignment or function call and instead saw an expression                                                                                                                                                                                               @typescript-eslint/no-unused-expressions
  52:98571   warning  Expected an assignment or function call and instead saw an expression                                                                                                                                                                                               @typescript-eslint/no-unused-expressions
  52:99031   warning  Expected an assignment or function call and instead saw an expression                                                                                                                                                                                               @typescript-eslint/no-unused-expressions
  52:99275   warning  Expected an assignment or function call and instead saw an expression                                                                                                                                                                                               @typescript-eslint/no-unused-expressions
  52:99480   warning  Expected an assignment or function call and instead saw an expression                                                                                                                                                                                               @typescript-eslint/no-unused-expressions
  52:99611   warning  Expected an assignment or function call and instead saw an expression                                                                                                                                                                                               @typescript-eslint/no-unused-expressions
  52:99831   warning  Expected an assignment or function call and instead saw an expression                                                                                                                                                                                               @typescript-eslint/no-unused-expressions
  52:100930  warning  Expected an assignment or function call and instead saw an expression                                                                                                                                                                                               @typescript-eslint/no-unused-expressions
  52:101174  warning  Expected an assignment or function call and instead saw an expression                                                                                                                                                                                               @typescript-eslint/no-unused-expressions
  52:101363  warning  Expected an assignment or function call and instead saw an expression                                                                                                                                                                                               @typescript-eslint/no-unused-expressions
  52:101607  warning  Expected an assignment or function call and instead saw an expression                                                                                                                                                                                               @typescript-eslint/no-unused-expressions
  52:101955  warning  Expected an assignment or function call and instead saw an expression                                                                                                                                                                                               @typescript-eslint/no-unused-expressions
  52:102197  warning  Expected an assignment or function call and instead saw an expression                                                                                                                                                                                               @typescript-eslint/no-unused-expressions
  52:102455  warning  Expected an assignment or function call and instead saw an expression                                                                                                                                                                                               @typescript-eslint/no-unused-expressions
  52:103413  warning  Expected an assignment or function call and instead saw an expression                                                                                                                                                                                               @typescript-eslint/no-unused-expressions
  52:103457  warning  Expected an assignment or function call and instead saw an expression                                                                                                                                                                                               @typescript-eslint/no-unused-expressions
  52:103495  warning  'u' is defined but never used                                                                                                                                                                                                                                       @typescript-eslint/no-unused-vars
  52:103927  warning  Expected an assignment or function call and instead saw an expression                                                                                                                                                                                               @typescript-eslint/no-unused-expressions
  52:104033  warning  Expected an assignment or function call and instead saw an expression                                                                                                                                                                                               @typescript-eslint/no-unused-expressions
  52:104100  warning  Expected an assignment or function call and instead saw an expression                                                                                                                                                                                               @typescript-eslint/no-unused-expressions
  52:104475  warning  Expected an assignment or function call and instead saw an expression                                                                                                                                                                                               @typescript-eslint/no-unused-expressions
  52:104642  warning  Expected an assignment or function call and instead saw an expression                                                                                                                                                                                               @typescript-eslint/no-unused-expressions
  52:104834  warning  Expected an assignment or function call and instead saw an expression                                                                                                                                                                                               @typescript-eslint/no-unused-expressions
  52:104856  warning  Expected an assignment or function call and instead saw an expression                                                                                                                                                                                               @typescript-eslint/no-unused-expressions
  52:104966  warning  Expected an assignment or function call and instead saw an expression                                                                                                                                                                                               @typescript-eslint/no-unused-expressions
  52:105217  warning  Expected an assignment or function call and instead saw an expression                                                                                                                                                                                               @typescript-eslint/no-unused-expressions
  52:106296  warning  Expected an assignment or function call and instead saw an expression                                                                                                                                                                                               @typescript-eslint/no-unused-expressions
  52:107884  warning  Expected an assignment or function call and instead saw an expression                                                                                                                                                                                               @typescript-eslint/no-unused-expressions
  52:108710  warning  Expected an assignment or function call and instead saw an expression                                                                                                                                                                                               @typescript-eslint/no-unused-expressions
  52:109759  warning  Expected an assignment or function call and instead saw an expression                                                                                                                                                                                               @typescript-eslint/no-unused-expressions
  52:110185  warning  Expected an assignment or function call and instead saw an expression                                                                                                                                                                                               @typescript-eslint/no-unused-expressions
  52:110388  warning  Expected an assignment or function call and instead saw an expression                                                                                                                                                                                               @typescript-eslint/no-unused-expressions
  52:110413  warning  Expected an assignment or function call and instead saw an expression                                                                                                                                                                                               @typescript-eslint/no-unused-expressions
  52:110518  warning  Expected an assignment or function call and instead saw an expression                                                                                                                                                                                               @typescript-eslint/no-unused-expressions
  52:110864  warning  Expected an assignment or function call and instead saw an expression                                                                                                                                                                                               @typescript-eslint/no-unused-expressions
  52:111094  warning  Expected an assignment or function call and instead saw an expression                                                                                                                                                                                               @typescript-eslint/no-unused-expressions
  52:111762  warning  Expected an assignment or function call and instead saw an expression                                                                                                                                                                                               @typescript-eslint/no-unused-expressions
  52:111882  warning  Expected an assignment or function call and instead saw an expression                                                                                                                                                                                               @typescript-eslint/no-unused-expressions
  52:111981  warning  Expected an assignment or function call and instead saw an expression                                                                                                                                                                                               @typescript-eslint/no-unused-expressions
  52:112300  warning  Expected an assignment or function call and instead saw an expression                                                                                                                                                                                               @typescript-eslint/no-unused-expressions
  52:112549  warning  Expected an assignment or function call and instead saw an expression                                                                                                                                                                                               @typescript-eslint/no-unused-expressions
  52:112880  warning  Expected an assignment or function call and instead saw an expression                                                                                                                                                                                               @typescript-eslint/no-unused-expressions
  52:113050  warning  Expected an assignment or function call and instead saw an expression                                                                                                                                                                                               @typescript-eslint/no-unused-expressions
  52:113367  warning  Expected an assignment or function call and instead saw an expression                                                                                                                                                                                               @typescript-eslint/no-unused-expressions
  52:114016  warning  Expected an assignment or function call and instead saw an expression                                                                                                                                                                                               @typescript-eslint/no-unused-expressions
  52:115215  warning  Expected an assignment or function call and instead saw an expression                                                                                                                                                                                               @typescript-eslint/no-unused-expressions
  52:115460  warning  Expected an assignment or function call and instead saw an expression                                                                                                                                                                                               @typescript-eslint/no-unused-expressions
  52:115601  warning  Expected an assignment or function call and instead saw an expression                                                                                                                                                                                               @typescript-eslint/no-unused-expressions
  52:115754  warning  Expected an assignment or function call and instead saw an expression                                                                                                                                                                                               @typescript-eslint/no-unused-expressions
  52:115900  warning  Expected an assignment or function call and instead saw an expression                                                                                                                                                                                               @typescript-eslint/no-unused-expressions
  52:115950  warning  Expected an assignment or function call and instead saw an expression                                                                                                                                                                                               @typescript-eslint/no-unused-expressions
  52:116194  warning  Expected an assignment or function call and instead saw an expression                                                                                                                                                                                               @typescript-eslint/no-unused-expressions
  52:116432  warning  Expected an assignment or function call and instead saw an expression                                                                                                                                                                                               @typescript-eslint/no-unused-expressions
  52:116674  warning  Expected an assignment or function call and instead saw an expression                                                                                                                                                                                               @typescript-eslint/no-unused-expressions
  52:116976  warning  Expected an assignment or function call and instead saw an expression                                                                                                                                                                                               @typescript-eslint/no-unused-expressions
  52:117531  warning  Expected an assignment or function call and instead saw an expression                                                                                                                                                                                               @typescript-eslint/no-unused-expressions
  52:117958  warning  'e' is assigned a value but never used                                                                                                                                                                                                                              @typescript-eslint/no-unused-vars
  52:117973  warning  Expected an assignment or function call and instead saw an expression                                                                                                                                                                                               @typescript-eslint/no-unused-expressions
  52:118101  warning  Expected an assignment or function call and instead saw an expression                                                                                                                                                                                               @typescript-eslint/no-unused-expressions
  52:118799  warning  Expected an assignment or function call and instead saw an expression                                                                                                                                                                                               @typescript-eslint/no-unused-expressions
  52:119132  warning  Expected an assignment or function call and instead saw an expression                                                                                                                                                                                               @typescript-eslint/no-unused-expressions
  52:119175  warning  Expected an assignment or function call and instead saw an expression                                                                                                                                                                                               @typescript-eslint/no-unused-expressions
  52:119214  warning  Expected an assignment or function call and instead saw an expression                                                                                                                                                                                               @typescript-eslint/no-unused-expressions
  52:119349  warning  Expected an assignment or function call and instead saw an expression                                                                                                                                                                                               @typescript-eslint/no-unused-expressions
  52:119417  warning  Expected an assignment or function call and instead saw an expression                                                                                                                                                                                               @typescript-eslint/no-unused-expressions
  52:120811  warning  't' is defined but never used                                                                                                                                                                                                                                       @typescript-eslint/no-unused-vars
  52:120832  warning  Expected an assignment or function call and instead saw an expression                                                                                                                                                                                               @typescript-eslint/no-unused-expressions
  52:121344  warning  Expected an assignment or function call and instead saw an expression                                                                                                                                                                                               @typescript-eslint/no-unused-expressions
  52:121506  warning  Expected an assignment or function call and instead saw an expression                                                                                                                                                                                               @typescript-eslint/no-unused-expressions
  52:121750  warning  Expected an assignment or function call and instead saw an expression                                                                                                                                                                                               @typescript-eslint/no-unused-expressions
  52:122020  warning  Expected an assignment or function call and instead saw an expression                                                                                                                                                                                               @typescript-eslint/no-unused-expressions
  52:122527  warning  Expected an assignment or function call and instead saw an expression                                                                                                                                                                                               @typescript-eslint/no-unused-expressions
  52:122638  warning  Expected an assignment or function call and instead saw an expression                                                                                                                                                                                               @typescript-eslint/no-unused-expressions
  52:124284  warning  Expected an assignment or function call and instead saw an expression                                                                                                                                                                                               @typescript-eslint/no-unused-expressions
  52:124944  warning  Expected an assignment or function call and instead saw an expression                                                                                                                                                                                               @typescript-eslint/no-unused-expressions
  52:125493  warning  Expected an assignment or function call and instead saw an expression                                                                                                                                                                                               @typescript-eslint/no-unused-expressions
  52:126002  warning  Expected an assignment or function call and instead saw an expression                                                                                                                                                                                               @typescript-eslint/no-unused-expressions
  52:126139  warning  'e' is defined but never used                                                                                                                                                                                                                                       @typescript-eslint/no-unused-vars
  52:126209  warning  Expected an assignment or function call and instead saw an expression                                                                                                                                                                                               @typescript-eslint/no-unused-expressions
  52:126718  warning  Expected an assignment or function call and instead saw an expression                                                                                                                                                                                               @typescript-eslint/no-unused-expressions
  52:126960  warning  Expected an assignment or function call and instead saw an expression                                                                                                                                                                                               @typescript-eslint/no-unused-expressions
  52:127193  warning  Expected an assignment or function call and instead saw an expression                                                                                                                                                                                               @typescript-eslint/no-unused-expressions
  52:127661  warning  Expected an assignment or function call and instead saw an expression                                                                                                                                                                                               @typescript-eslint/no-unused-expressions
  52:128074  warning  Expected an assignment or function call and instead saw an expression                                                                                                                                                                                               @typescript-eslint/no-unused-expressions
  52:128155  warning  Expected an assignment or function call and instead saw an expression                                                                                                                                                                                               @typescript-eslint/no-unused-expressions
  52:128201  warning  Expected an assignment or function call and instead saw an expression                                                                                                                                                                                               @typescript-eslint/no-unused-expressions
  52:128680  warning  Expected an assignment or function call and instead saw an expression                                                                                                                                                                                               @typescript-eslint/no-unused-expressions
  52:128836  warning  Expected an assignment or function call and instead saw an expression                                                                                                                                                                                               @typescript-eslint/no-unused-expressions
  52:129052  warning  Expected an assignment or function call and instead saw an expression                                                                                                                                                                                               @typescript-eslint/no-unused-expressions
  52:129358  warning  Expected an assignment or function call and instead saw an expression                                                                                                                                                                                               @typescript-eslint/no-unused-expressions
  52:129602  warning  Expected an assignment or function call and instead saw an expression                                                                                                                                                                                               @typescript-eslint/no-unused-expressions
  52:129948  warning  Expected an assignment or function call and instead saw an expression                                                                                                                                                                                               @typescript-eslint/no-unused-expressions
  52:130243  warning  Expected an assignment or function call and instead saw an expression                                                                                                                                                                                               @typescript-eslint/no-unused-expressions
  52:130296  warning  Expected an assignment or function call and instead saw an expression                                                                                                                                                                                               @typescript-eslint/no-unused-expressions
  52:131140  warning  Expected an assignment or function call and instead saw an expression                                                                                                                                                                                               @typescript-eslint/no-unused-expressions
  52:131353  warning  Expected an assignment or function call and instead saw an expression                                                                                                                                                                                               @typescript-eslint/no-unused-expressions
  52:131391  warning  Expected an assignment or function call and instead saw an expression                                                                                                                                                                                               @typescript-eslint/no-unused-expressions
  52:131480  warning  Expected an assignment or function call and instead saw an expression                                                                                                                                                                                               @typescript-eslint/no-unused-expressions
  52:133478  warning  Expected an assignment or function call and instead saw an expression                                                                                                                                                                                               @typescript-eslint/no-unused-expressions
  52:133577  warning  Expected an assignment or function call and instead saw an expression                                                                                                                                                                                               @typescript-eslint/no-unused-expressions
  52:133711  warning  Expected an assignment or function call and instead saw an expression                                                                                                                                                                                               @typescript-eslint/no-unused-expressions
  52:134022  warning  Expected an assignment or function call and instead saw an expression                                                                                                                                                                                               @typescript-eslint/no-unused-expressions
  52:134123  warning  Expected an assignment or function call and instead saw an expression                                                                                                                                                                                               @typescript-eslint/no-unused-expressions
  52:134475  warning  Expected an assignment or function call and instead saw an expression                                                                                                                                                                                               @typescript-eslint/no-unused-expressions
  52:134546  warning  Expected an assignment or function call and instead saw an expression                                                                                                                                                                                               @typescript-eslint/no-unused-expressions
  52:134868  warning  Expected an assignment or function call and instead saw an expression                                                                                                                                                                                               @typescript-eslint/no-unused-expressions
  52:135129  warning  Expected an assignment or function call and instead saw an expression                                                                                                                                                                                               @typescript-eslint/no-unused-expressions
  52:135294  warning  Expected an assignment or function call and instead saw an expression                                                                                                                                                                                               @typescript-eslint/no-unused-expressions
  52:135365  warning  Expected an assignment or function call and instead saw an expression                                                                                                                                                                                               @typescript-eslint/no-unused-expressions
  52:136780  warning  Expected an assignment or function call and instead saw an expression                                                                                                                                                                                               @typescript-eslint/no-unused-expressions
  52:136835  warning  Expected an assignment or function call and instead saw an expression                                                                                                                                                                                               @typescript-eslint/no-unused-expressions
  52:136968  warning  Expected an assignment or function call and instead saw an expression                                                                                                                                                                                               @typescript-eslint/no-unused-expressions
  52:137213  warning  Expected an assignment or function call and instead saw an expression                                                                                                                                                                                               @typescript-eslint/no-unused-expressions
  52:137268  warning  Expected an assignment or function call and instead saw an expression                                                                                                                                                                                               @typescript-eslint/no-unused-expressions
  52:137402  warning  Expected an assignment or function call and instead saw an expression                                                                                                                                                                                               @typescript-eslint/no-unused-expressions
  52:137985  warning  Expected an assignment or function call and instead saw an expression                                                                                                                                                                                               @typescript-eslint/no-unused-expressions
  52:138166  warning  Expected an assignment or function call and instead saw an expression                                                                                                                                                                                               @typescript-eslint/no-unused-expressions
  52:138228  warning  Expected an assignment or function call and instead saw an expression                                                                                                                                                                                               @typescript-eslint/no-unused-expressions
  52:138348  warning  Expected an assignment or function call and instead saw an expression                                                                                                                                                                                               @typescript-eslint/no-unused-expressions
  52:138570  warning  Expected an assignment or function call and instead saw an expression                                                                                                                                                                                               @typescript-eslint/no-unused-expressions
  52:139111  warning  Expected an assignment or function call and instead saw an expression                                                                                                                                                                                               @typescript-eslint/no-unused-expressions
  52:140025  warning  Expected an assignment or function call and instead saw an expression                                                                                                                                                                                               @typescript-eslint/no-unused-expressions
  52:140157  warning  Expected an assignment or function call and instead saw an expression                                                                                                                                                                                               @typescript-eslint/no-unused-expressions
  52:140459  warning  Expected an assignment or function call and instead saw an expression                                                                                                                                                                                               @typescript-eslint/no-unused-expressions
  52:140669  warning  Expected an assignment or function call and instead saw an expression                                                                                                                                                                                               @typescript-eslint/no-unused-expressions
  52:140933  warning  Expected an assignment or function call and instead saw an expression                                                                                                                                                                                               @typescript-eslint/no-unused-expressions
  52:140998  warning  Expected an assignment or function call and instead saw an expression                                                                                                                                                                                               @typescript-eslint/no-unused-expressions
  52:141490  warning  Expected an assignment or function call and instead saw an expression                                                                                                                                                                                               @typescript-eslint/no-unused-expressions
  52:141544  warning  Expected an assignment or function call and instead saw an expression                                                                                                                                                                                               @typescript-eslint/no-unused-expressions
  52:141650  warning  Expected an assignment or function call and instead saw an expression                                                                                                                                                                                               @typescript-eslint/no-unused-expressions
  52:141828  warning  Expected an assignment or function call and instead saw an expression                                                                                                                                                                                               @typescript-eslint/no-unused-expressions
  52:142729  warning  Expected an assignment or function call and instead saw an expression                                                                                                                                                                                               @typescript-eslint/no-unused-expressions
  52:143139  warning  Expected an assignment or function call and instead saw an expression                                                                                                                                                                                               @typescript-eslint/no-unused-expressions
  52:143794  warning  Expected an assignment or function call and instead saw an expression                                                                                                                                                                                               @typescript-eslint/no-unused-expressions
  52:144094  warning  Expected an assignment or function call and instead saw an expression                                                                                                                                                                                               @typescript-eslint/no-unused-expressions
  52:144147  warning  Expected an assignment or function call and instead saw an expression                                                                                                                                                                                               @typescript-eslint/no-unused-expressions
  52:144439  warning  'r' is defined but never used                                                                                                                                                                                                                                       @typescript-eslint/no-unused-vars
  52:144462  warning  'n' is defined but never used                                                                                                                                                                                                                                       @typescript-eslint/no-unused-vars
  52:144727  warning  Expected an assignment or function call and instead saw an expression                                                                                                                                                                                               @typescript-eslint/no-unused-expressions
  52:144807  warning  Expected an assignment or function call and instead saw an expression                                                                                                                                                                                               @typescript-eslint/no-unused-expressions
  52:144937  warning  Expected an assignment or function call and instead saw an expression                                                                                                                                                                                               @typescript-eslint/no-unused-expressions
  52:145441  warning  Expected an assignment or function call and instead saw an expression                                                                                                                                                                                               @typescript-eslint/no-unused-expressions
  52:145657  warning  Expected an assignment or function call and instead saw an expression                                                                                                                                                                                               @typescript-eslint/no-unused-expressions
  52:145836  warning  Expected an assignment or function call and instead saw an expression                                                                                                                                                                                               @typescript-eslint/no-unused-expressions
  52:146254  warning  Expected an assignment or function call and instead saw an expression                                                                                                                                                                                               @typescript-eslint/no-unused-expressions
  52:146687  warning  Expected an assignment or function call and instead saw an expression                                                                                                                                                                                               @typescript-eslint/no-unused-expressions
  52:147246  warning  'r' is assigned a value but never used                                                                                                                                                                                                                              @typescript-eslint/no-unused-vars
  52:148630  warning  Expected an assignment or function call and instead saw an expression                                                                                                                                                                                               @typescript-eslint/no-unused-expressions
  52:149461  warning  't' is defined but never used                                                                                                                                                                                                                                       @typescript-eslint/no-unused-vars
  52:149650  warning  Expected an assignment or function call and instead saw an expression                                                                                                                                                                                               @typescript-eslint/no-unused-expressions
  52:149892  warning  Expected an assignment or function call and instead saw an expression                                                                                                                                                                                               @typescript-eslint/no-unused-expressions
  52:150048  warning  Expected an assignment or function call and instead saw an expression                                                                                                                                                                                               @typescript-eslint/no-unused-expressions
  52:150978  warning  Expected an assignment or function call and instead saw an expression                                                                                                                                                                                               @typescript-eslint/no-unused-expressions
  52:151631  warning  Expected an assignment or function call and instead saw an expression                                                                                                                                                                                               @typescript-eslint/no-unused-expressions
  52:151689  warning  Expected an assignment or function call and instead saw an expression                                                                                                                                                                                               @typescript-eslint/no-unused-expressions
  52:153419  warning  Expected an assignment or function call and instead saw an expression                                                                                                                                                                                               @typescript-eslint/no-unused-expressions
  52:153515  warning  Expected an assignment or function call and instead saw an expression                                                                                                                                                                                               @typescript-eslint/no-unused-expressions
  52:154161  warning  Expected an assignment or function call and instead saw an expression                                                                                                                                                                                               @typescript-eslint/no-unused-expressions
  52:154275  warning  Expected an assignment or function call and instead saw an expression                                                                                                                                                                                               @typescript-eslint/no-unused-expressions
  52:154828  warning  Expected an assignment or function call and instead saw an expression                                                                                                                                                                                               @typescript-eslint/no-unused-expressions
  52:155072  warning  Expected an assignment or function call and instead saw an expression                                                                                                                                                                                               @typescript-eslint/no-unused-expressions
  52:155353  warning  Expected an assignment or function call and instead saw an expression                                                                                                                                                                                               @typescript-eslint/no-unused-expressions
  52:155638  warning  Expected an assignment or function call and instead saw an expression                                                                                                                                                                                               @typescript-eslint/no-unused-expressions
  52:155685  warning  Expected an assignment or function call and instead saw an expression                                                                                                                                                                                               @typescript-eslint/no-unused-expressions
  52:156113  warning  Expected an assignment or function call and instead saw an expression                                                                                                                                                                                               @typescript-eslint/no-unused-expressions
  52:156992  warning  Expected an assignment or function call and instead saw an expression                                                                                                                                                                                               @typescript-eslint/no-unused-expressions
  52:157270  warning  Expected an assignment or function call and instead saw an expression                                                                                                                                                                                               @typescript-eslint/no-unused-expressions
  52:158239  warning  Expected an assignment or function call and instead saw an expression                                                                                                                                                                                               @typescript-eslint/no-unused-expressions
  52:158319  warning  Expected an assignment or function call and instead saw an expression                                                                                                                                                                                               @typescript-eslint/no-unused-expressions
  52:158624  warning  Expected an assignment or function call and instead saw an expression                                                                                                                                                                                               @typescript-eslint/no-unused-expressions
  52:159239  warning  Expected an assignment or function call and instead saw an expression                                                                                                                                                                                               @typescript-eslint/no-unused-expressions
  52:159405  warning  Expected an assignment or function call and instead saw an expression                                                                                                                                                                                               @typescript-eslint/no-unused-expressions
  52:159450  warning  Expected an assignment or function call and instead saw an expression                                                                                                                                                                                               @typescript-eslint/no-unused-expressions
  52:159488  warning  Expected an assignment or function call and instead saw an expression                                                                                                                                                                                               @typescript-eslint/no-unused-expressions
  52:159544  warning  Expected an assignment or function call and instead saw an expression                                                                                                                                                                                               @typescript-eslint/no-unused-expressions
  52:159640  warning  't' is defined but never used                                                                                                                                                                                                                                       @typescript-eslint/no-unused-vars
  52:159658  warning  Expected an assignment or function call and instead saw an expression                                                                                                                                                                                               @typescript-eslint/no-unused-expressions
  52:159768  warning  Expected an assignment or function call and instead saw an expression                                                                                                                                                                                               @typescript-eslint/no-unused-expressions
  52:160197  warning  Expected an assignment or function call and instead saw an expression                                                                                                                                                                                               @typescript-eslint/no-unused-expressions
  52:160381  warning  Expected an assignment or function call and instead saw an expression                                                                                                                                                                                               @typescript-eslint/no-unused-expressions
  52:161740  warning  Expected an assignment or function call and instead saw an expression                                                                                                                                                                                               @typescript-eslint/no-unused-expressions

/Users/pranshudhiman/Desktop/vk and company/artifacts/motion-stage-9/before-site/out/_next/static/chunks/90-aff844b2dd524737.js
  1:228   warning  Expected an assignment or function call and instead saw an expression  @typescript-eslint/no-unused-expressions
  1:729   warning  Expected an assignment or function call and instead saw an expression  @typescript-eslint/no-unused-expressions
  1:832   warning  Expected an assignment or function call and instead saw an expression  @typescript-eslint/no-unused-expressions
  1:921   warning  Expected an assignment or function call and instead saw an expression  @typescript-eslint/no-unused-expressions
  1:1286  warning  Expected an assignment or function call and instead saw an expression  @typescript-eslint/no-unused-expressions
  1:2206  warning  Expected an assignment or function call and instead saw an expression  @typescript-eslint/no-unused-expressions
  1:2581  warning  Expected an assignment or function call and instead saw an expression  @typescript-eslint/no-unused-expressions
  1:3050  warning  'a' is defined but never used                                          @typescript-eslint/no-unused-vars
  1:3052  warning  'o' is defined but never used                                          @typescript-eslint/no-unused-vars
  1:3068  warning  Expected an assignment or function call and instead saw an expression  @typescript-eslint/no-unused-expressions
  1:3494  warning  Expected an assignment or function call and instead saw an expression  @typescript-eslint/no-unused-expressions
  1:3540  warning  Expected an assignment or function call and instead saw an expression  @typescript-eslint/no-unused-expressions
  1:3568  warning  Expected an assignment or function call and instead saw an expression  @typescript-eslint/no-unused-expressions
  1:3927  warning  'P' is defined but never used                                          @typescript-eslint/no-unused-vars
  1:4032  warning  Expected an assignment or function call and instead saw an expression  @typescript-eslint/no-unused-expressions
  1:4357  warning  Expected an assignment or function call and instead saw an expression  @typescript-eslint/no-unused-expressions
  1:5733  warning  Expected an assignment or function call and instead saw an expression  @typescript-eslint/no-unused-expressions
  1:6496  warning  Expected an assignment or function call and instead saw an expression  @typescript-eslint/no-unused-expressions
  1:7488  warning  Expected an assignment or function call and instead saw an expression  @typescript-eslint/no-unused-expressions
  1:7549  warning  Expected an assignment or function call and instead saw an expression  @typescript-eslint/no-unused-expressions
  1:7688  warning  Expected an assignment or function call and instead saw an expression  @typescript-eslint/no-unused-expressions
  1:7749  warning  Expected an assignment or function call and instead saw an expression  @typescript-eslint/no-unused-expressions
  1:8048  warning  Expected an assignment or function call and instead saw an expression  @typescript-eslint/no-unused-expressions
  1:9155  warning  Expected an assignment or function call and instead saw an expression  @typescript-eslint/no-unused-expressions
  1:9355  warning  Expected an assignment or function call and instead saw an expression  @typescript-eslint/no-unused-expressions
  1:9795  warning  Expected an assignment or function call and instead saw an expression  @typescript-eslint/no-unused-expressions
  2:1144  warning  Expected an assignment or function call and instead saw an expression  @typescript-eslint/no-unused-expressions
  2:1694  warning  '_' is defined but never used                                          @typescript-eslint/no-unused-vars
  2:1714  warning  'w' is defined but never used                                          @typescript-eslint/no-unused-vars
  2:1838  warning  'R' is defined but never used                                          @typescript-eslint/no-unused-vars
  2:1849  warning  'k' is defined but never used                                          @typescript-eslint/no-unused-vars
  2:2426  warning  Expected an assignment or function call and instead saw an expression  @typescript-eslint/no-unused-expressions
  3:169   warning  'r' is assigned a value but never used                                 @typescript-eslint/no-unused-vars
  3:198   warning  Expected an assignment or function call and instead saw an expression  @typescript-eslint/no-unused-expressions
  3:310   warning  Expected an assignment or function call and instead saw an expression  @typescript-eslint/no-unused-expressions
  3:372   warning  Expected an assignment or function call and instead saw an expression  @typescript-eslint/no-unused-expressions
  3:1240  warning  Expected an assignment or function call and instead saw an expression  @typescript-eslint/no-unused-expressions
  3:1300  warning  Expected an assignment or function call and instead saw an expression  @typescript-eslint/no-unused-expressions
  3:2369  warning  Expected an assignment or function call and instead saw an expression  @typescript-eslint/no-unused-expressions

/Users/pranshudhiman/Desktop/vk and company/artifacts/motion-stage-9/before-site/out/_next/static/chunks/972-80a0c29275116075.js
  1:983   warning  Expected an assignment or function call and instead saw an expression  @typescript-eslint/no-unused-expressions
  1:2487  warning  Expected an assignment or function call and instead saw an expression  @typescript-eslint/no-unused-expressions
  1:4322  warning  Expected an assignment or function call and instead saw an expression  @typescript-eslint/no-unused-expressions
  1:5189  warning  Expected an assignment or function call and instead saw an expression  @typescript-eslint/no-unused-expressions
  1:5480  warning  Expected an assignment or function call and instead saw an expression  @typescript-eslint/no-unused-expressions
  1:5869  warning  Expected an assignment or function call and instead saw an expression  @typescript-eslint/no-unused-expressions
  1:6044  warning  Expected an assignment or function call and instead saw an expression  @typescript-eslint/no-unused-expressions
  1:6499  warning  Expected an assignment or function call and instead saw an expression  @typescript-eslint/no-unused-expressions
  1:6808  warning  Expected an assignment or function call and instead saw an expression  @typescript-eslint/no-unused-expressions
  1:6913  warning  Expected an assignment or function call and instead saw an expression  @typescript-eslint/no-unused-expressions
  1:7108  warning  Expected an assignment or function call and instead saw an expression  @typescript-eslint/no-unused-expressions
  1:7833  warning  Expected an assignment or function call and instead saw an expression  @typescript-eslint/no-unused-expressions
  1:8396  warning  Expected an assignment or function call and instead saw an expression  @typescript-eslint/no-unused-expressions
  1:9169  warning  Expected an assignment or function call and instead saw an expression  @typescript-eslint/no-unused-expressions

/Users/pranshudhiman/Desktop/vk and company/artifacts/motion-stage-9/before-site/out/_next/static/chunks/977.4c073cbf53a70ab9.js
  1:407    warning  Expected an assignment or function call and instead saw an expression  @typescript-eslint/no-unused-expressions
  1:1365   warning  Expected an assignment or function call and instead saw an expression  @typescript-eslint/no-unused-expressions
  1:2223   warning  Expected an assignment or function call and instead saw an expression  @typescript-eslint/no-unused-expressions
  1:2255   warning  Expected an assignment or function call and instead saw an expression  @typescript-eslint/no-unused-expressions
  1:3306   warning  Expected an assignment or function call and instead saw an expression  @typescript-eslint/no-unused-expressions
  1:3365   warning  Expected an assignment or function call and instead saw an expression  @typescript-eslint/no-unused-expressions
  1:3450   warning  Expected an assignment or function call and instead saw an expression  @typescript-eslint/no-unused-expressions
  1:5454   warning  Expected an assignment or function call and instead saw an expression  @typescript-eslint/no-unused-expressions
  1:5663   warning  Expected an assignment or function call and instead saw an expression  @typescript-eslint/no-unused-expressions
  1:5908   warning  Expected an assignment or function call and instead saw an expression  @typescript-eslint/no-unused-expressions
  1:6044   warning  Expected an assignment or function call and instead saw an expression  @typescript-eslint/no-unused-expressions
  1:6162   warning  Expected an assignment or function call and instead saw an expression  @typescript-eslint/no-unused-expressions
  1:6335   warning  Expected an assignment or function call and instead saw an expression  @typescript-eslint/no-unused-expressions
  1:6521   warning  Expected an assignment or function call and instead saw an expression  @typescript-eslint/no-unused-expressions
  1:6873   warning  Expected an assignment or function call and instead saw an expression  @typescript-eslint/no-unused-expressions
  1:7125   warning  Expected an assignment or function call and instead saw an expression  @typescript-eslint/no-unused-expressions
  1:7316   warning  Expected an assignment or function call and instead saw an expression  @typescript-eslint/no-unused-expressions
  1:7441   warning  Expected an assignment or function call and instead saw an expression  @typescript-eslint/no-unused-expressions
  1:7544   warning  Expected an assignment or function call and instead saw an expression  @typescript-eslint/no-unused-expressions
  1:8156   warning  Expected an assignment or function call and instead saw an expression  @typescript-eslint/no-unused-expressions
  1:8786   warning  Expected an assignment or function call and instead saw an expression  @typescript-eslint/no-unused-expressions
  1:8972   warning  Expected an assignment or function call and instead saw an expression  @typescript-eslint/no-unused-expressions
  1:9066   warning  Expected an assignment or function call and instead saw an expression  @typescript-eslint/no-unused-expressions
  1:9370   warning  Expected an assignment or function call and instead saw an expression  @typescript-eslint/no-unused-expressions
  1:9459   warning  Expected an assignment or function call and instead saw an expression  @typescript-eslint/no-unused-expressions
  1:9545   warning  Expected an assignment or function call and instead saw an expression  @typescript-eslint/no-unused-expressions
  1:9642   warning  Expected an assignment or function call and instead saw an expression  @typescript-eslint/no-unused-expressions
  1:9744   warning  Expected an assignment or function call and instead saw an expression  @typescript-eslint/no-unused-expressions
  1:9827   warning  Expected an assignment or function call and instead saw an expression  @typescript-eslint/no-unused-expressions
  1:10597  warning  Expected an assignment or function call and instead saw an expression  @typescript-eslint/no-unused-expressions
  1:11751  warning  Expected an assignment or function call and instead saw an expression  @typescript-eslint/no-unused-expressions
  1:11799  warning  Expected an assignment or function call and instead saw an expression  @typescript-eslint/no-unused-expressions
  1:11898  warning  Expected an assignment or function call and instead saw an expression  @typescript-eslint/no-unused-expressions
  1:12072  warning  Expected an assignment or function call and instead saw an expression  @typescript-eslint/no-unused-expressions
  1:12151  warning  Expected an assignment or function call and instead saw an expression  @typescript-eslint/no-unused-expressions
  1:12305  warning  Expected an assignment or function call and instead saw an expression  @typescript-eslint/no-unused-expressions
  1:12401  warning  Expected an assignment or function call and instead saw an expression  @typescript-eslint/no-unused-expressions

/Users/pranshudhiman/Desktop/vk and company/artifacts/motion-stage-9/before-site/out/_next/static/chunks/app/(site)/about/page-05de2f15719aa416.js
  1:70  warning  Expected an assignment or function call and instead saw an expression  @typescript-eslint/no-unused-expressions

/Users/pranshudhiman/Desktop/vk and company/artifacts/motion-stage-9/before-site/out/_next/static/chunks/app/(site)/contact/page-ee97beac983dd7bc.js
  1:1373  warning  Expected an assignment or function call and instead saw an expression  @typescript-eslint/no-unused-expressions
  1:1614  warning  Expected an assignment or function call and instead saw an expression  @typescript-eslint/no-unused-expressions
  1:2079  warning  Expected an assignment or function call and instead saw an expression  @typescript-eslint/no-unused-expressions
  1:2535  warning  Expected an assignment or function call and instead saw an expression  @typescript-eslint/no-unused-expressions
  1:2697  warning  Expected an assignment or function call and instead saw an expression  @typescript-eslint/no-unused-expressions
  1:5178  warning  Expected an assignment or function call and instead saw an expression  @typescript-eslint/no-unused-expressions
  1:5345  warning  Expected an assignment or function call and instead saw an expression  @typescript-eslint/no-unused-expressions

/Users/pranshudhiman/Desktop/vk and company/artifacts/motion-stage-9/before-site/out/_next/static/chunks/app/(site)/faq/page-30caf5053d40e42c.js
  1:4145   warning  Expected an assignment or function call and instead saw an expression  @typescript-eslint/no-unused-expressions
  1:4171   warning  Expected an assignment or function call and instead saw an expression  @typescript-eslint/no-unused-expressions
  1:4245   warning  Expected an assignment or function call and instead saw an expression  @typescript-eslint/no-unused-expressions
  1:4333   warning  Expected an assignment or function call and instead saw an expression  @typescript-eslint/no-unused-expressions
  1:4462   warning  Expected an assignment or function call and instead saw an expression  @typescript-eslint/no-unused-expressions
  1:5168   warning  Expected an assignment or function call and instead saw an expression  @typescript-eslint/no-unused-expressions
  1:6748   warning  Expected an assignment or function call and instead saw an expression  @typescript-eslint/no-unused-expressions
  1:7615   warning  Expected an assignment or function call and instead saw an expression  @typescript-eslint/no-unused-expressions
  1:7906   warning  Expected an assignment or function call and instead saw an expression  @typescript-eslint/no-unused-expressions
  1:8295   warning  Expected an assignment or function call and instead saw an expression  @typescript-eslint/no-unused-expressions
  1:8470   warning  Expected an assignment or function call and instead saw an expression  @typescript-eslint/no-unused-expressions
  1:8925   warning  Expected an assignment or function call and instead saw an expression  @typescript-eslint/no-unused-expressions
  1:9234   warning  Expected an assignment or function call and instead saw an expression  @typescript-eslint/no-unused-expressions
  1:9339   warning  Expected an assignment or function call and instead saw an expression  @typescript-eslint/no-unused-expressions
  1:9534   warning  Expected an assignment or function call and instead saw an expression  @typescript-eslint/no-unused-expressions
  1:10058  warning  Expected an assignment or function call and instead saw an expression  @typescript-eslint/no-unused-expressions
  1:10562  warning  Expected an assignment or function call and instead saw an expression  @typescript-eslint/no-unused-expressions
  1:11125  warning  Expected an assignment or function call and instead saw an expression  @typescript-eslint/no-unused-expressions
  1:11898  warning  Expected an assignment or function call and instead saw an expression  @typescript-eslint/no-unused-expressions
  1:12366  warning  Expected an assignment or function call and instead saw an expression  @typescript-eslint/no-unused-expressions

/Users/pranshudhiman/Desktop/vk and company/artifacts/motion-stage-9/before-site/out/_next/static/chunks/app/(site)/get-a-quote/page-36803697b1eeaaf0.js
  1:4146   warning  Expected an assignment or function call and instead saw an expression  @typescript-eslint/no-unused-expressions
  1:4172   warning  Expected an assignment or function call and instead saw an expression  @typescript-eslint/no-unused-expressions
  1:4246   warning  Expected an assignment or function call and instead saw an expression  @typescript-eslint/no-unused-expressions
  1:4334   warning  Expected an assignment or function call and instead saw an expression  @typescript-eslint/no-unused-expressions
  1:4463   warning  Expected an assignment or function call and instead saw an expression  @typescript-eslint/no-unused-expressions
  1:6727   warning  Expected an assignment or function call and instead saw an expression  @typescript-eslint/no-unused-expressions
  1:7452   warning  Expected an assignment or function call and instead saw an expression  @typescript-eslint/no-unused-expressions
  1:7919   warning  Expected an assignment or function call and instead saw an expression  @typescript-eslint/no-unused-expressions
  1:8445   warning  Expected an assignment or function call and instead saw an expression  @typescript-eslint/no-unused-expressions
  1:8561   warning  Expected an assignment or function call and instead saw an expression  @typescript-eslint/no-unused-expressions
  1:14973  warning  Expected an assignment or function call and instead saw an expression  @typescript-eslint/no-unused-expressions
  1:15133  warning  Expected an assignment or function call and instead saw an expression  @typescript-eslint/no-unused-expressions

/Users/pranshudhiman/Desktop/vk and company/artifacts/motion-stage-9/before-site/out/_next/static/chunks/app/(site)/layout-47739336e2eb8db8.js
  1:826   warning  Expected an assignment or function call and instead saw an expression  @typescript-eslint/no-unused-expressions
  1:911   warning  Expected an assignment or function call and instead saw an expression  @typescript-eslint/no-unused-expressions
  1:1136  warning  Expected an assignment or function call and instead saw an expression  @typescript-eslint/no-unused-expressions
  1:1226  warning  Expected an assignment or function call and instead saw an expression  @typescript-eslint/no-unused-expressions
  1:1329  warning  Expected an assignment or function call and instead saw an expression  @typescript-eslint/no-unused-expressions
  1:1746  warning  Expected an assignment or function call and instead saw an expression  @typescript-eslint/no-unused-expressions
  1:1978  warning  Expected an assignment or function call and instead saw an expression  @typescript-eslint/no-unused-expressions
  1:2111  warning  Expected an assignment or function call and instead saw an expression  @typescript-eslint/no-unused-expressions
  1:2458  warning  Expected an assignment or function call and instead saw an expression  @typescript-eslint/no-unused-expressions
  1:2628  warning  Expected an assignment or function call and instead saw an expression  @typescript-eslint/no-unused-expressions
  1:2672  warning  Expected an assignment or function call and instead saw an expression  @typescript-eslint/no-unused-expressions
  1:2893  warning  Expected an assignment or function call and instead saw an expression  @typescript-eslint/no-unused-expressions
  1:3983  warning  Expected an assignment or function call and instead saw an expression  @typescript-eslint/no-unused-expressions
  1:4129  warning  Expected an assignment or function call and instead saw an expression  @typescript-eslint/no-unused-expressions
  1:4954  warning  Expected an assignment or function call and instead saw an expression  @typescript-eslint/no-unused-expressions
  1:5891  warning  Expected an assignment or function call and instead saw an expression  @typescript-eslint/no-unused-expressions
  1:6332  warning  Expected an assignment or function call and instead saw an expression  @typescript-eslint/no-unused-expressions
  1:6895  warning  Expected an assignment or function call and instead saw an expression  @typescript-eslint/no-unused-expressions
  1:7668  warning  Expected an assignment or function call and instead saw an expression  @typescript-eslint/no-unused-expressions
  1:8367  warning  Expected an assignment or function call and instead saw an expression  @typescript-eslint/no-unused-expressions

/Users/pranshudhiman/Desktop/vk and company/artifacts/motion-stage-9/before-site/out/_next/static/chunks/app/(site)/page-997cb50ce718f7a1.js
  1:2874   warning  Expected an assignment or function call and instead saw an expression  @typescript-eslint/no-unused-expressions
  1:3741   warning  Expected an assignment or function call and instead saw an expression  @typescript-eslint/no-unused-expressions
  1:4032   warning  Expected an assignment or function call and instead saw an expression  @typescript-eslint/no-unused-expressions
  1:4421   warning  Expected an assignment or function call and instead saw an expression  @typescript-eslint/no-unused-expressions
  1:4596   warning  Expected an assignment or function call and instead saw an expression  @typescript-eslint/no-unused-expressions
  1:5051   warning  Expected an assignment or function call and instead saw an expression  @typescript-eslint/no-unused-expressions
  1:5360   warning  Expected an assignment or function call and instead saw an expression  @typescript-eslint/no-unused-expressions
  1:5465   warning  Expected an assignment or function call and instead saw an expression  @typescript-eslint/no-unused-expressions
  1:5660   warning  Expected an assignment or function call and instead saw an expression  @typescript-eslint/no-unused-expressions
  1:6196   warning  Expected an assignment or function call and instead saw an expression  @typescript-eslint/no-unused-expressions
  1:6700   warning  Expected an assignment or function call and instead saw an expression  @typescript-eslint/no-unused-expressions
  1:7263   warning  Expected an assignment or function call and instead saw an expression  @typescript-eslint/no-unused-expressions
  1:8036   warning  Expected an assignment or function call and instead saw an expression  @typescript-eslint/no-unused-expressions
  1:9241   warning  Expected an assignment or function call and instead saw an expression  @typescript-eslint/no-unused-expressions
  1:9362   warning  Expected an assignment or function call and instead saw an expression  @typescript-eslint/no-unused-expressions
  1:9961   warning  Expected an assignment or function call and instead saw an expression  @typescript-eslint/no-unused-expressions
  1:10247  warning  Expected an assignment or function call and instead saw an expression  @typescript-eslint/no-unused-expressions
  1:10414  warning  Expected an assignment or function call and instead saw an expression  @typescript-eslint/no-unused-expressions
  1:11617  warning  Expected an assignment or function call and instead saw an expression  @typescript-eslint/no-unused-expressions
  1:11703  warning  Expected an assignment or function call and instead saw an expression  @typescript-eslint/no-unused-expressions
  1:11805  warning  Expected an assignment or function call and instead saw an expression  @typescript-eslint/no-unused-expressions
  1:11996  warning  Expected an assignment or function call and instead saw an expression  @typescript-eslint/no-unused-expressions
  1:12134  warning  Expected an assignment or function call and instead saw an expression  @typescript-eslint/no-unused-expressions
  1:12903  warning  Expected an assignment or function call and instead saw an expression  @typescript-eslint/no-unused-expressions
  1:13191  warning  Expected an assignment or function call and instead saw an expression  @typescript-eslint/no-unused-expressions

/Users/pranshudhiman/Desktop/vk and company/artifacts/motion-stage-9/before-site/out/_next/static/chunks/app/(site)/privacy/page-02981a848fa15760.js
  1:68  warning  Expected an assignment or function call and instead saw an expression  @typescript-eslint/no-unused-expressions

/Users/pranshudhiman/Desktop/vk and company/artifacts/motion-stage-9/before-site/out/_next/static/chunks/app/(site)/services/domestic/page-a30c85a50c1f4c26.js
  1:69  warning  Expected an assignment or function call and instead saw an expression  @typescript-eslint/no-unused-expressions

/Users/pranshudhiman/Desktop/vk and company/artifacts/motion-stage-9/before-site/out/_next/static/chunks/app/(site)/services/international/page-e73d97feea8dfc12.js
  1:70  warning  Expected an assignment or function call and instead saw an expression  @typescript-eslint/no-unused-expressions

/Users/pranshudhiman/Desktop/vk and company/artifacts/motion-stage-9/before-site/out/_next/static/chunks/app/(site)/terms/page-00f9c03a48471c40.js
  1:70  warning  Expected an assignment or function call and instead saw an expression  @typescript-eslint/no-unused-expressions

/Users/pranshudhiman/Desktop/vk and company/artifacts/motion-stage-9/before-site/out/_next/static/chunks/app/(site)/track/page-5a9a5a8c6d8c7515.js
  1:70  warning  Expected an assignment or function call and instead saw an expression  @typescript-eslint/no-unused-expressions

/Users/pranshudhiman/Desktop/vk and company/artifacts/motion-stage-9/before-site/out/_next/static/chunks/app/_global-error/page-47851579e47dcbd3.js
  1:105  warning  Expected an assignment or function call and instead saw an expression  @typescript-eslint/no-unused-expressions

/Users/pranshudhiman/Desktop/vk and company/artifacts/motion-stage-9/before-site/out/_next/static/chunks/app/_not-found/page-47851579e47dcbd3.js
  1:105  warning  Expected an assignment or function call and instead saw an expression  @typescript-eslint/no-unused-expressions

/Users/pranshudhiman/Desktop/vk and company/artifacts/motion-stage-9/before-site/out/_next/static/chunks/app/layout-c38c932514590f1f.js
  1:153   warning  Expected an assignment or function call and instead saw an expression  @typescript-eslint/no-unused-expressions
  1:1227  warning  Expected an assignment or function call and instead saw an expression  @typescript-eslint/no-unused-expressions
  1:1289  warning  Expected an assignment or function call and instead saw an expression  @typescript-eslint/no-unused-expressions
  1:1874  warning  Expected an assignment or function call and instead saw an expression  @typescript-eslint/no-unused-expressions
  1:1903  warning  Expected an assignment or function call and instead saw an expression  @typescript-eslint/no-unused-expressions
  1:2096  warning  Expected an assignment or function call and instead saw an expression  @typescript-eslint/no-unused-expressions
  1:2583  warning  Expected an assignment or function call and instead saw an expression  @typescript-eslint/no-unused-expressions
  1:2775  warning  Expected an assignment or function call and instead saw an expression  @typescript-eslint/no-unused-expressions
  1:3064  warning  Expected an assignment or function call and instead saw an expression  @typescript-eslint/no-unused-expressions
  1:3215  warning  Expected an assignment or function call and instead saw an expression  @typescript-eslint/no-unused-expressions
  1:3645  warning  Expected an assignment or function call and instead saw an expression  @typescript-eslint/no-unused-expressions
  1:3953  warning  Expected an assignment or function call and instead saw an expression  @typescript-eslint/no-unused-expressions
  1:4120  warning  Expected an assignment or function call and instead saw an expression  @typescript-eslint/no-unused-expressions
  1:4860  warning  Expected an assignment or function call and instead saw an expression  @typescript-eslint/no-unused-expressions
  1:4935  warning  Expected an assignment or function call and instead saw an expression  @typescript-eslint/no-unused-expressions
  1:4960  warning  Expected an assignment or function call and instead saw an expression  @typescript-eslint/no-unused-expressions
  1:5441  warning  Expected an assignment or function call and instead saw an expression  @typescript-eslint/no-unused-expressions
  1:6171  warning  Expected an assignment or function call and instead saw an expression  @typescript-eslint/no-unused-expressions
  1:6639  warning  Expected an assignment or function call and instead saw an expression  @typescript-eslint/no-unused-expressions

/Users/pranshudhiman/Desktop/vk and company/artifacts/motion-stage-9/before-site/out/_next/static/chunks/app/not-found-e1578b70c8f66e85.js
  1:1483  warning  Expected an assignment or function call and instead saw an expression  @typescript-eslint/no-unused-expressions
  1:2350  warning  Expected an assignment or function call and instead saw an expression  @typescript-eslint/no-unused-expressions
  1:2641  warning  Expected an assignment or function call and instead saw an expression  @typescript-eslint/no-unused-expressions
  1:3030  warning  Expected an assignment or function call and instead saw an expression  @typescript-eslint/no-unused-expressions
  1:3205  warning  Expected an assignment or function call and instead saw an expression  @typescript-eslint/no-unused-expressions
  1:3660  warning  Expected an assignment or function call and instead saw an expression  @typescript-eslint/no-unused-expressions
  1:3969  warning  Expected an assignment or function call and instead saw an expression  @typescript-eslint/no-unused-expressions
  1:4074  warning  Expected an assignment or function call and instead saw an expression  @typescript-eslint/no-unused-expressions
  1:4269  warning  Expected an assignment or function call and instead saw an expression  @typescript-eslint/no-unused-expressions
  1:4588  warning  Expected an assignment or function call and instead saw an expression  @typescript-eslint/no-unused-expressions
  1:4880  warning  Expected an assignment or function call and instead saw an expression  @typescript-eslint/no-unused-expressions
  1:5236  warning  Expected an assignment or function call and instead saw an expression  @typescript-eslint/no-unused-expressions
  1:5704  warning  Expected an assignment or function call and instead saw an expression  @typescript-eslint/no-unused-expressions

/Users/pranshudhiman/Desktop/vk and company/artifacts/motion-stage-9/before-site/out/_next/static/chunks/app/robots.txt/route-47851579e47dcbd3.js
  1:105  warning  Expected an assignment or function call and instead saw an expression  @typescript-eslint/no-unused-expressions

/Users/pranshudhiman/Desktop/vk and company/artifacts/motion-stage-9/before-site/out/_next/static/chunks/app/sitemap.xml/route-47851579e47dcbd3.js
  1:105  warning  Expected an assignment or function call and instead saw an expression  @typescript-eslint/no-unused-expressions

/Users/pranshudhiman/Desktop/vk and company/artifacts/motion-stage-9/before-site/out/_next/static/chunks/framework-a728c95a64c9352d.js
  1:312     warning  Expected an assignment or function call and instead saw an expression  @typescript-eslint/no-unused-expressions
  1:414     warning  Expected an assignment or function call and instead saw an expression  @typescript-eslint/no-unused-expressions
  1:487     warning  Expected an assignment or function call and instead saw an expression  @typescript-eslint/no-unused-expressions
  1:1275    warning  Expected an assignment or function call and instead saw an expression  @typescript-eslint/no-unused-expressions
  1:2194    warning  Expected an assignment or function call and instead saw an expression  @typescript-eslint/no-unused-expressions
  1:2773    warning  Expected an assignment or function call and instead saw an expression  @typescript-eslint/no-unused-expressions
  1:2825    warning  Expected an assignment or function call and instead saw an expression  @typescript-eslint/no-unused-expressions
  1:3155    warning  Expected an assignment or function call and instead saw an expression  @typescript-eslint/no-unused-expressions
  1:3180    warning  Expected an assignment or function call and instead saw an expression  @typescript-eslint/no-unused-expressions
  1:3209    warning  Expected an assignment or function call and instead saw an expression  @typescript-eslint/no-unused-expressions
  1:3271    warning  Expected an assignment or function call and instead saw an expression  @typescript-eslint/no-unused-expressions
  1:3308    warning  Expected an assignment or function call and instead saw an expression  @typescript-eslint/no-unused-expressions
  1:3475    warning  Expected an assignment or function call and instead saw an expression  @typescript-eslint/no-unused-expressions
  1:4085    warning  Expected an assignment or function call and instead saw an expression  @typescript-eslint/no-unused-expressions
  1:4380    warning  Expected an assignment or function call and instead saw an expression  @typescript-eslint/no-unused-expressions
  1:5083    warning  Expected an assignment or function call and instead saw an expression  @typescript-eslint/no-unused-expressions
  1:5196    warning  Expected an assignment or function call and instead saw an expression  @typescript-eslint/no-unused-expressions
  1:6187    warning  'e' is defined but never used                                          @typescript-eslint/no-unused-vars
  1:7536    warning  Expected an assignment or function call and instead saw an expression  @typescript-eslint/no-unused-expressions
  1:7640    warning  Expected an assignment or function call and instead saw an expression  @typescript-eslint/no-unused-expressions
  1:7694    warning  Expected an assignment or function call and instead saw an expression  @typescript-eslint/no-unused-expressions
  1:7863    warning  Expected an assignment or function call and instead saw an expression  @typescript-eslint/no-unused-expressions
  1:8796    warning  Expected an assignment or function call and instead saw an expression  @typescript-eslint/no-unused-expressions
  1:9478    warning  Expected an assignment or function call and instead saw an expression  @typescript-eslint/no-unused-expressions
  1:11336   warning  Expected an assignment or function call and instead saw an expression  @typescript-eslint/no-unused-expressions
  1:11498   warning  Expected an assignment or function call and instead saw an expression  @typescript-eslint/no-unused-expressions
  1:11848   warning  't' is defined but never used                                          @typescript-eslint/no-unused-vars
  1:12006   warning  Expected an assignment or function call and instead saw an expression  @typescript-eslint/no-unused-expressions
  1:12780   warning  Expected an assignment or function call and instead saw an expression  @typescript-eslint/no-unused-expressions
  1:12868   warning  Expected an assignment or function call and instead saw an expression  @typescript-eslint/no-unused-expressions
  1:13084   warning  Expected an assignment or function call and instead saw an expression  @typescript-eslint/no-unused-expressions
  1:13277   warning  Expected an assignment or function call and instead saw an expression  @typescript-eslint/no-unused-expressions
  1:13447   warning  Expected an assignment or function call and instead saw an expression  @typescript-eslint/no-unused-expressions
  1:13500   warning  Expected an assignment or function call and instead saw an expression  @typescript-eslint/no-unused-expressions
  1:13534   warning  Expected an assignment or function call and instead saw an expression  @typescript-eslint/no-unused-expressions
  1:13639   warning  Expected an assignment or function call and instead saw an expression  @typescript-eslint/no-unused-expressions
  1:13848   warning  Expected an assignment or function call and instead saw an expression  @typescript-eslint/no-unused-expressions
  1:13868   warning  Expected an assignment or function call and instead saw an expression  @typescript-eslint/no-unused-expressions
  1:15080   warning  Expected an assignment or function call and instead saw an expression  @typescript-eslint/no-unused-expressions
  1:15393   warning  Expected an assignment or function call and instead saw an expression  @typescript-eslint/no-unused-expressions
  1:15536   warning  Expected an assignment or function call and instead saw an expression  @typescript-eslint/no-unused-expressions
  1:15604   warning  Expected an assignment or function call and instead saw an expression  @typescript-eslint/no-unused-expressions
  1:19561   warning  Expected an assignment or function call and instead saw an expression  @typescript-eslint/no-unused-expressions
  1:19660   warning  Expected an assignment or function call and instead saw an expression  @typescript-eslint/no-unused-expressions
  1:20236   warning  Expected an assignment or function call and instead saw an expression  @typescript-eslint/no-unused-expressions
  1:20547   warning  Expected an assignment or function call and instead saw an expression  @typescript-eslint/no-unused-expressions
  1:20692   warning  'e' is defined but never used                                          @typescript-eslint/no-unused-vars
  1:21272   warning  Expected an assignment or function call and instead saw an expression  @typescript-eslint/no-unused-expressions
  1:21554   warning  Expected an assignment or function call and instead saw an expression  @typescript-eslint/no-unused-expressions
  1:21725   warning  Expected an assignment or function call and instead saw an expression  @typescript-eslint/no-unused-expressions
  1:24895   warning  Expected an assignment or function call and instead saw an expression  @typescript-eslint/no-unused-expressions
  1:25573   warning  Expected an assignment or function call and instead saw an expression  @typescript-eslint/no-unused-expressions
  1:25923   warning  Expected an assignment or function call and instead saw an expression  @typescript-eslint/no-unused-expressions
  1:26078   warning  Expected an assignment or function call and instead saw an expression  @typescript-eslint/no-unused-expressions
  1:26194   warning  Expected an assignment or function call and instead saw an expression  @typescript-eslint/no-unused-expressions
  1:26240   warning  Expected an assignment or function call and instead saw an expression  @typescript-eslint/no-unused-expressions
  1:27405   warning  'e' is defined but never used                                          @typescript-eslint/no-unused-vars
  1:27869   warning  Expected an assignment or function call and instead saw an expression  @typescript-eslint/no-unused-expressions
  1:28906   warning  Expected an assignment or function call and instead saw an expression  @typescript-eslint/no-unused-expressions
  1:29994   warning  Expected an assignment or function call and instead saw an expression  @typescript-eslint/no-unused-expressions
  1:30677   warning  Expected an assignment or function call and instead saw an expression  @typescript-eslint/no-unused-expressions
  1:30732   warning  Expected an assignment or function call and instead saw an expression  @typescript-eslint/no-unused-expressions
  1:30771   warning  Expected an assignment or function call and instead saw an expression  @typescript-eslint/no-unused-expressions
  1:31011   warning  Expected an assignment or function call and instead saw an expression  @typescript-eslint/no-unused-expressions
  1:31068   warning  Expected an assignment or function call and instead saw an expression  @typescript-eslint/no-unused-expressions
  1:31508   warning  Expected an assignment or function call and instead saw an expression  @typescript-eslint/no-unused-expressions
  1:33143   warning  Expected an assignment or function call and instead saw an expression  @typescript-eslint/no-unused-expressions
  1:33896   warning  Expected an assignment or function call and instead saw an expression  @typescript-eslint/no-unused-expressions
  1:34227   warning  Expected an assignment or function call and instead saw an expression  @typescript-eslint/no-unused-expressions
  1:34247   warning  Expected an assignment or function call and instead saw an expression  @typescript-eslint/no-unused-expressions
  1:34976   warning  Expected an assignment or function call and instead saw an expression  @typescript-eslint/no-unused-expressions
  1:35029   warning  Expected an assignment or function call and instead saw an expression  @typescript-eslint/no-unused-expressions
  1:35101   warning  Expected an assignment or function call and instead saw an expression  @typescript-eslint/no-unused-expressions
  1:35155   warning  Expected an assignment or function call and instead saw an expression  @typescript-eslint/no-unused-expressions
  1:35230   warning  Expected an assignment or function call and instead saw an expression  @typescript-eslint/no-unused-expressions
  1:35265   warning  Expected an assignment or function call and instead saw an expression  @typescript-eslint/no-unused-expressions
  1:35330   warning  Expected an assignment or function call and instead saw an expression  @typescript-eslint/no-unused-expressions
  1:35391   warning  Expected an assignment or function call and instead saw an expression  @typescript-eslint/no-unused-expressions
  1:35480   warning  Expected an assignment or function call and instead saw an expression  @typescript-eslint/no-unused-expressions
  1:35828   warning  Expected an assignment or function call and instead saw an expression  @typescript-eslint/no-unused-expressions
  1:36052   warning  Expected an assignment or function call and instead saw an expression  @typescript-eslint/no-unused-expressions
  1:36132   warning  Expected an assignment or function call and instead saw an expression  @typescript-eslint/no-unused-expressions
  1:36277   warning  Expected an assignment or function call and instead saw an expression  @typescript-eslint/no-unused-expressions
  1:36333   warning  Expected an assignment or function call and instead saw an expression  @typescript-eslint/no-unused-expressions
  1:37194   warning  Expected an assignment or function call and instead saw an expression  @typescript-eslint/no-unused-expressions
  1:37306   warning  Expected an assignment or function call and instead saw an expression  @typescript-eslint/no-unused-expressions
  1:37425   warning  Expected an assignment or function call and instead saw an expression  @typescript-eslint/no-unused-expressions
  1:37503   warning  Expected an assignment or function call and instead saw an expression  @typescript-eslint/no-unused-expressions
  1:37558   warning  Expected an assignment or function call and instead saw an expression  @typescript-eslint/no-unused-expressions
  1:38004   warning  Expected an assignment or function call and instead saw an expression  @typescript-eslint/no-unused-expressions
  1:38162   warning  Expected an assignment or function call and instead saw an expression  @typescript-eslint/no-unused-expressions
  1:38337   warning  Expected an assignment or function call and instead saw an expression  @typescript-eslint/no-unused-expressions
  1:38615   warning  Expected an assignment or function call and instead saw an expression  @typescript-eslint/no-unused-expressions
  1:38746   warning  Expected an assignment or function call and instead saw an expression  @typescript-eslint/no-unused-expressions
  1:38849   warning  Expected an assignment or function call and instead saw an expression  @typescript-eslint/no-unused-expressions
  1:39024   warning  Expected an assignment or function call and instead saw an expression  @typescript-eslint/no-unused-expressions
  1:39291   warning  Expected an assignment or function call and instead saw an expression  @typescript-eslint/no-unused-expressions
  1:39540   warning  Expected an assignment or function call and instead saw an expression  @typescript-eslint/no-unused-expressions
  1:39827   warning  Expected an assignment or function call and instead saw an expression  @typescript-eslint/no-unused-expressions
  1:39963   warning  Expected an assignment or function call and instead saw an expression  @typescript-eslint/no-unused-expressions
  1:40007   warning  Expected an assignment or function call and instead saw an expression  @typescript-eslint/no-unused-expressions
  1:40096   warning  Expected an assignment or function call and instead saw an expression  @typescript-eslint/no-unused-expressions
  1:40199   warning  Expected an assignment or function call and instead saw an expression  @typescript-eslint/no-unused-expressions
  1:40275   warning  Expected an assignment or function call and instead saw an expression  @typescript-eslint/no-unused-expressions
  1:40414   warning  Expected an assignment or function call and instead saw an expression  @typescript-eslint/no-unused-expressions
  1:40954   warning  Expected an assignment or function call and instead saw an expression  @typescript-eslint/no-unused-expressions
  1:41029   warning  Expected an assignment or function call and instead saw an expression  @typescript-eslint/no-unused-expressions
  1:41107   warning  Expected an assignment or function call and instead saw an expression  @typescript-eslint/no-unused-expressions
  1:41899   warning  Expected an assignment or function call and instead saw an expression  @typescript-eslint/no-unused-expressions
  1:41998   warning  Expected an assignment or function call and instead saw an expression  @typescript-eslint/no-unused-expressions
  1:42071   warning  Expected an assignment or function call and instead saw an expression  @typescript-eslint/no-unused-expressions
  1:44800   warning  Expected an assignment or function call and instead saw an expression  @typescript-eslint/no-unused-expressions
  1:44952   warning  Expected an assignment or function call and instead saw an expression  @typescript-eslint/no-unused-expressions
  1:45024   warning  Expected an assignment or function call and instead saw an expression  @typescript-eslint/no-unused-expressions
  1:45043   warning  Expected an assignment or function call and instead saw an expression  @typescript-eslint/no-unused-expressions
  1:45331   warning  Expected an assignment or function call and instead saw an expression  @typescript-eslint/no-unused-expressions
  1:45409   warning  Expected an assignment or function call and instead saw an expression  @typescript-eslint/no-unused-expressions
  1:45428   warning  Expected an assignment or function call and instead saw an expression  @typescript-eslint/no-unused-expressions
  1:45601   warning  Expected an assignment or function call and instead saw an expression  @typescript-eslint/no-unused-expressions
  1:45669   warning  Expected an assignment or function call and instead saw an expression  @typescript-eslint/no-unused-expressions
  1:45691   warning  Expected an assignment or function call and instead saw an expression  @typescript-eslint/no-unused-expressions
  1:45845   warning  Expected an assignment or function call and instead saw an expression  @typescript-eslint/no-unused-expressions
  1:45958   warning  Expected an assignment or function call and instead saw an expression  @typescript-eslint/no-unused-expressions
  1:46353   warning  Expected an assignment or function call and instead saw an expression  @typescript-eslint/no-unused-expressions
  1:46424   warning  Expected an assignment or function call and instead saw an expression  @typescript-eslint/no-unused-expressions
  1:46446   warning  Expected an assignment or function call and instead saw an expression  @typescript-eslint/no-unused-expressions
  1:46602   warning  Expected an assignment or function call and instead saw an expression  @typescript-eslint/no-unused-expressions
  1:46726   warning  Expected an assignment or function call and instead saw an expression  @typescript-eslint/no-unused-expressions
  1:47567   warning  Expected an assignment or function call and instead saw an expression  @typescript-eslint/no-unused-expressions
  1:48117   warning  Expected an assignment or function call and instead saw an expression  @typescript-eslint/no-unused-expressions
  1:48372   warning  Expected an assignment or function call and instead saw an expression  @typescript-eslint/no-unused-expressions
  1:48423   warning  Expected an assignment or function call and instead saw an expression  @typescript-eslint/no-unused-expressions
  1:48460   warning  Expected an assignment or function call and instead saw an expression  @typescript-eslint/no-unused-expressions
  1:48582   warning  Expected an assignment or function call and instead saw an expression  @typescript-eslint/no-unused-expressions
  1:48886   warning  Expected an assignment or function call and instead saw an expression  @typescript-eslint/no-unused-expressions
  1:48942   warning  Expected an assignment or function call and instead saw an expression  @typescript-eslint/no-unused-expressions
  1:49175   warning  Expected an assignment or function call and instead saw an expression  @typescript-eslint/no-unused-expressions
  1:49536   warning  Expected an assignment or function call and instead saw an expression  @typescript-eslint/no-unused-expressions
  1:49646   warning  Expected an assignment or function call and instead saw an expression  @typescript-eslint/no-unused-expressions
  1:49815   warning  Expected an assignment or function call and instead saw an expression  @typescript-eslint/no-unused-expressions
  1:49881   warning  Expected an assignment or function call and instead saw an expression  @typescript-eslint/no-unused-expressions
  1:50225   warning  Expected an assignment or function call and instead saw an expression  @typescript-eslint/no-unused-expressions
  1:50275   warning  Expected an assignment or function call and instead saw an expression  @typescript-eslint/no-unused-expressions
  1:50315   warning  Expected an assignment or function call and instead saw an expression  @typescript-eslint/no-unused-expressions
  1:50397   warning  Expected an assignment or function call and instead saw an expression  @typescript-eslint/no-unused-expressions
  1:50516   warning  Expected an assignment or function call and instead saw an expression  @typescript-eslint/no-unused-expressions
  1:50574   warning  Expected an assignment or function call and instead saw an expression  @typescript-eslint/no-unused-expressions
  1:50649   warning  Expected an assignment or function call and instead saw an expression  @typescript-eslint/no-unused-expressions
  1:50698   warning  Expected an assignment or function call and instead saw an expression  @typescript-eslint/no-unused-expressions
  1:51138   warning  Expected an assignment or function call and instead saw an expression  @typescript-eslint/no-unused-expressions
  1:51269   warning  Expected an assignment or function call and instead saw an expression  @typescript-eslint/no-unused-expressions
  1:51841   warning  Expected an assignment or function call and instead saw an expression  @typescript-eslint/no-unused-expressions
  1:52048   warning  Expected an assignment or function call and instead saw an expression  @typescript-eslint/no-unused-expressions
  1:52135   warning  Expected an assignment or function call and instead saw an expression  @typescript-eslint/no-unused-expressions
  1:52391   warning  Expected an assignment or function call and instead saw an expression  @typescript-eslint/no-unused-expressions
  1:52515   warning  Expected an assignment or function call and instead saw an expression  @typescript-eslint/no-unused-expressions
  1:52557   warning  Expected an assignment or function call and instead saw an expression  @typescript-eslint/no-unused-expressions
  1:52892   warning  Expected an assignment or function call and instead saw an expression  @typescript-eslint/no-unused-expressions
  1:52983   warning  Expected an assignment or function call and instead saw an expression  @typescript-eslint/no-unused-expressions
  1:53655   warning  Expected an assignment or function call and instead saw an expression  @typescript-eslint/no-unused-expressions
  1:54202   warning  Expected an assignment or function call and instead saw an expression  @typescript-eslint/no-unused-expressions
  1:54225   warning  Expected an assignment or function call and instead saw an expression  @typescript-eslint/no-unused-expressions
  1:54436   warning  Expected an assignment or function call and instead saw an expression  @typescript-eslint/no-unused-expressions
  1:54607   warning  Expected an assignment or function call and instead saw an expression  @typescript-eslint/no-unused-expressions
  1:54645   warning  Expected an assignment or function call and instead saw an expression  @typescript-eslint/no-unused-expressions
  1:54823   warning  Expected an assignment or function call and instead saw an expression  @typescript-eslint/no-unused-expressions
  1:54888   warning  Expected an assignment or function call and instead saw an expression  @typescript-eslint/no-unused-expressions
  1:55185   warning  Expected an assignment or function call and instead saw an expression  @typescript-eslint/no-unused-expressions
  1:55496   warning  Expected an assignment or function call and instead saw an expression  @typescript-eslint/no-unused-expressions
  1:55534   warning  Expected an assignment or function call and instead saw an expression  @typescript-eslint/no-unused-expressions
  1:56009   warning  Expected an assignment or function call and instead saw an expression  @typescript-eslint/no-unused-expressions
  1:56063   warning  Expected an assignment or function call and instead saw an expression  @typescript-eslint/no-unused-expressions
  1:56233   warning  Expected an assignment or function call and instead saw an expression  @typescript-eslint/no-unused-expressions
  1:56311   warning  Expected an assignment or function call and instead saw an expression  @typescript-eslint/no-unused-expressions
  1:56406   warning  'e' is defined but never used                                          @typescript-eslint/no-unused-vars
  1:56448   warning  Expected an assignment or function call and instead saw an expression  @typescript-eslint/no-unused-expressions
  1:56996   warning  Expected an assignment or function call and instead saw an expression  @typescript-eslint/no-unused-expressions
  1:57239   warning  Expected an assignment or function call and instead saw an expression  @typescript-eslint/no-unused-expressions
  1:57293   warning  Expected an assignment or function call and instead saw an expression  @typescript-eslint/no-unused-expressions
  1:57353   warning  Expected an assignment or function call and instead saw an expression  @typescript-eslint/no-unused-expressions
  1:57411   warning  Expected an assignment or function call and instead saw an expression  @typescript-eslint/no-unused-expressions
  1:57557   warning  Expected an assignment or function call and instead saw an expression  @typescript-eslint/no-unused-expressions
  1:57761   warning  Expected an assignment or function call and instead saw an expression  @typescript-eslint/no-unused-expressions
  1:58140   warning  Expected an assignment or function call and instead saw an expression  @typescript-eslint/no-unused-expressions
  1:58197   warning  Expected an assignment or function call and instead saw an expression  @typescript-eslint/no-unused-expressions
  1:58972   warning  Expected an assignment or function call and instead saw an expression  @typescript-eslint/no-unused-expressions
  1:59347   warning  Expected an assignment or function call and instead saw an expression  @typescript-eslint/no-unused-expressions
  1:59499   warning  Expected an assignment or function call and instead saw an expression  @typescript-eslint/no-unused-expressions
  1:59793   warning  Expected an assignment or function call and instead saw an expression  @typescript-eslint/no-unused-expressions
  1:59850   warning  Expected an assignment or function call and instead saw an expression  @typescript-eslint/no-unused-expressions
  1:60119   warning  Expected an assignment or function call and instead saw an expression  @typescript-eslint/no-unused-expressions
  1:60233   warning  Expected an assignment or function call and instead saw an expression  @typescript-eslint/no-unused-expressions
  1:61009   warning  Expected an assignment or function call and instead saw an expression  @typescript-eslint/no-unused-expressions
  1:61231   warning  Expected an assignment or function call and instead saw an expression  @typescript-eslint/no-unused-expressions
  1:61502   warning  Expected an assignment or function call and instead saw an expression  @typescript-eslint/no-unused-expressions
  1:62155   warning  Expected an assignment or function call and instead saw an expression  @typescript-eslint/no-unused-expressions
  1:62438   warning  Expected an assignment or function call and instead saw an expression  @typescript-eslint/no-unused-expressions
  1:62546   warning  Expected an assignment or function call and instead saw an expression  @typescript-eslint/no-unused-expressions
  1:63085   warning  'e' is defined but never used                                          @typescript-eslint/no-unused-vars
  1:63316   warning  Expected an assignment or function call and instead saw an expression  @typescript-eslint/no-unused-expressions
  1:63457   warning  Expected an assignment or function call and instead saw an expression  @typescript-eslint/no-unused-expressions
  1:63564   warning  Expected an assignment or function call and instead saw an expression  @typescript-eslint/no-unused-expressions
  1:64179   warning  Expected an assignment or function call and instead saw an expression  @typescript-eslint/no-unused-expressions
  1:65253   warning  Expected an assignment or function call and instead saw an expression  @typescript-eslint/no-unused-expressions
  1:65507   warning  Expected an assignment or function call and instead saw an expression  @typescript-eslint/no-unused-expressions
  1:67470   warning  Expected an assignment or function call and instead saw an expression  @typescript-eslint/no-unused-expressions
  1:67676   warning  Expected an assignment or function call and instead saw an expression  @typescript-eslint/no-unused-expressions
  1:67832   warning  Expected an assignment or function call and instead saw an expression  @typescript-eslint/no-unused-expressions
  1:67993   warning  Expected an assignment or function call and instead saw an expression  @typescript-eslint/no-unused-expressions
  1:68280   warning  Expected an assignment or function call and instead saw an expression  @typescript-eslint/no-unused-expressions
  1:68576   warning  Expected an assignment or function call and instead saw an expression  @typescript-eslint/no-unused-expressions
  1:68653   warning  Expected an assignment or function call and instead saw an expression  @typescript-eslint/no-unused-expressions
  1:69278   warning  Expected an assignment or function call and instead saw an expression  @typescript-eslint/no-unused-expressions
  1:69363   warning  Expected an assignment or function call and instead saw an expression  @typescript-eslint/no-unused-expressions
  1:69436   warning  Expected an assignment or function call and instead saw an expression  @typescript-eslint/no-unused-expressions
  1:69773   warning  Expected an assignment or function call and instead saw an expression  @typescript-eslint/no-unused-expressions
  1:70486   warning  Expected an assignment or function call and instead saw an expression  @typescript-eslint/no-unused-expressions
  1:70841   warning  Expected an assignment or function call and instead saw an expression  @typescript-eslint/no-unused-expressions
  1:70890   warning  Expected an assignment or function call and instead saw an expression  @typescript-eslint/no-unused-expressions
  1:71014   warning  Expected an assignment or function call and instead saw an expression  @typescript-eslint/no-unused-expressions
  1:71134   warning  Expected an assignment or function call and instead saw an expression  @typescript-eslint/no-unused-expressions
  1:71880   warning  Expected an assignment or function call and instead saw an expression  @typescript-eslint/no-unused-expressions
  1:71992   warning  Expected an assignment or function call and instead saw an expression  @typescript-eslint/no-unused-expressions
  1:72426   warning  Expected an assignment or function call and instead saw an expression  @typescript-eslint/no-unused-expressions
  1:73427   warning  Expected an assignment or function call and instead saw an expression  @typescript-eslint/no-unused-expressions
  1:73505   warning  Expected an assignment or function call and instead saw an expression  @typescript-eslint/no-unused-expressions
  1:73753   warning  Expected an assignment or function call and instead saw an expression  @typescript-eslint/no-unused-expressions
  1:74394   warning  Expected an assignment or function call and instead saw an expression  @typescript-eslint/no-unused-expressions
  1:74846   warning  Expected an assignment or function call and instead saw an expression  @typescript-eslint/no-unused-expressions
  1:77262   warning  Expected an assignment or function call and instead saw an expression  @typescript-eslint/no-unused-expressions
  1:77704   warning  Expected an assignment or function call and instead saw an expression  @typescript-eslint/no-unused-expressions
  1:77941   warning  Expected an assignment or function call and instead saw an expression  @typescript-eslint/no-unused-expressions
  1:77970   warning  Expected an assignment or function call and instead saw an expression  @typescript-eslint/no-unused-expressions
  1:79147   warning  Expected an assignment or function call and instead saw an expression  @typescript-eslint/no-unused-expressions
  1:79234   warning  Expected an assignment or function call and instead saw an expression  @typescript-eslint/no-unused-expressions
  1:79700   warning  Expected an assignment or function call and instead saw an expression  @typescript-eslint/no-unused-expressions
  1:79787   warning  Expected an assignment or function call and instead saw an expression  @typescript-eslint/no-unused-expressions
  1:79914   warning  Expected an assignment or function call and instead saw an expression  @typescript-eslint/no-unused-expressions
  1:80008   warning  Expected an assignment or function call and instead saw an expression  @typescript-eslint/no-unused-expressions
  1:80064   warning  Expected an assignment or function call and instead saw an expression  @typescript-eslint/no-unused-expressions
  1:80304   warning  Expected an assignment or function call and instead saw an expression  @typescript-eslint/no-unused-expressions
  1:80773   warning  Expected an assignment or function call and instead saw an expression  @typescript-eslint/no-unused-expressions
  1:81094   warning  Expected an assignment or function call and instead saw an expression  @typescript-eslint/no-unused-expressions
  1:81955   warning  Expected an assignment or function call and instead saw an expression  @typescript-eslint/no-unused-expressions
  1:82113   warning  Expected an assignment or function call and instead saw an expression  @typescript-eslint/no-unused-expressions
  1:82231   warning  Expected an assignment or function call and instead saw an expression  @typescript-eslint/no-unused-expressions
  1:82277   warning  Expected an assignment or function call and instead saw an expression  @typescript-eslint/no-unused-expressions
  1:82997   warning  Expected an assignment or function call and instead saw an expression  @typescript-eslint/no-unused-expressions
  1:83045   warning  'e' is defined but never used                                          @typescript-eslint/no-unused-vars
  1:83300   warning  Expected an assignment or function call and instead saw an expression  @typescript-eslint/no-unused-expressions
  1:83581   warning  Expected an assignment or function call and instead saw an expression  @typescript-eslint/no-unused-expressions
  1:83808   warning  Expected an assignment or function call and instead saw an expression  @typescript-eslint/no-unused-expressions
  1:87329   warning  Expected an assignment or function call and instead saw an expression  @typescript-eslint/no-unused-expressions
  1:87386   warning  Expected an assignment or function call and instead saw an expression  @typescript-eslint/no-unused-expressions
  1:87593   warning  Expected an assignment or function call and instead saw an expression  @typescript-eslint/no-unused-expressions
  1:87615   warning  Expected an assignment or function call and instead saw an expression  @typescript-eslint/no-unused-expressions
  1:88816   warning  Expected an assignment or function call and instead saw an expression  @typescript-eslint/no-unused-expressions
  1:88992   warning  Expected an assignment or function call and instead saw an expression  @typescript-eslint/no-unused-expressions
  1:89030   warning  Expected an assignment or function call and instead saw an expression  @typescript-eslint/no-unused-expressions
  1:89122   warning  Expected an assignment or function call and instead saw an expression  @typescript-eslint/no-unused-expressions
  1:89160   warning  Expected an assignment or function call and instead saw an expression  @typescript-eslint/no-unused-expressions
  1:89344   warning  Expected an assignment or function call and instead saw an expression  @typescript-eslint/no-unused-expressions
  1:89469   warning  Expected an assignment or function call and instead saw an expression  @typescript-eslint/no-unused-expressions
  1:89631   warning  Expected an assignment or function call and instead saw an expression  @typescript-eslint/no-unused-expressions
  1:89707   warning  Expected an assignment or function call and instead saw an expression  @typescript-eslint/no-unused-expressions
  1:89824   warning  Expected an assignment or function call and instead saw an expression  @typescript-eslint/no-unused-expressions
  1:90252   warning  Expected an assignment or function call and instead saw an expression  @typescript-eslint/no-unused-expressions
  1:90477   warning  Expected an assignment or function call and instead saw an expression  @typescript-eslint/no-unused-expressions
  1:90714   warning  Expected an assignment or function call and instead saw an expression  @typescript-eslint/no-unused-expressions
  1:90901   warning  Expected an assignment or function call and instead saw an expression  @typescript-eslint/no-unused-expressions
  1:91169   warning  Expected an assignment or function call and instead saw an expression  @typescript-eslint/no-unused-expressions
  1:91208   warning  Expected an assignment or function call and instead saw an expression  @typescript-eslint/no-unused-expressions
  1:91325   warning  Expected an assignment or function call and instead saw an expression  @typescript-eslint/no-unused-expressions
  1:91628   warning  Expected an assignment or function call and instead saw an expression  @typescript-eslint/no-unused-expressions
  1:91996   warning  Expected an assignment or function call and instead saw an expression  @typescript-eslint/no-unused-expressions
  1:92178   warning  Expected an assignment or function call and instead saw an expression  @typescript-eslint/no-unused-expressions
  1:92374   warning  Expected an assignment or function call and instead saw an expression  @typescript-eslint/no-unused-expressions
  1:92397   warning  Expected an assignment or function call and instead saw an expression  @typescript-eslint/no-unused-expressions
  1:92885   warning  Expected an assignment or function call and instead saw an expression  @typescript-eslint/no-unused-expressions
  1:92953   warning  Expected an assignment or function call and instead saw an expression  @typescript-eslint/no-unused-expressions
  1:93073   warning  Expected an assignment or function call and instead saw an expression  @typescript-eslint/no-unused-expressions
  1:93414   warning  Expected an assignment or function call and instead saw an expression  @typescript-eslint/no-unused-expressions
  1:93725   warning  Expected an assignment or function call and instead saw an expression  @typescript-eslint/no-unused-expressions
  1:93819   warning  Expected an assignment or function call and instead saw an expression  @typescript-eslint/no-unused-expressions
  1:93926   warning  Expected an assignment or function call and instead saw an expression  @typescript-eslint/no-unused-expressions
  1:94015   warning  Expected an assignment or function call and instead saw an expression  @typescript-eslint/no-unused-expressions
  1:94491   warning  Expected an assignment or function call and instead saw an expression  @typescript-eslint/no-unused-expressions
  1:94601   warning  Expected an assignment or function call and instead saw an expression  @typescript-eslint/no-unused-expressions
  1:94762   warning  Expected an assignment or function call and instead saw an expression  @typescript-eslint/no-unused-expressions
  1:94909   warning  Expected an assignment or function call and instead saw an expression  @typescript-eslint/no-unused-expressions
  1:95104   warning  Expected an assignment or function call and instead saw an expression  @typescript-eslint/no-unused-expressions
  1:95382   warning  Expected an assignment or function call and instead saw an expression  @typescript-eslint/no-unused-expressions
  1:95612   warning  Expected an assignment or function call and instead saw an expression  @typescript-eslint/no-unused-expressions
  1:95648   warning  Expected an assignment or function call and instead saw an expression  @typescript-eslint/no-unused-expressions
  1:95743   warning  Expected an assignment or function call and instead saw an expression  @typescript-eslint/no-unused-expressions
  1:95778   warning  Expected an assignment or function call and instead saw an expression  @typescript-eslint/no-unused-expressions
  1:96001   warning  Expected an assignment or function call and instead saw an expression  @typescript-eslint/no-unused-expressions
  1:96050   warning  Expected an assignment or function call and instead saw an expression  @typescript-eslint/no-unused-expressions
  1:96180   warning  Expected an assignment or function call and instead saw an expression  @typescript-eslint/no-unused-expressions
  1:96233   warning  Expected an assignment or function call and instead saw an expression  @typescript-eslint/no-unused-expressions
  1:96395   warning  Expected an assignment or function call and instead saw an expression  @typescript-eslint/no-unused-expressions
  1:96734   warning  Expected an assignment or function call and instead saw an expression  @typescript-eslint/no-unused-expressions
  1:96799   warning  Expected an assignment or function call and instead saw an expression  @typescript-eslint/no-unused-expressions
  1:96892   warning  Expected an assignment or function call and instead saw an expression  @typescript-eslint/no-unused-expressions
  1:96931   warning  Expected an assignment or function call and instead saw an expression  @typescript-eslint/no-unused-expressions
  1:96970   warning  Expected an assignment or function call and instead saw an expression  @typescript-eslint/no-unused-expressions
  1:97160   warning  Expected an assignment or function call and instead saw an expression  @typescript-eslint/no-unused-expressions
  1:97291   warning  'e' is defined but never used                                          @typescript-eslint/no-unused-vars
  1:97317   warning  Expected an assignment or function call and instead saw an expression  @typescript-eslint/no-unused-expressions
  1:97448   warning  Expected an assignment or function call and instead saw an expression  @typescript-eslint/no-unused-expressions
  1:97474   warning  Expected an assignment or function call and instead saw an expression  @typescript-eslint/no-unused-expressions
  1:97558   warning  Expected an assignment or function call and instead saw an expression  @typescript-eslint/no-unused-expressions
  1:97824   warning  Expected an assignment or function call and instead saw an expression  @typescript-eslint/no-unused-expressions
  1:97966   warning  Expected an assignment or function call and instead saw an expression  @typescript-eslint/no-unused-expressions
  1:98068   warning  Expected an assignment or function call and instead saw an expression  @typescript-eslint/no-unused-expressions
  1:98115   warning  Expected an assignment or function call and instead saw an expression  @typescript-eslint/no-unused-expressions
  1:98251   warning  Expected an assignment or function call and instead saw an expression  @typescript-eslint/no-unused-expressions
  1:99098   warning  Expected an assignment or function call and instead saw an expression  @typescript-eslint/no-unused-expressions
  1:99140   warning  Expected an assignment or function call and instead saw an expression  @typescript-eslint/no-unused-expressions
  1:99183   warning  Expected an assignment or function call and instead saw an expression  @typescript-eslint/no-unused-expressions
  1:99270   warning  Expected an assignment or function call and instead saw an expression  @typescript-eslint/no-unused-expressions
  1:99396   warning  Expected an assignment or function call and instead saw an expression  @typescript-eslint/no-unused-expressions
  1:99518   warning  Expected an assignment or function call and instead saw an expression  @typescript-eslint/no-unused-expressions
  1:99594   warning  Expected an assignment or function call and instead saw an expression  @typescript-eslint/no-unused-expressions
  1:99970   warning  Expected an assignment or function call and instead saw an expression  @typescript-eslint/no-unused-expressions
  1:100042  warning  Expected an assignment or function call and instead saw an expression  @typescript-eslint/no-unused-expressions
  1:100657  warning  Expected an assignment or function call and instead saw an expression  @typescript-eslint/no-unused-expressions
  1:101147  warning  Expected an assignment or function call and instead saw an expression  @typescript-eslint/no-unused-expressions
  1:101234  warning  Expected an assignment or function call and instead saw an expression  @typescript-eslint/no-unused-expressions
  1:101342  warning  Expected an assignment or function call and instead saw an expression  @typescript-eslint/no-unused-expressions
  1:101571  warning  Expected an assignment or function call and instead saw an expression  @typescript-eslint/no-unused-expressions
  1:101810  warning  Expected an assignment or function call and instead saw an expression  @typescript-eslint/no-unused-expressions
  1:101982  warning  Expected an assignment or function call and instead saw an expression  @typescript-eslint/no-unused-expressions
  1:102224  warning  Expected an assignment or function call and instead saw an expression  @typescript-eslint/no-unused-expressions
  1:102305  warning  Expected an assignment or function call and instead saw an expression  @typescript-eslint/no-unused-expressions
  1:102386  warning  Expected an assignment or function call and instead saw an expression  @typescript-eslint/no-unused-expressions
  1:102465  warning  Expected an assignment or function call and instead saw an expression  @typescript-eslint/no-unused-expressions
  1:102501  warning  Expected an assignment or function call and instead saw an expression  @typescript-eslint/no-unused-expressions
  1:102589  warning  Expected an assignment or function call and instead saw an expression  @typescript-eslint/no-unused-expressions
  1:103077  warning  Expected an assignment or function call and instead saw an expression  @typescript-eslint/no-unused-expressions
  1:103145  warning  Expected an assignment or function call and instead saw an expression  @typescript-eslint/no-unused-expressions
  1:103255  warning  Expected an assignment or function call and instead saw an expression  @typescript-eslint/no-unused-expressions
  1:103289  warning  Expected an assignment or function call and instead saw an expression  @typescript-eslint/no-unused-expressions
  1:103437  warning  Expected an assignment or function call and instead saw an expression  @typescript-eslint/no-unused-expressions
  1:103903  warning  Expected an assignment or function call and instead saw an expression  @typescript-eslint/no-unused-expressions
  1:104042  warning  Expected an assignment or function call and instead saw an expression  @typescript-eslint/no-unused-expressions
  1:104158  warning  Expected an assignment or function call and instead saw an expression  @typescript-eslint/no-unused-expressions
  1:104185  warning  Expected an assignment or function call and instead saw an expression  @typescript-eslint/no-unused-expressions
  1:104239  warning  Expected an assignment or function call and instead saw an expression  @typescript-eslint/no-unused-expressions
  1:104565  warning  Expected an assignment or function call and instead saw an expression  @typescript-eslint/no-unused-expressions
  1:104683  warning  Expected an assignment or function call and instead saw an expression  @typescript-eslint/no-unused-expressions
  1:104730  warning  Expected an assignment or function call and instead saw an expression  @typescript-eslint/no-unused-expressions
  1:105097  warning  Expected an assignment or function call and instead saw an expression  @typescript-eslint/no-unused-expressions
  1:105199  warning  Expected an assignment or function call and instead saw an expression  @typescript-eslint/no-unused-expressions
  1:105288  warning  Expected an assignment or function call and instead saw an expression  @typescript-eslint/no-unused-expressions
  1:105348  warning  Expected an assignment or function call and instead saw an expression  @typescript-eslint/no-unused-expressions
  1:105614  warning  Expected an assignment or function call and instead saw an expression  @typescript-eslint/no-unused-expressions
  1:105807  warning  Expected an assignment or function call and instead saw an expression  @typescript-eslint/no-unused-expressions
  1:105903  warning  Expected an assignment or function call and instead saw an expression  @typescript-eslint/no-unused-expressions
  1:105993  warning  Expected an assignment or function call and instead saw an expression  @typescript-eslint/no-unused-expressions
  1:106164  warning  Expected an assignment or function call and instead saw an expression  @typescript-eslint/no-unused-expressions
  1:106240  warning  Expected an assignment or function call and instead saw an expression  @typescript-eslint/no-unused-expressions
  1:106402  warning  Expected an assignment or function call and instead saw an expression  @typescript-eslint/no-unused-expressions
  1:106668  warning  Expected an assignment or function call and instead saw an expression  @typescript-eslint/no-unused-expressions
  1:106735  warning  Expected an assignment or function call and instead saw an expression  @typescript-eslint/no-unused-expressions
  1:106870  warning  Expected an assignment or function call and instead saw an expression  @typescript-eslint/no-unused-expressions
  1:107019  warning  Expected an assignment or function call and instead saw an expression  @typescript-eslint/no-unused-expressions
  1:107164  warning  Expected an assignment or function call and instead saw an expression  @typescript-eslint/no-unused-expressions
  1:107212  warning  Expected an assignment or function call and instead saw an expression  @typescript-eslint/no-unused-expressions
  1:107357  warning  Expected an assignment or function call and instead saw an expression  @typescript-eslint/no-unused-expressions
  1:107420  warning  Expected an assignment or function call and instead saw an expression  @typescript-eslint/no-unused-expressions
  1:107666  warning  Expected an assignment or function call and instead saw an expression  @typescript-eslint/no-unused-expressions
  1:107812  warning  Expected an assignment or function call and instead saw an expression  @typescript-eslint/no-unused-expressions
  1:107902  warning  Expected an assignment or function call and instead saw an expression  @typescript-eslint/no-unused-expressions
  1:107933  warning  Expected an assignment or function call and instead saw an expression  @typescript-eslint/no-unused-expressions
  1:107986  warning  Expected an assignment or function call and instead saw an expression  @typescript-eslint/no-unused-expressions
  1:108284  warning  Expected an assignment or function call and instead saw an expression  @typescript-eslint/no-unused-expressions
  1:108346  warning  Expected an assignment or function call and instead saw an expression  @typescript-eslint/no-unused-expressions
  1:108547  warning  Expected an assignment or function call and instead saw an expression  @typescript-eslint/no-unused-expressions
  1:108699  warning  Expected an assignment or function call and instead saw an expression  @typescript-eslint/no-unused-expressions
  1:108766  warning  Expected an assignment or function call and instead saw an expression  @typescript-eslint/no-unused-expressions
  1:108836  warning  Expected an assignment or function call and instead saw an expression  @typescript-eslint/no-unused-expressions
  1:108940  warning  Expected an assignment or function call and instead saw an expression  @typescript-eslint/no-unused-expressions
  1:109140  warning  Expected an assignment or function call and instead saw an expression  @typescript-eslint/no-unused-expressions
  1:109225  warning  Expected an assignment or function call and instead saw an expression  @typescript-eslint/no-unused-expressions
  1:109261  warning  Expected an assignment or function call and instead saw an expression  @typescript-eslint/no-unused-expressions
  1:109571  warning  Expected an assignment or function call and instead saw an expression  @typescript-eslint/no-unused-expressions
  1:109655  warning  Expected an assignment or function call and instead saw an expression  @typescript-eslint/no-unused-expressions
  1:109764  warning  Expected an assignment or function call and instead saw an expression  @typescript-eslint/no-unused-expressions
  1:110071  warning  Expected an assignment or function call and instead saw an expression  @typescript-eslint/no-unused-expressions
  1:110644  warning  Expected an assignment or function call and instead saw an expression  @typescript-eslint/no-unused-expressions
  1:110769  warning  Expected an assignment or function call and instead saw an expression  @typescript-eslint/no-unused-expressions
  1:111101  warning  Expected an assignment or function call and instead saw an expression  @typescript-eslint/no-unused-expressions
  1:111226  warning  Expected an assignment or function call and instead saw an expression  @typescript-eslint/no-unused-expressions
  1:111281  warning  Expected an assignment or function call and instead saw an expression  @typescript-eslint/no-unused-expressions
  1:111306  warning  Expected an assignment or function call and instead saw an expression  @typescript-eslint/no-unused-expressions
  1:111319  warning  Expected an assignment or function call and instead saw an expression  @typescript-eslint/no-unused-expressions
  1:111424  warning  Expected an assignment or function call and instead saw an expression  @typescript-eslint/no-unused-expressions
  1:111601  warning  Expected an assignment or function call and instead saw an expression  @typescript-eslint/no-unused-expressions
  1:111667  warning  Expected an assignment or function call and instead saw an expression  @typescript-eslint/no-unused-expressions
  1:111706  warning  Expected an assignment or function call and instead saw an expression  @typescript-eslint/no-unused-expressions
  1:111744  warning  Expected an assignment or function call and instead saw an expression  @typescript-eslint/no-unused-expressions
  1:111782  warning  Expected an assignment or function call and instead saw an expression  @typescript-eslint/no-unused-expressions
  1:111986  warning  Expected an assignment or function call and instead saw an expression  @typescript-eslint/no-unused-expressions
  1:112267  warning  'e' is defined but never used                                          @typescript-eslint/no-unused-vars
  1:112324  warning  Expected an assignment or function call and instead saw an expression  @typescript-eslint/no-unused-expressions
  1:112436  warning  Expected an assignment or function call and instead saw an expression  @typescript-eslint/no-unused-expressions
  1:112489  warning  Expected an assignment or function call and instead saw an expression  @typescript-eslint/no-unused-expressions
  1:112764  warning  Expected an assignment or function call and instead saw an expression  @typescript-eslint/no-unused-expressions
  1:112814  warning  Expected an assignment or function call and instead saw an expression  @typescript-eslint/no-unused-expressions
  1:112909  warning  Expected an assignment or function call and instead saw an expression  @typescript-eslint/no-unused-expressions
  1:113203  warning  Expected an assignment or function call and instead saw an expression  @typescript-eslint/no-unused-expressions
  1:113871  warning  Expected an assignment or function call and instead saw an expression  @typescript-eslint/no-unused-expressions
  1:113901  warning  Expected an assignment or function call and instead saw an expression  @typescript-eslint/no-unused-expressions
  1:114272  warning  Expected an assignment or function call and instead saw an expression  @typescript-eslint/no-unused-expressions
  1:114617  warning  Expected an assignment or function call and instead saw an expression  @typescript-eslint/no-unused-expressions
  1:114698  warning  Expected an assignment or function call and instead saw an expression  @typescript-eslint/no-unused-expressions
  1:114756  warning  Expected an assignment or function call and instead saw an expression  @typescript-eslint/no-unused-expressions
  1:114895  warning  Expected an assignment or function call and instead saw an expression  @typescript-eslint/no-unused-expressions
  1:115027  warning  Expected an assignment or function call and instead saw an expression  @typescript-eslint/no-unused-expressions
  1:115041  warning  Expected an assignment or function call and instead saw an expression  @typescript-eslint/no-unused-expressions
  1:115163  warning  Expected an assignment or function call and instead saw an expression  @typescript-eslint/no-unused-expressions
  1:115218  warning  Expected an assignment or function call and instead saw an expression  @typescript-eslint/no-unused-expressions
  1:115295  warning  Expected an assignment or function call and instead saw an expression  @typescript-eslint/no-unused-expressions
  1:115621  warning  Expected an assignment or function call and instead saw an expression  @typescript-eslint/no-unused-expressions
  1:115671  warning  Expected an assignment or function call and instead saw an expression  @typescript-eslint/no-unused-expressions
  1:116087  warning  Expected an assignment or function call and instead saw an expression  @typescript-eslint/no-unused-expressions
  1:116259  warning  Expected an assignment or function call and instead saw an expression  @typescript-eslint/no-unused-expressions
  1:116376  warning  Expected an assignment or function call and instead saw an expression  @typescript-eslint/no-unused-expressions
  1:116421  warning  Expected an assignment or function call and instead saw an expression  @typescript-eslint/no-unused-expressions
  1:116517  warning  Expected an assignment or function call and instead saw an expression  @typescript-eslint/no-unused-expressions
  1:116548  warning  Expected an assignment or function call and instead saw an expression  @typescript-eslint/no-unused-expressions
  1:116752  warning  Expected an assignment or function call and instead saw an expression  @typescript-eslint/no-unused-expressions
  1:117000  warning  Expected an assignment or function call and instead saw an expression  @typescript-eslint/no-unused-expressions
  1:117033  warning  Expected an assignment or function call and instead saw an expression  @typescript-eslint/no-unused-expressions
  1:117105  warning  Expected an assignment or function call and instead saw an expression  @typescript-eslint/no-unused-expressions
  1:118228  warning  Expected an assignment or function call and instead saw an expression  @typescript-eslint/no-unused-expressions
  1:118631  warning  Expected an assignment or function call and instead saw an expression  @typescript-eslint/no-unused-expressions
  1:118708  warning  Expected an assignment or function call and instead saw an expression  @typescript-eslint/no-unused-expressions
  1:118750  warning  Expected an assignment or function call and instead saw an expression  @typescript-eslint/no-unused-expressions
  1:119785  warning  Expected an assignment or function call and instead saw an expression  @typescript-eslint/no-unused-expressions
  1:119884  warning  Expected an assignment or function call and instead saw an expression  @typescript-eslint/no-unused-expressions
  1:120010  warning  Expected an assignment or function call and instead saw an expression  @typescript-eslint/no-unused-expressions
  1:120485  warning  Expected an assignment or function call and instead saw an expression  @typescript-eslint/no-unused-expressions
  1:120592  warning  Expected an assignment or function call and instead saw an expression  @typescript-eslint/no-unused-expressions
  1:120814  warning  Expected an assignment or function call and instead saw an expression  @typescript-eslint/no-unused-expressions
  1:120955  warning  Expected an assignment or function call and instead saw an expression  @typescript-eslint/no-unused-expressions
  1:121082  warning  Expected an assignment or function call and instead saw an expression  @typescript-eslint/no-unused-expressions
  1:121263  warning  Expected an assignment or function call and instead saw an expression  @typescript-eslint/no-unused-expressions
  1:121382  warning  Expected an assignment or function call and instead saw an expression  @typescript-eslint/no-unused-expressions
  1:121601  warning  Expected an assignment or function call and instead saw an expression  @typescript-eslint/no-unused-expressions
  1:121709  warning  Expected an assignment or function call and instead saw an expression  @typescript-eslint/no-unused-expressions
  1:121984  warning  Expected an assignment or function call and instead saw an expression  @typescript-eslint/no-unused-expressions
  1:122041  warning  Expected an assignment or function call and instead saw an expression  @typescript-eslint/no-unused-expressions
  1:122057  warning  Expected an assignment or function call and instead saw an expression  @typescript-eslint/no-unused-expressions
  1:122517  warning  Expected an assignment or function call and instead saw an expression  @typescript-eslint/no-unused-expressions
  1:122574  warning  Expected an assignment or function call and instead saw an expression  @typescript-eslint/no-unused-expressions
  1:122590  warning  Expected an assignment or function call and instead saw an expression  @typescript-eslint/no-unused-expressions
  1:123598  warning  Expected an assignment or function call and instead saw an expression  @typescript-eslint/no-unused-expressions
  1:123692  warning  Expected an assignment or function call and instead saw an expression  @typescript-eslint/no-unused-expressions
  1:123940  warning  Expected an assignment or function call and instead saw an expression  @typescript-eslint/no-unused-expressions
  1:124033  warning  Expected an assignment or function call and instead saw an expression  @typescript-eslint/no-unused-expressions
  1:125104  warning  Expected an assignment or function call and instead saw an expression  @typescript-eslint/no-unused-expressions
  1:125937  warning  Expected an assignment or function call and instead saw an expression  @typescript-eslint/no-unused-expressions
  1:126100  warning  Expected an assignment or function call and instead saw an expression  @typescript-eslint/no-unused-expressions
  1:126323  warning  Expected an assignment or function call and instead saw an expression  @typescript-eslint/no-unused-expressions
  1:126582  warning  Expected an assignment or function call and instead saw an expression  @typescript-eslint/no-unused-expressions
  1:126665  warning  Expected an assignment or function call and instead saw an expression  @typescript-eslint/no-unused-expressions
  1:126703  warning  Expected an assignment or function call and instead saw an expression  @typescript-eslint/no-unused-expressions
  1:127088  warning  Expected an assignment or function call and instead saw an expression  @typescript-eslint/no-unused-expressions
  1:127130  warning  Expected an assignment or function call and instead saw an expression  @typescript-eslint/no-unused-expressions
  1:127447  warning  Expected an assignment or function call and instead saw an expression  @typescript-eslint/no-unused-expressions
  1:127475  warning  'e' is defined but never used                                          @typescript-eslint/no-unused-vars
  1:127686  warning  Expected an assignment or function call and instead saw an expression  @typescript-eslint/no-unused-expressions
  1:128018  warning  Expected an assignment or function call and instead saw an expression  @typescript-eslint/no-unused-expressions
  1:128327  warning  Expected an assignment or function call and instead saw an expression  @typescript-eslint/no-unused-expressions
  1:128413  warning  Expected an assignment or function call and instead saw an expression  @typescript-eslint/no-unused-expressions
  1:128776  warning  Expected an assignment or function call and instead saw an expression  @typescript-eslint/no-unused-expressions
  1:128832  warning  Expected an assignment or function call and instead saw an expression  @typescript-eslint/no-unused-expressions
  1:128850  warning  Expected an assignment or function call and instead saw an expression  @typescript-eslint/no-unused-expressions
  1:128969  warning  Expected an assignment or function call and instead saw an expression  @typescript-eslint/no-unused-expressions
  1:129439  warning  Expected an assignment or function call and instead saw an expression  @typescript-eslint/no-unused-expressions
  1:129688  warning  Expected an assignment or function call and instead saw an expression  @typescript-eslint/no-unused-expressions
  1:129891  warning  Expected an assignment or function call and instead saw an expression  @typescript-eslint/no-unused-expressions
  1:130059  warning  Expected an assignment or function call and instead saw an expression  @typescript-eslint/no-unused-expressions
  1:130202  warning  Expected an assignment or function call and instead saw an expression  @typescript-eslint/no-unused-expressions
  1:130257  warning  Expected an assignment or function call and instead saw an expression  @typescript-eslint/no-unused-expressions
  1:130284  warning  Expected an assignment or function call and instead saw an expression  @typescript-eslint/no-unused-expressions
  1:130302  warning  Expected an assignment or function call and instead saw an expression  @typescript-eslint/no-unused-expressions
  1:130416  warning  Expected an assignment or function call and instead saw an expression  @typescript-eslint/no-unused-expressions
  1:130494  warning  Expected an assignment or function call and instead saw an expression  @typescript-eslint/no-unused-expressions
  1:130551  warning  Expected an assignment or function call and instead saw an expression  @typescript-eslint/no-unused-expressions
  1:130585  warning  Expected an assignment or function call and instead saw an expression  @typescript-eslint/no-unused-expressions
  1:130851  warning  'e' is defined but never used                                          @typescript-eslint/no-unused-vars
  1:130868  warning  Expected an assignment or function call and instead saw an expression  @typescript-eslint/no-unused-expressions
  1:131006  warning  Expected an assignment or function call and instead saw an expression  @typescript-eslint/no-unused-expressions
  1:131019  warning  Expected an assignment or function call and instead saw an expression  @typescript-eslint/no-unused-expressions
  1:131139  warning  Expected an assignment or function call and instead saw an expression  @typescript-eslint/no-unused-expressions
  1:131341  warning  Expected an assignment or function call and instead saw an expression  @typescript-eslint/no-unused-expressions
  1:131600  warning  'e' is defined but never used                                          @typescript-eslint/no-unused-vars
  1:131621  warning  Expected an assignment or function call and instead saw an expression  @typescript-eslint/no-unused-expressions
  1:131661  warning  Expected an assignment or function call and instead saw an expression  @typescript-eslint/no-unused-expressions
  1:131976  warning  Expected an assignment or function call and instead saw an expression  @typescript-eslint/no-unused-expressions
  1:132162  warning  Expected an assignment or function call and instead saw an expression  @typescript-eslint/no-unused-expressions
  1:132208  warning  Expected an assignment or function call and instead saw an expression  @typescript-eslint/no-unused-expressions
  1:132306  warning  Expected an assignment or function call and instead saw an expression  @typescript-eslint/no-unused-expressions
  1:132513  warning  Expected an assignment or function call and instead saw an expression  @typescript-eslint/no-unused-expressions
  1:132606  warning  Expected an assignment or function call and instead saw an expression  @typescript-eslint/no-unused-expressions
  1:132731  warning  Expected an assignment or function call and instead saw an expression  @typescript-eslint/no-unused-expressions
  1:132859  warning  Expected an assignment or function call and instead saw an expression  @typescript-eslint/no-unused-expressions
  1:132947  warning  Expected an assignment or function call and instead saw an expression  @typescript-eslint/no-unused-expressions
  1:133034  warning  Expected an assignment or function call and instead saw an expression  @typescript-eslint/no-unused-expressions
  1:133298  warning  Expected an assignment or function call and instead saw an expression  @typescript-eslint/no-unused-expressions
  1:133325  warning  Expected an assignment or function call and instead saw an expression  @typescript-eslint/no-unused-expressions
  1:133511  warning  Expected an assignment or function call and instead saw an expression  @typescript-eslint/no-unused-expressions
  1:133657  warning  Expected an assignment or function call and instead saw an expression  @typescript-eslint/no-unused-expressions
  1:133754  warning  Expected an assignment or function call and instead saw an expression  @typescript-eslint/no-unused-expressions
  1:133937  warning  Expected an assignment or function call and instead saw an expression  @typescript-eslint/no-unused-expressions
  1:135257  warning  Expected an assignment or function call and instead saw an expression  @typescript-eslint/no-unused-expressions
  1:135743  warning  Expected an assignment or function call and instead saw an expression  @typescript-eslint/no-unused-expressions
  1:137340  warning  Expected an assignment or function call and instead saw an expression  @typescript-eslint/no-unused-expressions
  1:137386  warning  Expected an assignment or function call and instead saw an expression  @typescript-eslint/no-unused-expressions
  1:137534  warning  Expected an assignment or function call and instead saw an expression  @typescript-eslint/no-unused-expressions
  1:137580  warning  Expected an assignment or function call and instead saw an expression  @typescript-eslint/no-unused-expressions
  1:137637  warning  Expected an assignment or function call and instead saw an expression  @typescript-eslint/no-unused-expressions
  1:137686  warning  Expected an assignment or function call and instead saw an expression  @typescript-eslint/no-unused-expressions
  1:137747  warning  Expected an assignment or function call and instead saw an expression  @typescript-eslint/no-unused-expressions
  1:137856  warning  Expected an assignment or function call and instead saw an expression  @typescript-eslint/no-unused-expressions
  1:137888  warning  Expected an assignment or function call and instead saw an expression  @typescript-eslint/no-unused-expressions
  1:137987  warning  Expected an assignment or function call and instead saw an expression  @typescript-eslint/no-unused-expressions
  1:138131  warning  Expected an assignment or function call and instead saw an expression  @typescript-eslint/no-unused-expressions
  1:138972  warning  Expected an assignment or function call and instead saw an expression  @typescript-eslint/no-unused-expressions
  1:139008  warning  Expected an assignment or function call and instead saw an expression  @typescript-eslint/no-unused-expressions
  1:140058  warning  Expected an assignment or function call and instead saw an expression  @typescript-eslint/no-unused-expressions
  1:140917  warning  Expected an assignment or function call and instead saw an expression  @typescript-eslint/no-unused-expressions
  1:140940  warning  Expected an assignment or function call and instead saw an expression  @typescript-eslint/no-unused-expressions
  1:141011  warning  Expected an assignment or function call and instead saw an expression  @typescript-eslint/no-unused-expressions
  1:141044  warning  Expected an assignment or function call and instead saw an expression  @typescript-eslint/no-unused-expressions
  1:141266  warning  Expected an assignment or function call and instead saw an expression  @typescript-eslint/no-unused-expressions
  1:141421  warning  Expected an assignment or function call and instead saw an expression  @typescript-eslint/no-unused-expressions
  1:141564  warning  Expected an assignment or function call and instead saw an expression  @typescript-eslint/no-unused-expressions
  1:141736  warning  Expected an assignment or function call and instead saw an expression  @typescript-eslint/no-unused-expressions
  1:142025  warning  Expected an assignment or function call and instead saw an expression  @typescript-eslint/no-unused-expressions
  1:142117  warning  Expected an assignment or function call and instead saw an expression  @typescript-eslint/no-unused-expressions
  1:143178  warning  Expected an assignment or function call and instead saw an expression  @typescript-eslint/no-unused-expressions
  1:143500  warning  Expected an assignment or function call and instead saw an expression  @typescript-eslint/no-unused-expressions
  1:144198  warning  Expected an assignment or function call and instead saw an expression  @typescript-eslint/no-unused-expressions
  1:144330  warning  Expected an assignment or function call and instead saw an expression  @typescript-eslint/no-unused-expressions
  1:144583  warning  Expected an assignment or function call and instead saw an expression  @typescript-eslint/no-unused-expressions
  1:145102  warning  Expected an assignment or function call and instead saw an expression  @typescript-eslint/no-unused-expressions
  1:145890  warning  Expected an assignment or function call and instead saw an expression  @typescript-eslint/no-unused-expressions
  1:145941  warning  Expected an assignment or function call and instead saw an expression  @typescript-eslint/no-unused-expressions
  1:145986  warning  Expected an assignment or function call and instead saw an expression  @typescript-eslint/no-unused-expressions
  1:146034  warning  Expected an assignment or function call and instead saw an expression  @typescript-eslint/no-unused-expressions
  1:146715  warning  Expected an assignment or function call and instead saw an expression  @typescript-eslint/no-unused-expressions
  1:146949  warning  Expected an assignment or function call and instead saw an expression  @typescript-eslint/no-unused-expressions
  1:147419  warning  Expected an assignment or function call and instead saw an expression  @typescript-eslint/no-unused-expressions
  1:147540  warning  Expected an assignment or function call and instead saw an expression  @typescript-eslint/no-unused-expressions
  1:147717  warning  Expected an assignment or function call and instead saw an expression  @typescript-eslint/no-unused-expressions
  1:147857  warning  Expected an assignment or function call and instead saw an expression  @typescript-eslint/no-unused-expressions
  1:147978  warning  Expected an assignment or function call and instead saw an expression  @typescript-eslint/no-unused-expressions
  1:148768  warning  Expected an assignment or function call and instead saw an expression  @typescript-eslint/no-unused-expressions
  1:149117  warning  Expected an assignment or function call and instead saw an expression  @typescript-eslint/no-unused-expressions
  1:149218  warning  Expected an assignment or function call and instead saw an expression  @typescript-eslint/no-unused-expressions
  1:149266  warning  Expected an assignment or function call and instead saw an expression  @typescript-eslint/no-unused-expressions
  1:149313  warning  Expected an assignment or function call and instead saw an expression  @typescript-eslint/no-unused-expressions
  1:149705  warning  Expected an assignment or function call and instead saw an expression  @typescript-eslint/no-unused-expressions
  1:149830  warning  Expected an assignment or function call and instead saw an expression  @typescript-eslint/no-unused-expressions
  1:150004  warning  Expected an assignment or function call and instead saw an expression  @typescript-eslint/no-unused-expressions
  1:150254  warning  Expected an assignment or function call and instead saw an expression  @typescript-eslint/no-unused-expressions
  1:150938  warning  Expected an assignment or function call and instead saw an expression  @typescript-eslint/no-unused-expressions
  1:151329  warning  Expected an assignment or function call and instead saw an expression  @typescript-eslint/no-unused-expressions
  1:151477  warning  Expected an assignment or function call and instead saw an expression  @typescript-eslint/no-unused-expressions
  1:151671  warning  Expected an assignment or function call and instead saw an expression  @typescript-eslint/no-unused-expressions
  1:151775  warning  Expected an assignment or function call and instead saw an expression  @typescript-eslint/no-unused-expressions
  1:152115  warning  Expected an assignment or function call and instead saw an expression  @typescript-eslint/no-unused-expressions
  1:152195  warning  Expected an assignment or function call and instead saw an expression  @typescript-eslint/no-unused-expressions
  1:153477  warning  Expected an assignment or function call and instead saw an expression  @typescript-eslint/no-unused-expressions
  1:153732  warning  Expected an assignment or function call and instead saw an expression  @typescript-eslint/no-unused-expressions
  1:153840  warning  Expected an assignment or function call and instead saw an expression  @typescript-eslint/no-unused-expressions
  1:154286  warning  Expected an assignment or function call and instead saw an expression  @typescript-eslint/no-unused-expressions
  1:154498  warning  Expected an assignment or function call and instead saw an expression  @typescript-eslint/no-unused-expressions
  1:155301  warning  Expected an assignment or function call and instead saw an expression  @typescript-eslint/no-unused-expressions
  1:155541  warning  Expected an assignment or function call and instead saw an expression  @typescript-eslint/no-unused-expressions
  1:156138  warning  Expected an assignment or function call and instead saw an expression  @typescript-eslint/no-unused-expressions
  1:156204  warning  Expected an assignment or function call and instead saw an expression  @typescript-eslint/no-unused-expressions
  1:156255  warning  Expected an assignment or function call and instead saw an expression  @typescript-eslint/no-unused-expressions
  1:156374  warning  Expected an assignment or function call and instead saw an expression  @typescript-eslint/no-unused-expressions
  1:156612  warning  Expected an assignment or function call and instead saw an expression  @typescript-eslint/no-unused-expressions
  1:157397  warning  Expected an assignment or function call and instead saw an expression  @typescript-eslint/no-unused-expressions
  1:157554  warning  Expected an assignment or function call and instead saw an expression  @typescript-eslint/no-unused-expressions
  1:157960  warning  Expected an assignment or function call and instead saw an expression  @typescript-eslint/no-unused-expressions
  1:158069  warning  Expected an assignment or function call and instead saw an expression  @typescript-eslint/no-unused-expressions
  1:158121  warning  Expected an assignment or function call and instead saw an expression  @typescript-eslint/no-unused-expressions
  1:158275  warning  Expected an assignment or function call and instead saw an expression  @typescript-eslint/no-unused-expressions
  1:158423  warning  Expected an assignment or function call and instead saw an expression  @typescript-eslint/no-unused-expressions
  1:158755  warning  Expected an assignment or function call and instead saw an expression  @typescript-eslint/no-unused-expressions
  1:161287  warning  Expected an assignment or function call and instead saw an expression  @typescript-eslint/no-unused-expressions
  1:161413  warning  Expected an assignment or function call and instead saw an expression  @typescript-eslint/no-unused-expressions
  1:162140  warning  Expected an assignment or function call and instead saw an expression  @typescript-eslint/no-unused-expressions
  1:162259  warning  Expected an assignment or function call and instead saw an expression  @typescript-eslint/no-unused-expressions
  1:162420  warning  Expected an assignment or function call and instead saw an expression  @typescript-eslint/no-unused-expressions
  1:162663  warning  Expected an assignment or function call and instead saw an expression  @typescript-eslint/no-unused-expressions
  1:162969  warning  Expected an assignment or function call and instead saw an expression  @typescript-eslint/no-unused-expressions
  1:163374  warning  Expected an assignment or function call and instead saw an expression  @typescript-eslint/no-unused-expressions
  1:163429  warning  Expected an assignment or function call and instead saw an expression  @typescript-eslint/no-unused-expressions
  1:163612  warning  Expected an assignment or function call and instead saw an expression  @typescript-eslint/no-unused-expressions
  1:163742  warning  Expected an assignment or function call and instead saw an expression  @typescript-eslint/no-unused-expressions
  1:163838  warning  Expected an assignment or function call and instead saw an expression  @typescript-eslint/no-unused-expressions
  1:163855  warning  Expected an assignment or function call and instead saw an expression  @typescript-eslint/no-unused-expressions
  1:164287  warning  Expected an assignment or function call and instead saw an expression  @typescript-eslint/no-unused-expressions
  1:165221  warning  Expected an assignment or function call and instead saw an expression  @typescript-eslint/no-unused-expressions
  1:165530  warning  Expected an assignment or function call and instead saw an expression  @typescript-eslint/no-unused-expressions
  1:165627  warning  Expected an assignment or function call and instead saw an expression  @typescript-eslint/no-unused-expressions
  1:165741  warning  Expected an assignment or function call and instead saw an expression  @typescript-eslint/no-unused-expressions
  1:165834  warning  Expected an assignment or function call and instead saw an expression  @typescript-eslint/no-unused-expressions
  1:165860  warning  Expected an assignment or function call and instead saw an expression  @typescript-eslint/no-unused-expressions
  1:165927  warning  Expected an assignment or function call and instead saw an expression  @typescript-eslint/no-unused-expressions
  1:165953  warning  Expected an assignment or function call and instead saw an expression  @typescript-eslint/no-unused-expressions
  1:166018  warning  Expected an assignment or function call and instead saw an expression  @typescript-eslint/no-unused-expressions
  1:166692  warning  Expected an assignment or function call and instead saw an expression  @typescript-eslint/no-unused-expressions
  1:166720  warning  Expected an assignment or function call and instead saw an expression  @typescript-eslint/no-unused-expressions
  1:166783  warning  Expected an assignment or function call and instead saw an expression  @typescript-eslint/no-unused-expressions
  1:166878  warning  Expected an assignment or function call and instead saw an expression  @typescript-eslint/no-unused-expressions
  1:167290  warning  Expected an assignment or function call and instead saw an expression  @typescript-eslint/no-unused-expressions
  1:169610  warning  Expected an assignment or function call and instead saw an expression  @typescript-eslint/no-unused-expressions
  1:169701  warning  Expected an assignment or function call and instead saw an expression  @typescript-eslint/no-unused-expressions
  1:170119  warning  Expected an assignment or function call and instead saw an expression  @typescript-eslint/no-unused-expressions
  1:170196  warning  Expected an assignment or function call and instead saw an expression  @typescript-eslint/no-unused-expressions
  1:170229  warning  Expected an assignment or function call and instead saw an expression  @typescript-eslint/no-unused-expressions
  1:170369  warning  Expected an assignment or function call and instead saw an expression  @typescript-eslint/no-unused-expressions
  1:170502  warning  Expected an assignment or function call and instead saw an expression  @typescript-eslint/no-unused-expressions
  1:170581  warning  Expected an assignment or function call and instead saw an expression  @typescript-eslint/no-unused-expressions
  1:170732  warning  Expected an assignment or function call and instead saw an expression  @typescript-eslint/no-unused-expressions
  1:170866  warning  Expected an assignment or function call and instead saw an expression  @typescript-eslint/no-unused-expressions
  1:170995  warning  Expected an assignment or function call and instead saw an expression  @typescript-eslint/no-unused-expressions
  1:171077  warning  Expected an assignment or function call and instead saw an expression  @typescript-eslint/no-unused-expressions
  1:171249  warning  Expected an assignment or function call and instead saw an expression  @typescript-eslint/no-unused-expressions
  1:171398  warning  Expected an assignment or function call and instead saw an expression  @typescript-eslint/no-unused-expressions
  1:171485  warning  Expected an assignment or function call and instead saw an expression  @typescript-eslint/no-unused-expressions
  1:171658  warning  Expected an assignment or function call and instead saw an expression  @typescript-eslint/no-unused-expressions
  1:171775  warning  Expected an assignment or function call and instead saw an expression  @typescript-eslint/no-unused-expressions
  1:172104  warning  Expected an assignment or function call and instead saw an expression  @typescript-eslint/no-unused-expressions
  1:172353  warning  Expected an assignment or function call and instead saw an expression  @typescript-eslint/no-unused-expressions
  1:172633  warning  Expected an assignment or function call and instead saw an expression  @typescript-eslint/no-unused-expressions
  1:172846  warning  Expected an assignment or function call and instead saw an expression  @typescript-eslint/no-unused-expressions
  1:173500  warning  Expected an assignment or function call and instead saw an expression  @typescript-eslint/no-unused-expressions
  1:173550  warning  Expected an assignment or function call and instead saw an expression  @typescript-eslint/no-unused-expressions
  1:173579  warning  Expected an assignment or function call and instead saw an expression  @typescript-eslint/no-unused-expressions
  1:173645  warning  Expected an assignment or function call and instead saw an expression  @typescript-eslint/no-unused-expressions
  1:173674  warning  Expected an assignment or function call and instead saw an expression  @typescript-eslint/no-unused-expressions
  1:174137  warning  Expected an assignment or function call and instead saw an expression  @typescript-eslint/no-unused-expressions
  1:174277  warning  'e' is defined but never used                                          @typescript-eslint/no-unused-vars
  1:174282  warning  Expected an assignment or function call and instead saw an expression  @typescript-eslint/no-unused-expressions
  1:175146  warning  'r' is assigned a value but never used                                 @typescript-eslint/no-unused-vars
  1:175318  warning  Expected an assignment or function call and instead saw an expression  @typescript-eslint/no-unused-expressions
  1:176161  warning  Expected an assignment or function call and instead saw an expression  @typescript-eslint/no-unused-expressions
  1:176251  warning  Expected an assignment or function call and instead saw an expression  @typescript-eslint/no-unused-expressions
  1:176309  warning  Expected an assignment or function call and instead saw an expression  @typescript-eslint/no-unused-expressions
  1:176737  warning  Expected an assignment or function call and instead saw an expression  @typescript-eslint/no-unused-expressions
  1:177341  warning  Expected an assignment or function call and instead saw an expression  @typescript-eslint/no-unused-expressions
  1:177897  warning  Expected an assignment or function call and instead saw an expression  @typescript-eslint/no-unused-expressions
  1:178091  warning  Expected an assignment or function call and instead saw an expression  @typescript-eslint/no-unused-expressions
  1:178370  warning  Expected an assignment or function call and instead saw an expression  @typescript-eslint/no-unused-expressions
  1:178438  warning  Expected an assignment or function call and instead saw an expression  @typescript-eslint/no-unused-expressions
  1:178925  warning  Expected an assignment or function call and instead saw an expression  @typescript-eslint/no-unused-expressions
  1:178950  warning  Expected an assignment or function call and instead saw an expression  @typescript-eslint/no-unused-expressions
  1:179022  warning  Expected an assignment or function call and instead saw an expression  @typescript-eslint/no-unused-expressions
  1:179624  warning  Expected an assignment or function call and instead saw an expression  @typescript-eslint/no-unused-expressions
  1:180500  warning  Expected an assignment or function call and instead saw an expression  @typescript-eslint/no-unused-expressions
  1:181018  warning  Expected an assignment or function call and instead saw an expression  @typescript-eslint/no-unused-expressions
  1:181255  warning  Expected an assignment or function call and instead saw an expression  @typescript-eslint/no-unused-expressions
  1:181641  warning  Expected an assignment or function call and instead saw an expression  @typescript-eslint/no-unused-expressions
  1:181749  warning  Expected an assignment or function call and instead saw an expression  @typescript-eslint/no-unused-expressions
  1:183051  warning  Expected an assignment or function call and instead saw an expression  @typescript-eslint/no-unused-expressions
  1:183290  warning  Expected an assignment or function call and instead saw an expression  @typescript-eslint/no-unused-expressions
  1:183366  warning  Expected an assignment or function call and instead saw an expression  @typescript-eslint/no-unused-expressions
  1:183981  warning  Expected an assignment or function call and instead saw an expression  @typescript-eslint/no-unused-expressions
  1:184086  warning  Expected an assignment or function call and instead saw an expression  @typescript-eslint/no-unused-expressions
  1:184121  warning  Expected an assignment or function call and instead saw an expression  @typescript-eslint/no-unused-expressions
  1:184289  warning  Expected an assignment or function call and instead saw an expression  @typescript-eslint/no-unused-expressions
  1:184431  warning  Expected an assignment or function call and instead saw an expression  @typescript-eslint/no-unused-expressions
  1:184538  warning  Expected an assignment or function call and instead saw an expression  @typescript-eslint/no-unused-expressions
  1:184569  warning  Expected an assignment or function call and instead saw an expression  @typescript-eslint/no-unused-expressions
  1:184639  warning  Expected an assignment or function call and instead saw an expression  @typescript-eslint/no-unused-expressions
  1:184690  warning  Expected an assignment or function call and instead saw an expression  @typescript-eslint/no-unused-expressions
  1:184716  warning  Expected an assignment or function call and instead saw an expression  @typescript-eslint/no-unused-expressions
  1:184842  warning  Expected an assignment or function call and instead saw an expression  @typescript-eslint/no-unused-expressions
  1:184977  warning  Expected an assignment or function call and instead saw an expression  @typescript-eslint/no-unused-expressions
  1:185240  warning  Expected an assignment or function call and instead saw an expression  @typescript-eslint/no-unused-expressions
  1:187085  warning  Expected an assignment or function call and instead saw an expression  @typescript-eslint/no-unused-expressions
  1:187591  warning  Expected an assignment or function call and instead saw an expression  @typescript-eslint/no-unused-expressions
  1:187640  warning  Expected an assignment or function call and instead saw an expression  @typescript-eslint/no-unused-expressions
  1:187777  warning  Expected an assignment or function call and instead saw an expression  @typescript-eslint/no-unused-expressions
  1:188020  warning  Expected an assignment or function call and instead saw an expression  @typescript-eslint/no-unused-expressions
  1:188530  warning  Expected an assignment or function call and instead saw an expression  @typescript-eslint/no-unused-expressions

/Users/pranshudhiman/Desktop/vk and company/artifacts/motion-stage-9/before-site/out/_next/static/chunks/main-9088c2297233ebab.js
  1:160    warning  Expected an assignment or function call and instead saw an expression  @typescript-eslint/no-unused-expressions
  1:315    warning  Expected an assignment or function call and instead saw an expression  @typescript-eslint/no-unused-expressions
  1:555    warning  Expected an assignment or function call and instead saw an expression  @typescript-eslint/no-unused-expressions
  1:1335   warning  Expected an assignment or function call and instead saw an expression  @typescript-eslint/no-unused-expressions
  1:1552   warning  Expected an assignment or function call and instead saw an expression  @typescript-eslint/no-unused-expressions
  1:2368   warning  Expected an assignment or function call and instead saw an expression  @typescript-eslint/no-unused-expressions
  1:2535   warning  Expected an assignment or function call and instead saw an expression  @typescript-eslint/no-unused-expressions
  1:2669   warning  Expected an assignment or function call and instead saw an expression  @typescript-eslint/no-unused-expressions
  1:2754   warning  Expected an assignment or function call and instead saw an expression  @typescript-eslint/no-unused-expressions
  1:3249   warning  Expected an assignment or function call and instead saw an expression  @typescript-eslint/no-unused-expressions
  1:3276   warning  Expected an assignment or function call and instead saw an expression  @typescript-eslint/no-unused-expressions
  1:3374   warning  Expected an assignment or function call and instead saw an expression  @typescript-eslint/no-unused-expressions
  1:3672   warning  Expected an assignment or function call and instead saw an expression  @typescript-eslint/no-unused-expressions
  1:4319   warning  Expected an assignment or function call and instead saw an expression  @typescript-eslint/no-unused-expressions
  1:4414   warning  Expected an assignment or function call and instead saw an expression  @typescript-eslint/no-unused-expressions
  1:4636   warning  Expected an assignment or function call and instead saw an expression  @typescript-eslint/no-unused-expressions
  1:4740   warning  Expected an assignment or function call and instead saw an expression  @typescript-eslint/no-unused-expressions
  1:4798   warning  Expected an assignment or function call and instead saw an expression  @typescript-eslint/no-unused-expressions
  1:6665   warning  'e' is defined but never used                                          @typescript-eslint/no-unused-vars
  1:7011   warning  Expected an assignment or function call and instead saw an expression  @typescript-eslint/no-unused-expressions
  1:7852   warning  Expected an assignment or function call and instead saw an expression  @typescript-eslint/no-unused-expressions
  1:8018   warning  Expected an assignment or function call and instead saw an expression  @typescript-eslint/no-unused-expressions
  1:8108   warning  Expected an assignment or function call and instead saw an expression  @typescript-eslint/no-unused-expressions
  1:14530  warning  Expected an assignment or function call and instead saw an expression  @typescript-eslint/no-unused-expressions
  1:16028  warning  Expected an assignment or function call and instead saw an expression  @typescript-eslint/no-unused-expressions
  1:17083  warning  'u' is defined but never used                                          @typescript-eslint/no-unused-vars
  1:17476  warning  Expected an assignment or function call and instead saw an expression  @typescript-eslint/no-unused-expressions
  1:18701  warning  'e' is defined but never used                                          @typescript-eslint/no-unused-vars
  1:21152  warning  Expected an assignment or function call and instead saw an expression  @typescript-eslint/no-unused-expressions
  1:21347  warning  'p' is defined but never used                                          @typescript-eslint/no-unused-vars
  1:21363  warning  'g' is defined but never used                                          @typescript-eslint/no-unused-vars
  1:21379  warning  'E' is defined but never used                                          @typescript-eslint/no-unused-vars
  1:21395  warning  Expected an assignment or function call and instead saw an expression  @typescript-eslint/no-unused-expressions
  1:21927  warning  Expected an assignment or function call and instead saw an expression  @typescript-eslint/no-unused-expressions
  1:22209  warning  Expected an assignment or function call and instead saw an expression  @typescript-eslint/no-unused-expressions
  1:24378  warning  Expected an assignment or function call and instead saw an expression  @typescript-eslint/no-unused-expressions
  1:25274  warning  Expected an assignment or function call and instead saw an expression  @typescript-eslint/no-unused-expressions
  1:25541  warning  Expected an assignment or function call and instead saw an expression  @typescript-eslint/no-unused-expressions
  1:25625  warning  Expected an assignment or function call and instead saw an expression  @typescript-eslint/no-unused-expressions
  1:26018  warning  Expected an assignment or function call and instead saw an expression  @typescript-eslint/no-unused-expressions
  1:26394  warning  'i' is assigned a value but never used                                 @typescript-eslint/no-unused-vars
  1:26518  warning  'e' is defined but never used                                          @typescript-eslint/no-unused-vars
  1:26554  warning  Expected an assignment or function call and instead saw an expression  @typescript-eslint/no-unused-expressions
  1:27472  warning  Expected an assignment or function call and instead saw an expression  @typescript-eslint/no-unused-expressions
  1:27765  warning  Expected an assignment or function call and instead saw an expression  @typescript-eslint/no-unused-expressions
  1:28378  warning  Expected an assignment or function call and instead saw an expression  @typescript-eslint/no-unused-expressions
  1:28833  warning  Expected an assignment or function call and instead saw an expression  @typescript-eslint/no-unused-expressions
  1:29017  warning  Expected an assignment or function call and instead saw an expression  @typescript-eslint/no-unused-expressions
  1:29200  warning  Expected an assignment or function call and instead saw an expression  @typescript-eslint/no-unused-expressions
  1:29341  warning  Expected an assignment or function call and instead saw an expression  @typescript-eslint/no-unused-expressions
  1:30095  warning  Expected an assignment or function call and instead saw an expression  @typescript-eslint/no-unused-expressions
  1:30144  warning  't' is defined but never used                                          @typescript-eslint/no-unused-vars
  1:30464  warning  Expected an assignment or function call and instead saw an expression  @typescript-eslint/no-unused-expressions
  1:31120  warning  Expected an assignment or function call and instead saw an expression  @typescript-eslint/no-unused-expressions
  1:31664  warning  Expected an assignment or function call and instead saw an expression  @typescript-eslint/no-unused-expressions
  1:31841  warning  Expected an assignment or function call and instead saw an expression  @typescript-eslint/no-unused-expressions
  1:32397  warning  Expected an assignment or function call and instead saw an expression  @typescript-eslint/no-unused-expressions
  1:32956  warning  Expected an assignment or function call and instead saw an expression  @typescript-eslint/no-unused-expressions
  1:34325  warning  Expected an assignment or function call and instead saw an expression  @typescript-eslint/no-unused-expressions
  1:35860  warning  Expected an assignment or function call and instead saw an expression  @typescript-eslint/no-unused-expressions
  1:36243  warning  Expected an assignment or function call and instead saw an expression  @typescript-eslint/no-unused-expressions
  1:37053  warning  Expected an assignment or function call and instead saw an expression  @typescript-eslint/no-unused-expressions
  1:39324  warning  Expected an assignment or function call and instead saw an expression  @typescript-eslint/no-unused-expressions
  1:39385  warning  Expected an assignment or function call and instead saw an expression  @typescript-eslint/no-unused-expressions
  1:39524  warning  Expected an assignment or function call and instead saw an expression  @typescript-eslint/no-unused-expressions
  1:39585  warning  Expected an assignment or function call and instead saw an expression  @typescript-eslint/no-unused-expressions
  1:39884  warning  Expected an assignment or function call and instead saw an expression  @typescript-eslint/no-unused-expressions
  1:40127  warning  Expected an assignment or function call and instead saw an expression  @typescript-eslint/no-unused-expressions
  1:40433  warning  Expected an assignment or function call and instead saw an expression  @typescript-eslint/no-unused-expressions
  1:41892  warning  Expected an assignment or function call and instead saw an expression  @typescript-eslint/no-unused-expressions
  1:42529  warning  Expected an assignment or function call and instead saw an expression  @typescript-eslint/no-unused-expressions
  1:43204  warning  Expected an assignment or function call and instead saw an expression  @typescript-eslint/no-unused-expressions
  1:43250  warning  Expected an assignment or function call and instead saw an expression  @typescript-eslint/no-unused-expressions
  1:43324  warning  Expected an assignment or function call and instead saw an expression  @typescript-eslint/no-unused-expressions
  1:43362  warning  Expected an assignment or function call and instead saw an expression  @typescript-eslint/no-unused-expressions
  1:43456  warning  Expected an assignment or function call and instead saw an expression  @typescript-eslint/no-unused-expressions
  1:43466  warning  Expected an assignment or function call and instead saw an expression  @typescript-eslint/no-unused-expressions
  1:43876  warning  Expected an assignment or function call and instead saw an expression  @typescript-eslint/no-unused-expressions
  1:44028  warning  Expected an assignment or function call and instead saw an expression  @typescript-eslint/no-unused-expressions
  1:44138  warning  Expected an assignment or function call and instead saw an expression  @typescript-eslint/no-unused-expressions
  1:44631  warning  Expected an assignment or function call and instead saw an expression  @typescript-eslint/no-unused-expressions
  1:44784  warning  Expected an assignment or function call and instead saw an expression  @typescript-eslint/no-unused-expressions
  1:45849  warning  Expected an assignment or function call and instead saw an expression  @typescript-eslint/no-unused-expressions
  1:46098  warning  Expected an assignment or function call and instead saw an expression  @typescript-eslint/no-unused-expressions
  1:46382  warning  Expected an assignment or function call and instead saw an expression  @typescript-eslint/no-unused-expressions
  1:46545  warning  Expected an assignment or function call and instead saw an expression  @typescript-eslint/no-unused-expressions
  1:46836  warning  Expected an assignment or function call and instead saw an expression  @typescript-eslint/no-unused-expressions
  1:47334  warning  Expected an assignment or function call and instead saw an expression  @typescript-eslint/no-unused-expressions
  1:47437  warning  Expected an assignment or function call and instead saw an expression  @typescript-eslint/no-unused-expressions
  1:47953  warning  Expected an assignment or function call and instead saw an expression  @typescript-eslint/no-unused-expressions
  1:49259  warning  Expected an assignment or function call and instead saw an expression  @typescript-eslint/no-unused-expressions
  1:49405  warning  'e' is defined but never used                                          @typescript-eslint/no-unused-vars
  1:49412  warning  Expected an assignment or function call and instead saw an expression  @typescript-eslint/no-unused-expressions
  1:49656  warning  Expected an assignment or function call and instead saw an expression  @typescript-eslint/no-unused-expressions
  1:49955  warning  'e' is defined but never used                                          @typescript-eslint/no-unused-vars
  1:51687  warning  Expected an assignment or function call and instead saw an expression  @typescript-eslint/no-unused-expressions
  1:51931  warning  Expected an assignment or function call and instead saw an expression  @typescript-eslint/no-unused-expressions
  1:52369  warning  Expected an assignment or function call and instead saw an expression  @typescript-eslint/no-unused-expressions
  1:52913  warning  Expected an assignment or function call and instead saw an expression  @typescript-eslint/no-unused-expressions
  1:53740  warning  Expected an assignment or function call and instead saw an expression  @typescript-eslint/no-unused-expressions
  1:55876  warning  Expected an assignment or function call and instead saw an expression  @typescript-eslint/no-unused-expressions
  1:56616  warning  Expected an assignment or function call and instead saw an expression  @typescript-eslint/no-unused-expressions
  1:56964  warning  Expected an assignment or function call and instead saw an expression  @typescript-eslint/no-unused-expressions
  1:57191  warning  Expected an assignment or function call and instead saw an expression  @typescript-eslint/no-unused-expressions
  1:57234  warning  Expected an assignment or function call and instead saw an expression  @typescript-eslint/no-unused-expressions
  1:57342  warning  Expected an assignment or function call and instead saw an expression  @typescript-eslint/no-unused-expressions
  1:57600  warning  Expected an assignment or function call and instead saw an expression  @typescript-eslint/no-unused-expressions
  1:59376  warning  Expected an assignment or function call and instead saw an expression  @typescript-eslint/no-unused-expressions
  1:59652  warning  Expected an assignment or function call and instead saw an expression  @typescript-eslint/no-unused-expressions
  1:60801  warning  Expected an assignment or function call and instead saw an expression  @typescript-eslint/no-unused-expressions
  1:61147  warning  Expected an assignment or function call and instead saw an expression  @typescript-eslint/no-unused-expressions
  1:61244  warning  Expected an assignment or function call and instead saw an expression  @typescript-eslint/no-unused-expressions
  1:61431  warning  Expected an assignment or function call and instead saw an expression  @typescript-eslint/no-unused-expressions
  1:61732  warning  Expected an assignment or function call and instead saw an expression  @typescript-eslint/no-unused-expressions
  1:62376  warning  Expected an assignment or function call and instead saw an expression  @typescript-eslint/no-unused-expressions
  1:62434  warning  Expected an assignment or function call and instead saw an expression  @typescript-eslint/no-unused-expressions
  1:63361  warning  Expected an assignment or function call and instead saw an expression  @typescript-eslint/no-unused-expressions
  1:63585  warning  Expected an assignment or function call and instead saw an expression  @typescript-eslint/no-unused-expressions
  1:63625  warning  Expected an assignment or function call and instead saw an expression  @typescript-eslint/no-unused-expressions
  1:63744  warning  Expected an assignment or function call and instead saw an expression  @typescript-eslint/no-unused-expressions
  1:64878  warning  Expected an assignment or function call and instead saw an expression  @typescript-eslint/no-unused-expressions
  1:65405  warning  Expected an assignment or function call and instead saw an expression  @typescript-eslint/no-unused-expressions
  1:66134  warning  Expected an assignment or function call and instead saw an expression  @typescript-eslint/no-unused-expressions
  1:67006  warning  Expected an assignment or function call and instead saw an expression  @typescript-eslint/no-unused-expressions
  1:67772  warning  Expected an assignment or function call and instead saw an expression  @typescript-eslint/no-unused-expressions
  4:68     warning  Expected an assignment or function call and instead saw an expression  @typescript-eslint/no-unused-expressions
  4:445    warning  Expected an assignment or function call and instead saw an expression  @typescript-eslint/no-unused-expressions
  4:766    warning  Expected an assignment or function call and instead saw an expression  @typescript-eslint/no-unused-expressions
  4:930    warning  Expected an assignment or function call and instead saw an expression  @typescript-eslint/no-unused-expressions
  4:1256   warning  Expected an assignment or function call and instead saw an expression  @typescript-eslint/no-unused-expressions
  4:1980   warning  Expected an assignment or function call and instead saw an expression  @typescript-eslint/no-unused-expressions
  4:2145   warning  't' is defined but never used                                          @typescript-eslint/no-unused-vars
  4:2214   warning  Expected an assignment or function call and instead saw an expression  @typescript-eslint/no-unused-expressions
  4:4406   warning  Expected an assignment or function call and instead saw an expression  @typescript-eslint/no-unused-expressions
  4:4552   warning  Expected an assignment or function call and instead saw an expression  @typescript-eslint/no-unused-expressions
  4:4659   warning  Expected an assignment or function call and instead saw an expression  @typescript-eslint/no-unused-expressions
  4:4837   warning  Expected an assignment or function call and instead saw an expression  @typescript-eslint/no-unused-expressions
  4:5009   warning  'r' is defined but never used                                          @typescript-eslint/no-unused-vars
  4:5048   warning  Expected an assignment or function call and instead saw an expression  @typescript-eslint/no-unused-expressions
  4:5059   warning  Expected an assignment or function call and instead saw an expression  @typescript-eslint/no-unused-expressions
  4:5126   warning  Expected an assignment or function call and instead saw an expression  @typescript-eslint/no-unused-expressions
  4:5144   warning  Expected an assignment or function call and instead saw an expression  @typescript-eslint/no-unused-expressions
  4:6379   warning  Expected an assignment or function call and instead saw an expression  @typescript-eslint/no-unused-expressions
  4:6809   warning  Expected an assignment or function call and instead saw an expression  @typescript-eslint/no-unused-expressions
  5:619    warning  Expected an assignment or function call and instead saw an expression  @typescript-eslint/no-unused-expressions
  5:951    warning  Expected an assignment or function call and instead saw an expression  @typescript-eslint/no-unused-expressions
  5:1045   warning  Expected an assignment or function call and instead saw an expression  @typescript-eslint/no-unused-expressions
  5:3016   warning  Expected an assignment or function call and instead saw an expression  @typescript-eslint/no-unused-expressions
  5:3296   warning  Expected an assignment or function call and instead saw an expression  @typescript-eslint/no-unused-expressions
  5:4658   warning  'e' is defined but never used                                          @typescript-eslint/no-unused-vars
  5:5675   warning  Expected an assignment or function call and instead saw an expression  @typescript-eslint/no-unused-expressions
  5:5858   warning  Expected an assignment or function call and instead saw an expression  @typescript-eslint/no-unused-expressions
  5:6457   warning  Expected an assignment or function call and instead saw an expression  @typescript-eslint/no-unused-expressions
  5:7108   warning  Expected an assignment or function call and instead saw an expression  @typescript-eslint/no-unused-expressions
  5:7285   warning  Expected an assignment or function call and instead saw an expression  @typescript-eslint/no-unused-expressions
  5:7653   warning  Expected an assignment or function call and instead saw an expression  @typescript-eslint/no-unused-expressions
  5:7897   warning  Expected an assignment or function call and instead saw an expression  @typescript-eslint/no-unused-expressions
  5:7968   warning  Expected an assignment or function call and instead saw an expression  @typescript-eslint/no-unused-expressions
  5:7990   warning  Expected an assignment or function call and instead saw an expression  @typescript-eslint/no-unused-expressions
  5:8569   warning  Expected an assignment or function call and instead saw an expression  @typescript-eslint/no-unused-expressions
  5:9052   warning  Expected an assignment or function call and instead saw an expression  @typescript-eslint/no-unused-expressions
  5:10017  warning  Expected an assignment or function call and instead saw an expression  @typescript-eslint/no-unused-expressions
  5:10293  warning  Expected an assignment or function call and instead saw an expression  @typescript-eslint/no-unused-expressions
  5:10442  warning  Expected an assignment or function call and instead saw an expression  @typescript-eslint/no-unused-expressions
  5:11609  warning  Expected an assignment or function call and instead saw an expression  @typescript-eslint/no-unused-expressions
  5:11796  warning  Expected an assignment or function call and instead saw an expression  @typescript-eslint/no-unused-expressions
  5:11840  warning  Expected an assignment or function call and instead saw an expression  @typescript-eslint/no-unused-expressions
  5:12133  warning  Expected an assignment or function call and instead saw an expression  @typescript-eslint/no-unused-expressions
  5:13050  warning  Expected an assignment or function call and instead saw an expression  @typescript-eslint/no-unused-expressions
  5:13198  warning  Expected an assignment or function call and instead saw an expression  @typescript-eslint/no-unused-expressions
  5:13437  warning  Expected an assignment or function call and instead saw an expression  @typescript-eslint/no-unused-expressions
  5:13665  warning  Expected an assignment or function call and instead saw an expression  @typescript-eslint/no-unused-expressions
  5:14053  warning  Expected an assignment or function call and instead saw an expression  @typescript-eslint/no-unused-expressions
  5:15473  warning  Expected an assignment or function call and instead saw an expression  @typescript-eslint/no-unused-expressions
  5:16177  warning  Expected an assignment or function call and instead saw an expression  @typescript-eslint/no-unused-expressions
  5:16349  warning  Expected an assignment or function call and instead saw an expression  @typescript-eslint/no-unused-expressions
  5:16849  warning  Expected an assignment or function call and instead saw an expression  @typescript-eslint/no-unused-expressions
  5:16943  warning  'e' is assigned a value but never used                                 @typescript-eslint/no-unused-vars
  5:16949  warning  Expected an assignment or function call and instead saw an expression  @typescript-eslint/no-unused-expressions
  5:19695  warning  Expected an assignment or function call and instead saw an expression  @typescript-eslint/no-unused-expressions
  5:20019  warning  Expected an assignment or function call and instead saw an expression  @typescript-eslint/no-unused-expressions
  5:20599  warning  Expected an assignment or function call and instead saw an expression  @typescript-eslint/no-unused-expressions
  5:20613  warning  Expected an assignment or function call and instead saw an expression  @typescript-eslint/no-unused-expressions
  5:20632  warning  Expected an assignment or function call and instead saw an expression  @typescript-eslint/no-unused-expressions
  5:20770  warning  Expected an assignment or function call and instead saw an expression  @typescript-eslint/no-unused-expressions
  5:20810  warning  Expected an assignment or function call and instead saw an expression  @typescript-eslint/no-unused-expressions
  5:21102  warning  Expected an assignment or function call and instead saw an expression  @typescript-eslint/no-unused-expressions
  5:21504  warning  Expected an assignment or function call and instead saw an expression  @typescript-eslint/no-unused-expressions
  5:21630  warning  Expected an assignment or function call and instead saw an expression  @typescript-eslint/no-unused-expressions
  5:21714  warning  Expected an assignment or function call and instead saw an expression  @typescript-eslint/no-unused-expressions
  5:22673  warning  Expected an assignment or function call and instead saw an expression  @typescript-eslint/no-unused-expressions
  5:22854  warning  Expected an assignment or function call and instead saw an expression  @typescript-eslint/no-unused-expressions
  5:22995  warning  Expected an assignment or function call and instead saw an expression  @typescript-eslint/no-unused-expressions
  5:23166  warning  Expected an assignment or function call and instead saw an expression  @typescript-eslint/no-unused-expressions
  5:23658  warning  Expected an assignment or function call and instead saw an expression  @typescript-eslint/no-unused-expressions
  5:23704  warning  Expected an assignment or function call and instead saw an expression  @typescript-eslint/no-unused-expressions
  5:24176  warning  Expected an assignment or function call and instead saw an expression  @typescript-eslint/no-unused-expressions
  5:24461  warning  Expected an assignment or function call and instead saw an expression  @typescript-eslint/no-unused-expressions
  5:24746  warning  Expected an assignment or function call and instead saw an expression  @typescript-eslint/no-unused-expressions
  5:25539  warning  't' is defined but never used                                          @typescript-eslint/no-unused-vars
  5:25551  warning  Expected an assignment or function call and instead saw an expression  @typescript-eslint/no-unused-expressions
  5:26304  warning  Expected an assignment or function call and instead saw an expression  @typescript-eslint/no-unused-expressions
  5:26898  warning  Expected an assignment or function call and instead saw an expression  @typescript-eslint/no-unused-expressions
  5:27256  warning  Expected an assignment or function call and instead saw an expression  @typescript-eslint/no-unused-expressions
  5:27287  warning  Expected an assignment or function call and instead saw an expression  @typescript-eslint/no-unused-expressions
  5:28020  warning  Expected an assignment or function call and instead saw an expression  @typescript-eslint/no-unused-expressions
  5:28112  warning  Expected an assignment or function call and instead saw an expression  @typescript-eslint/no-unused-expressions
  5:28165  warning  Expected an assignment or function call and instead saw an expression  @typescript-eslint/no-unused-expressions
  5:28497  warning  Expected an assignment or function call and instead saw an expression  @typescript-eslint/no-unused-expressions
  5:28741  warning  Expected an assignment or function call and instead saw an expression  @typescript-eslint/no-unused-expressions
  5:28828  warning  Expected an assignment or function call and instead saw an expression  @typescript-eslint/no-unused-expressions
  5:29220  warning  Expected an assignment or function call and instead saw an expression  @typescript-eslint/no-unused-expressions
  5:29397  warning  Expected an assignment or function call and instead saw an expression  @typescript-eslint/no-unused-expressions
  5:29692  warning  Expected an assignment or function call and instead saw an expression  @typescript-eslint/no-unused-expressions
  5:29924  warning  Expected an assignment or function call and instead saw an expression  @typescript-eslint/no-unused-expressions
  5:30023  warning  Expected an assignment or function call and instead saw an expression  @typescript-eslint/no-unused-expressions
  5:30265  warning  Expected an assignment or function call and instead saw an expression  @typescript-eslint/no-unused-expressions
  5:30813  warning  Expected an assignment or function call and instead saw an expression  @typescript-eslint/no-unused-expressions
  5:30979  warning  Expected an assignment or function call and instead saw an expression  @typescript-eslint/no-unused-expressions
  5:31223  warning  Expected an assignment or function call and instead saw an expression  @typescript-eslint/no-unused-expressions
  5:32245  warning  Expected an assignment or function call and instead saw an expression  @typescript-eslint/no-unused-expressions
  5:32540  warning  Expected an assignment or function call and instead saw an expression  @typescript-eslint/no-unused-expressions
  5:33407  warning  Expected an assignment or function call and instead saw an expression  @typescript-eslint/no-unused-expressions
  5:33861  warning  Expected an assignment or function call and instead saw an expression  @typescript-eslint/no-unused-expressions
  5:34040  warning  Expected an assignment or function call and instead saw an expression  @typescript-eslint/no-unused-expressions
  5:34422  warning  Expected an assignment or function call and instead saw an expression  @typescript-eslint/no-unused-expressions
  5:34581  warning  Expected an assignment or function call and instead saw an expression  @typescript-eslint/no-unused-expressions
  5:34999  warning  Expected an assignment or function call and instead saw an expression  @typescript-eslint/no-unused-expressions
  5:35370  warning  Expected an assignment or function call and instead saw an expression  @typescript-eslint/no-unused-expressions
  5:35537  warning  Expected an assignment or function call and instead saw an expression  @typescript-eslint/no-unused-expressions
  5:35683  warning  't' is defined but never used                                          @typescript-eslint/no-unused-vars
  5:35689  warning  Expected an assignment or function call and instead saw an expression  @typescript-eslint/no-unused-expressions
  5:35980  warning  Expected an assignment or function call and instead saw an expression  @typescript-eslint/no-unused-expressions
  5:36143  warning  Expected an assignment or function call and instead saw an expression  @typescript-eslint/no-unused-expressions
  5:36314  warning  Expected an assignment or function call and instead saw an expression  @typescript-eslint/no-unused-expressions
  5:43443  warning  Expected an assignment or function call and instead saw an expression  @typescript-eslint/no-unused-expressions
  5:43949  warning  Expected an assignment or function call and instead saw an expression  @typescript-eslint/no-unused-expressions
  5:44163  warning  Expected an assignment or function call and instead saw an expression  @typescript-eslint/no-unused-expressions
  5:44925  warning  Expected an assignment or function call and instead saw an expression  @typescript-eslint/no-unused-expressions
  5:45235  warning  'e' is defined but never used                                          @typescript-eslint/no-unused-vars
  5:45278  warning  Expected an assignment or function call and instead saw an expression  @typescript-eslint/no-unused-expressions
  5:46464  warning  'e' is assigned a value but never used                                 @typescript-eslint/no-unused-vars
  5:46479  warning  Expected an assignment or function call and instead saw an expression  @typescript-eslint/no-unused-expressions
  5:46753  warning  Expected an assignment or function call and instead saw an expression  @typescript-eslint/no-unused-expressions
  5:47245  warning  Expected an assignment or function call and instead saw an expression  @typescript-eslint/no-unused-expressions
  5:47350  warning  Expected an assignment or function call and instead saw an expression  @typescript-eslint/no-unused-expressions
  5:47956  warning  'e' is defined but never used                                          @typescript-eslint/no-unused-vars
  5:48022  warning  'e' is defined but never used                                          @typescript-eslint/no-unused-vars
  5:48171  warning  'r' is defined but never used                                          @typescript-eslint/no-unused-vars
  5:48208  warning  'r' is defined but never used                                          @typescript-eslint/no-unused-vars
  5:48269  warning  Expected an assignment or function call and instead saw an expression  @typescript-eslint/no-unused-expressions
  5:48403  warning  Expected an assignment or function call and instead saw an expression  @typescript-eslint/no-unused-expressions
  5:48417  warning  Expected an assignment or function call and instead saw an expression  @typescript-eslint/no-unused-expressions
  5:48433  warning  Expected an assignment or function call and instead saw an expression  @typescript-eslint/no-unused-expressions
  5:48582  warning  't' is defined but never used                                          @typescript-eslint/no-unused-vars
  5:48617  warning  't' is defined but never used                                          @typescript-eslint/no-unused-vars
  5:48665  warning  Expected an assignment or function call and instead saw an expression  @typescript-eslint/no-unused-expressions
  5:48703  warning  Expected an assignment or function call and instead saw an expression  @typescript-eslint/no-unused-expressions
  5:48835  warning  Expected an assignment or function call and instead saw an expression  @typescript-eslint/no-unused-expressions
  5:49170  warning  'e' is defined but never used                                          @typescript-eslint/no-unused-vars
  5:49202  warning  'e' is defined but never used                                          @typescript-eslint/no-unused-vars
  5:49299  warning  'e' is defined but never used                                          @typescript-eslint/no-unused-vars
  5:49474  warning  Expected an assignment or function call and instead saw an expression  @typescript-eslint/no-unused-expressions
  5:49507  warning  Expected an assignment or function call and instead saw an expression  @typescript-eslint/no-unused-expressions
  5:49539  warning  Expected an assignment or function call and instead saw an expression  @typescript-eslint/no-unused-expressions
  5:49595  warning  Expected an assignment or function call and instead saw an expression  @typescript-eslint/no-unused-expressions
  5:52101  warning  Expected an assignment or function call and instead saw an expression  @typescript-eslint/no-unused-expressions
  5:52371  warning  Expected an assignment or function call and instead saw an expression  @typescript-eslint/no-unused-expressions
  5:53239  warning  'e' is defined but never used                                          @typescript-eslint/no-unused-vars
  5:53581  warning  'e' is defined but never used                                          @typescript-eslint/no-unused-vars
  5:53883  warning  Expected an assignment or function call and instead saw an expression  @typescript-eslint/no-unused-expressions
  5:54726  warning  Expected an assignment or function call and instead saw an expression  @typescript-eslint/no-unused-expressions
  5:54805  warning  'e' is defined but never used                                          @typescript-eslint/no-unused-vars
  5:55094  warning  Expected an assignment or function call and instead saw an expression  @typescript-eslint/no-unused-expressions
  5:55265  warning  'e' is defined but never used                                          @typescript-eslint/no-unused-vars
  5:55284  warning  Expected an assignment or function call and instead saw an expression  @typescript-eslint/no-unused-expressions
  5:55528  warning  Expected an assignment or function call and instead saw an expression  @typescript-eslint/no-unused-expressions
  5:55717  warning  Expected an assignment or function call and instead saw an expression  @typescript-eslint/no-unused-expressions
  5:55973  warning  Expected an assignment or function call and instead saw an expression  @typescript-eslint/no-unused-expressions
  5:56337  warning  Expected an assignment or function call and instead saw an expression  @typescript-eslint/no-unused-expressions
  5:56554  warning  Expected an assignment or function call and instead saw an expression  @typescript-eslint/no-unused-expressions
  5:56882  warning  Expected an assignment or function call and instead saw an expression  @typescript-eslint/no-unused-expressions
  5:57034  warning  Expected an assignment or function call and instead saw an expression  @typescript-eslint/no-unused-expressions
  5:57336  warning  Expected an assignment or function call and instead saw an expression  @typescript-eslint/no-unused-expressions
  5:57580  warning  Expected an assignment or function call and instead saw an expression  @typescript-eslint/no-unused-expressions
  5:57954  warning  Expected an assignment or function call and instead saw an expression  @typescript-eslint/no-unused-expressions
  5:58198  warning  Expected an assignment or function call and instead saw an expression  @typescript-eslint/no-unused-expressions
  5:58584  warning  Expected an assignment or function call and instead saw an expression  @typescript-eslint/no-unused-expressions
  5:58881  warning  Expected an assignment or function call and instead saw an expression  @typescript-eslint/no-unused-expressions
  5:59152  warning  Expected an assignment or function call and instead saw an expression  @typescript-eslint/no-unused-expressions
  5:59358  warning  Expected an assignment or function call and instead saw an expression  @typescript-eslint/no-unused-expressions
  5:60205  warning  Expected an assignment or function call and instead saw an expression  @typescript-eslint/no-unused-expressions
  5:61008  warning  Expected an assignment or function call and instead saw an expression  @typescript-eslint/no-unused-expressions
  5:61925  warning  Expected an assignment or function call and instead saw an expression  @typescript-eslint/no-unused-expressions
  5:62007  warning  Expected an assignment or function call and instead saw an expression  @typescript-eslint/no-unused-expressions
  5:62150  warning  Expected an assignment or function call and instead saw an expression  @typescript-eslint/no-unused-expressions
  5:62241  warning  Expected an assignment or function call and instead saw an expression  @typescript-eslint/no-unused-expressions
  5:62418  warning  Expected an assignment or function call and instead saw an expression  @typescript-eslint/no-unused-expressions
  5:62802  warning  Expected an assignment or function call and instead saw an expression  @typescript-eslint/no-unused-expressions
  5:62825  warning  Expected an assignment or function call and instead saw an expression  @typescript-eslint/no-unused-expressions
  5:62897  warning  Expected an assignment or function call and instead saw an expression  @typescript-eslint/no-unused-expressions
  5:63012  warning  Expected an assignment or function call and instead saw an expression  @typescript-eslint/no-unused-expressions
  5:63233  warning  Expected an assignment or function call and instead saw an expression  @typescript-eslint/no-unused-expressions

/Users/pranshudhiman/Desktop/vk and company/artifacts/motion-stage-9/before-site/out/_next/static/chunks/main-app-98ddb42647e2f741.js
  1:79   warning  Expected an assignment or function call and instead saw an expression  @typescript-eslint/no-unused-expressions
  1:460  warning  Expected an assignment or function call and instead saw an expression  @typescript-eslint/no-unused-expressions

/Users/pranshudhiman/Desktop/vk and company/artifacts/motion-stage-9/before-site/out/_next/static/chunks/next/dist/client/components/builtin/app-error-47851579e47dcbd3.js
  1:105  warning  Expected an assignment or function call and instead saw an expression  @typescript-eslint/no-unused-expressions

/Users/pranshudhiman/Desktop/vk and company/artifacts/motion-stage-9/before-site/out/_next/static/chunks/next/dist/client/components/builtin/forbidden-47851579e47dcbd3.js
  1:105  warning  Expected an assignment or function call and instead saw an expression  @typescript-eslint/no-unused-expressions

/Users/pranshudhiman/Desktop/vk and company/artifacts/motion-stage-9/before-site/out/_next/static/chunks/next/dist/client/components/builtin/global-error-fffbbb4757562900.js
  1:127  warning  Expected an assignment or function call and instead saw an expression  @typescript-eslint/no-unused-expressions

/Users/pranshudhiman/Desktop/vk and company/artifacts/motion-stage-9/before-site/out/_next/static/chunks/next/dist/client/components/builtin/unauthorized-47851579e47dcbd3.js
  1:105  warning  Expected an assignment or function call and instead saw an expression  @typescript-eslint/no-unused-expressions

/Users/pranshudhiman/Desktop/vk and company/artifacts/motion-stage-9/before-site/out/_next/static/chunks/polyfills-42372ed130431b0a.js
  1:1       warning  Expected an assignment or function call and instead saw an expression  @typescript-eslint/no-unused-expressions
  1:532     warning  't' is defined but never used                                          @typescript-eslint/no-unused-vars
  1:1923    warning  Expected an assignment or function call and instead saw an expression  @typescript-eslint/no-unused-expressions
  1:2443    warning  't' is defined but never used                                          @typescript-eslint/no-unused-vars
  1:2708    warning  'r' is defined but never used                                          @typescript-eslint/no-unused-vars
  1:4295    warning  't' is defined but never used                                          @typescript-eslint/no-unused-vars
  1:4803    warning  Expected an assignment or function call and instead saw an expression  @typescript-eslint/no-unused-expressions
  1:4998    warning  't' is defined but never used                                          @typescript-eslint/no-unused-vars
  1:5395    warning  Expected an assignment or function call and instead saw an expression  @typescript-eslint/no-unused-expressions
  1:5721    warning  Expected an assignment or function call and instead saw an expression  @typescript-eslint/no-unused-expressions
  1:5937    warning  Expected an assignment or function call and instead saw an expression  @typescript-eslint/no-unused-expressions
  1:6593    warning  Expected an assignment or function call and instead saw an expression  @typescript-eslint/no-unused-expressions
  1:6877    warning  Expected an assignment or function call and instead saw an expression  @typescript-eslint/no-unused-expressions
  1:6989    warning  't' is defined but never used                                          @typescript-eslint/no-unused-vars
  1:7188    warning  Expected an assignment or function call and instead saw an expression  @typescript-eslint/no-unused-expressions
  1:7272    warning  Expected an assignment or function call and instead saw an expression  @typescript-eslint/no-unused-expressions
  1:7298    warning  Expected an assignment or function call and instead saw an expression  @typescript-eslint/no-unused-expressions
  1:7338    warning  't' is defined but never used                                          @typescript-eslint/no-unused-vars
  1:7342    warning  Expected an assignment or function call and instead saw an expression  @typescript-eslint/no-unused-expressions
  1:8113    warning  Expected an assignment or function call and instead saw an expression  @typescript-eslint/no-unused-expressions
  1:8158    warning  Expected an assignment or function call and instead saw an expression  @typescript-eslint/no-unused-expressions
  1:8635    warning  Expected an assignment or function call and instead saw an expression  @typescript-eslint/no-unused-expressions
  1:9168    warning  Expected an assignment or function call and instead saw an expression  @typescript-eslint/no-unused-expressions
  1:9563    warning  Expected an assignment or function call and instead saw an expression  @typescript-eslint/no-unused-expressions
  1:9691    warning  't' is defined but never used                                          @typescript-eslint/no-unused-vars
  1:10194   warning  Expected an assignment or function call and instead saw an expression  @typescript-eslint/no-unused-expressions
  1:10287   warning  Expected an assignment or function call and instead saw an expression  @typescript-eslint/no-unused-expressions
  1:10802   warning  Expected an assignment or function call and instead saw an expression  @typescript-eslint/no-unused-expressions
  1:10847   warning  Expected an assignment or function call and instead saw an expression  @typescript-eslint/no-unused-expressions
  1:11656   warning  't' is defined but never used                                          @typescript-eslint/no-unused-vars
  1:11902   warning  't' is defined but never used                                          @typescript-eslint/no-unused-vars
  1:12081   warning  't' is defined but never used                                          @typescript-eslint/no-unused-vars
  1:12957   warning  Expected an assignment or function call and instead saw an expression  @typescript-eslint/no-unused-expressions
  1:13182   warning  Expected an assignment or function call and instead saw an expression  @typescript-eslint/no-unused-expressions
  1:13552   warning  Expected an assignment or function call and instead saw an expression  @typescript-eslint/no-unused-expressions
  1:13667   warning  Expected an assignment or function call and instead saw an expression  @typescript-eslint/no-unused-expressions
  1:14857   warning  Expected an assignment or function call and instead saw an expression  @typescript-eslint/no-unused-expressions
  1:15006   warning  Expected an assignment or function call and instead saw an expression  @typescript-eslint/no-unused-expressions
  1:15167   warning  Expected an assignment or function call and instead saw an expression  @typescript-eslint/no-unused-expressions
  1:15485   warning  't' is defined but never used                                          @typescript-eslint/no-unused-vars
  1:15705   warning  Expected an assignment or function call and instead saw an expression  @typescript-eslint/no-unused-expressions
  1:15781   warning  't' is defined but never used                                          @typescript-eslint/no-unused-vars
  1:16640   warning  Expected an assignment or function call and instead saw an expression  @typescript-eslint/no-unused-expressions
  1:17180   warning  Expected an assignment or function call and instead saw an expression  @typescript-eslint/no-unused-expressions
  1:17442   warning  Expected an assignment or function call and instead saw an expression  @typescript-eslint/no-unused-expressions
  1:17790   warning  Expected an assignment or function call and instead saw an expression  @typescript-eslint/no-unused-expressions
  1:17921   warning  Expected an assignment or function call and instead saw an expression  @typescript-eslint/no-unused-expressions
  1:18015   warning  Expected an assignment or function call and instead saw an expression  @typescript-eslint/no-unused-expressions
  1:18185   warning  Expected an assignment or function call and instead saw an expression  @typescript-eslint/no-unused-expressions
  1:18257   warning  't' is defined but never used                                          @typescript-eslint/no-unused-vars
  1:18312   warning  't' is defined but never used                                          @typescript-eslint/no-unused-vars
  1:18346   warning  Expected an assignment or function call and instead saw an expression  @typescript-eslint/no-unused-expressions
  1:18418   warning  't' is defined but never used                                          @typescript-eslint/no-unused-vars
  1:18585   warning  Expected an assignment or function call and instead saw an expression  @typescript-eslint/no-unused-expressions
  1:19227   warning  't' is defined but never used                                          @typescript-eslint/no-unused-vars
  1:19231   warning  Expected an assignment or function call and instead saw an expression  @typescript-eslint/no-unused-expressions
  1:19646   warning  Expected an assignment or function call and instead saw an expression  @typescript-eslint/no-unused-expressions
  1:20042   warning  Expected an assignment or function call and instead saw an expression  @typescript-eslint/no-unused-expressions
  1:20131   warning  't' is defined but never used                                          @typescript-eslint/no-unused-vars
  1:20355   warning  't' is defined but never used                                          @typescript-eslint/no-unused-vars
  1:20464   warning  Expected an assignment or function call and instead saw an expression  @typescript-eslint/no-unused-expressions
  1:20871   warning  Expected an assignment or function call and instead saw an expression  @typescript-eslint/no-unused-expressions
  1:20929   warning  Expected an assignment or function call and instead saw an expression  @typescript-eslint/no-unused-expressions
  1:21479   warning  Expected an assignment or function call and instead saw an expression  @typescript-eslint/no-unused-expressions
  1:22850   warning  Expected an assignment or function call and instead saw an expression  @typescript-eslint/no-unused-expressions
  1:23069   warning  Expected an assignment or function call and instead saw an expression  @typescript-eslint/no-unused-expressions
  1:23478   warning  Expected an assignment or function call and instead saw an expression  @typescript-eslint/no-unused-expressions
  1:23647   warning  Expected an assignment or function call and instead saw an expression  @typescript-eslint/no-unused-expressions
  1:24191   warning  Expected an assignment or function call and instead saw an expression  @typescript-eslint/no-unused-expressions
  1:24259   warning  Expected an assignment or function call and instead saw an expression  @typescript-eslint/no-unused-expressions
  1:24343   error    Unexpected aliasing of 'this' to local variable                        @typescript-eslint/no-this-alias
  1:24398   warning  Expected an assignment or function call and instead saw an expression  @typescript-eslint/no-unused-expressions
  1:25034   warning  Expected an assignment or function call and instead saw an expression  @typescript-eslint/no-unused-expressions
  1:25763   warning  Expected an assignment or function call and instead saw an expression  @typescript-eslint/no-unused-expressions
  1:25829   warning  Expected an assignment or function call and instead saw an expression  @typescript-eslint/no-unused-expressions
  1:26576   warning  'e' is defined but never used                                          @typescript-eslint/no-unused-vars
  1:26664   warning  'e' is defined but never used                                          @typescript-eslint/no-unused-vars
  1:26958   warning  Expected an assignment or function call and instead saw an expression  @typescript-eslint/no-unused-expressions
  1:27165   warning  Expected an assignment or function call and instead saw an expression  @typescript-eslint/no-unused-expressions
  1:27449   warning  Expected an assignment or function call and instead saw an expression  @typescript-eslint/no-unused-expressions
  1:28217   warning  Expected an assignment or function call and instead saw an expression  @typescript-eslint/no-unused-expressions
  1:28379   warning  Expected an assignment or function call and instead saw an expression  @typescript-eslint/no-unused-expressions
  1:28975   warning  Expected an assignment or function call and instead saw an expression  @typescript-eslint/no-unused-expressions
  1:29774   warning  't' is defined but never used                                          @typescript-eslint/no-unused-vars
  1:29913   warning  Expected an assignment or function call and instead saw an expression  @typescript-eslint/no-unused-expressions
  1:30065   warning  Expected an assignment or function call and instead saw an expression  @typescript-eslint/no-unused-expressions
  1:30913   warning  Expected an assignment or function call and instead saw an expression  @typescript-eslint/no-unused-expressions
  1:31892   warning  Expected an assignment or function call and instead saw an expression  @typescript-eslint/no-unused-expressions
  1:31924   warning  Expected an assignment or function call and instead saw an expression  @typescript-eslint/no-unused-expressions
  1:32078   error    Unexpected aliasing of 'this' to local variable                        @typescript-eslint/no-this-alias
  1:32133   warning  Expected an assignment or function call and instead saw an expression  @typescript-eslint/no-unused-expressions
  1:32482   warning  Expected an assignment or function call and instead saw an expression  @typescript-eslint/no-unused-expressions
  1:32833   warning  Expected an assignment or function call and instead saw an expression  @typescript-eslint/no-unused-expressions
  1:32957   warning  Expected an assignment or function call and instead saw an expression  @typescript-eslint/no-unused-expressions
  1:34054   warning  Expected an assignment or function call and instead saw an expression  @typescript-eslint/no-unused-expressions
  1:34168   warning  Expected an assignment or function call and instead saw an expression  @typescript-eslint/no-unused-expressions
  1:34365   warning  Expected an assignment or function call and instead saw an expression  @typescript-eslint/no-unused-expressions
  1:34648   warning  Expected an assignment or function call and instead saw an expression  @typescript-eslint/no-unused-expressions
  1:35769   warning  Expected an assignment or function call and instead saw an expression  @typescript-eslint/no-unused-expressions
  1:36361   warning  't' is defined but never used                                          @typescript-eslint/no-unused-vars
  1:36584   warning  Expected an assignment or function call and instead saw an expression  @typescript-eslint/no-unused-expressions
  1:37311   warning  't' is defined but never used                                          @typescript-eslint/no-unused-vars
  1:37448   warning  Expected an assignment or function call and instead saw an expression  @typescript-eslint/no-unused-expressions
  1:37722   warning  Expected an assignment or function call and instead saw an expression  @typescript-eslint/no-unused-expressions
  1:37887   warning  Expected an assignment or function call and instead saw an expression  @typescript-eslint/no-unused-expressions
  1:37927   warning  't' is defined but never used                                          @typescript-eslint/no-unused-vars
  1:38381   warning  Expected an assignment or function call and instead saw an expression  @typescript-eslint/no-unused-expressions
  1:38591   warning  Expected an assignment or function call and instead saw an expression  @typescript-eslint/no-unused-expressions
  1:39522   warning  Expected an assignment or function call and instead saw an expression  @typescript-eslint/no-unused-expressions
  1:40081   warning  Expected an assignment or function call and instead saw an expression  @typescript-eslint/no-unused-expressions
  1:40189   warning  Expected an assignment or function call and instead saw an expression  @typescript-eslint/no-unused-expressions
  1:41801   warning  Expected an assignment or function call and instead saw an expression  @typescript-eslint/no-unused-expressions
  1:43725   warning  Expected an assignment or function call and instead saw an expression  @typescript-eslint/no-unused-expressions
  1:45027   warning  Expected an assignment or function call and instead saw an expression  @typescript-eslint/no-unused-expressions
  1:45147   warning  Expected an assignment or function call and instead saw an expression  @typescript-eslint/no-unused-expressions
  1:45192   warning  Expected an assignment or function call and instead saw an expression  @typescript-eslint/no-unused-expressions
  1:45370   warning  Expected an assignment or function call and instead saw an expression  @typescript-eslint/no-unused-expressions
  1:45570   warning  't' is defined but never used                                          @typescript-eslint/no-unused-vars
  1:45632   warning  Expected an assignment or function call and instead saw an expression  @typescript-eslint/no-unused-expressions
  1:45775   warning  Expected an assignment or function call and instead saw an expression  @typescript-eslint/no-unused-expressions
  1:45991   warning  Expected an assignment or function call and instead saw an expression  @typescript-eslint/no-unused-expressions
  1:46479   warning  Expected an assignment or function call and instead saw an expression  @typescript-eslint/no-unused-expressions
  1:46535   error    Unexpected aliasing of 'this' to local variable                        @typescript-eslint/no-this-alias
  1:47202   warning  Expected an assignment or function call and instead saw an expression  @typescript-eslint/no-unused-expressions
  1:47427   warning  Expected an assignment or function call and instead saw an expression  @typescript-eslint/no-unused-expressions
  1:47474   warning  'e' is defined but never used                                          @typescript-eslint/no-unused-vars
  1:47871   warning  Expected an assignment or function call and instead saw an expression  @typescript-eslint/no-unused-expressions
  1:48858   warning  Expected an assignment or function call and instead saw an expression  @typescript-eslint/no-unused-expressions
  1:48900   warning  Expected an assignment or function call and instead saw an expression  @typescript-eslint/no-unused-expressions
  1:49484   warning  Expected an assignment or function call and instead saw an expression  @typescript-eslint/no-unused-expressions
  1:50380   warning  Expected an assignment or function call and instead saw an expression  @typescript-eslint/no-unused-expressions
  1:50664   warning  Expected an assignment or function call and instead saw an expression  @typescript-eslint/no-unused-expressions
  1:50694   warning  Expected an assignment or function call and instead saw an expression  @typescript-eslint/no-unused-expressions
  1:50773   warning  Expected an assignment or function call and instead saw an expression  @typescript-eslint/no-unused-expressions
  1:51027   warning  Expected an assignment or function call and instead saw an expression  @typescript-eslint/no-unused-expressions
  1:51091   warning  Expected an assignment or function call and instead saw an expression  @typescript-eslint/no-unused-expressions
  1:51375   warning  Expected an assignment or function call and instead saw an expression  @typescript-eslint/no-unused-expressions
  1:53004   warning  Expected an assignment or function call and instead saw an expression  @typescript-eslint/no-unused-expressions
  1:53656   warning  Expected an assignment or function call and instead saw an expression  @typescript-eslint/no-unused-expressions
  1:53715   warning  Expected an assignment or function call and instead saw an expression  @typescript-eslint/no-unused-expressions
  1:53997   warning  Expected an assignment or function call and instead saw an expression  @typescript-eslint/no-unused-expressions
  1:54704   warning  Expected an assignment or function call and instead saw an expression  @typescript-eslint/no-unused-expressions
  1:55161   warning  Expected an assignment or function call and instead saw an expression  @typescript-eslint/no-unused-expressions
  1:55217   warning  Expected an assignment or function call and instead saw an expression  @typescript-eslint/no-unused-expressions
  1:55443   warning  't' is defined but never used                                          @typescript-eslint/no-unused-vars
  1:55462   warning  't' is defined but never used                                          @typescript-eslint/no-unused-vars
  1:55685   warning  Expected an assignment or function call and instead saw an expression  @typescript-eslint/no-unused-expressions
  1:55721   warning  Expected an assignment or function call and instead saw an expression  @typescript-eslint/no-unused-expressions
  1:56800   warning  Expected an assignment or function call and instead saw an expression  @typescript-eslint/no-unused-expressions
  1:57035   warning  Expected an assignment or function call and instead saw an expression  @typescript-eslint/no-unused-expressions
  1:57406   warning  Expected an assignment or function call and instead saw an expression  @typescript-eslint/no-unused-expressions
  1:57530   warning  Expected an assignment or function call and instead saw an expression  @typescript-eslint/no-unused-expressions
  1:58129   warning  Expected an assignment or function call and instead saw an expression  @typescript-eslint/no-unused-expressions
  1:58289   warning  Expected an assignment or function call and instead saw an expression  @typescript-eslint/no-unused-expressions
  1:59307   warning  Expected an assignment or function call and instead saw an expression  @typescript-eslint/no-unused-expressions
  1:59457   warning  Expected an assignment or function call and instead saw an expression  @typescript-eslint/no-unused-expressions
  1:60316   warning  't' is defined but never used                                          @typescript-eslint/no-unused-vars
  1:60461   warning  Expected an assignment or function call and instead saw an expression  @typescript-eslint/no-unused-expressions
  1:60487   warning  Expected an assignment or function call and instead saw an expression  @typescript-eslint/no-unused-expressions
  1:60599   warning  Expected an assignment or function call and instead saw an expression  @typescript-eslint/no-unused-expressions
  1:60717   warning  Expected an assignment or function call and instead saw an expression  @typescript-eslint/no-unused-expressions
  1:60743   warning  't' is defined but never used                                          @typescript-eslint/no-unused-vars
  1:61111   warning  Expected an assignment or function call and instead saw an expression  @typescript-eslint/no-unused-expressions
  1:61387   warning  Expected an assignment or function call and instead saw an expression  @typescript-eslint/no-unused-expressions
  1:61674   warning  Expected an assignment or function call and instead saw an expression  @typescript-eslint/no-unused-expressions
  1:62055   warning  Expected an assignment or function call and instead saw an expression  @typescript-eslint/no-unused-expressions
  1:62161   warning  Expected an assignment or function call and instead saw an expression  @typescript-eslint/no-unused-expressions
  1:62203   warning  Expected an assignment or function call and instead saw an expression  @typescript-eslint/no-unused-expressions
  1:62398   warning  Expected an assignment or function call and instead saw an expression  @typescript-eslint/no-unused-expressions
  1:64364   warning  Expected an assignment or function call and instead saw an expression  @typescript-eslint/no-unused-expressions
  1:64819   warning  Expected an assignment or function call and instead saw an expression  @typescript-eslint/no-unused-expressions
  1:64892   warning  't' is defined but never used                                          @typescript-eslint/no-unused-vars
  1:64894   warning  'e' is defined but never used                                          @typescript-eslint/no-unused-vars
  1:64896   warning  'r' is defined but never used                                          @typescript-eslint/no-unused-vars
  1:65022   warning  Expected an assignment or function call and instead saw an expression  @typescript-eslint/no-unused-expressions
  1:65421   warning  Expected an assignment or function call and instead saw an expression  @typescript-eslint/no-unused-expressions
  1:65636   warning  Expected an assignment or function call and instead saw an expression  @typescript-eslint/no-unused-expressions
  1:65844   warning  Expected an assignment or function call and instead saw an expression  @typescript-eslint/no-unused-expressions
  1:66158   warning  Expected an assignment or function call and instead saw an expression  @typescript-eslint/no-unused-expressions
  1:66285   warning  Expected an assignment or function call and instead saw an expression  @typescript-eslint/no-unused-expressions
  1:66488   warning  Expected an assignment or function call and instead saw an expression  @typescript-eslint/no-unused-expressions
  1:66757   warning  't' is defined but never used                                          @typescript-eslint/no-unused-vars
  1:67006   warning  Expected an assignment or function call and instead saw an expression  @typescript-eslint/no-unused-expressions
  1:67030   warning  't' is defined but never used                                          @typescript-eslint/no-unused-vars
  1:67157   warning  't' is defined but never used                                          @typescript-eslint/no-unused-vars
  1:67171   warning  Expected an assignment or function call and instead saw an expression  @typescript-eslint/no-unused-expressions
  1:67534   warning  Expected an assignment or function call and instead saw an expression  @typescript-eslint/no-unused-expressions
  1:67812   warning  'r' is defined but never used                                          @typescript-eslint/no-unused-vars
  1:67853   warning  't' is defined but never used                                          @typescript-eslint/no-unused-vars
  1:68006   warning  Expected an assignment or function call and instead saw an expression  @typescript-eslint/no-unused-expressions
  1:68413   warning  't' is defined but never used                                          @typescript-eslint/no-unused-vars
  1:68643   warning  Expected an assignment or function call and instead saw an expression  @typescript-eslint/no-unused-expressions
  1:68926   warning  Expected an assignment or function call and instead saw an expression  @typescript-eslint/no-unused-expressions
  1:69086   warning  Expected an assignment or function call and instead saw an expression  @typescript-eslint/no-unused-expressions
  1:69260   warning  Expected an assignment or function call and instead saw an expression  @typescript-eslint/no-unused-expressions
  1:69429   warning  Expected an assignment or function call and instead saw an expression  @typescript-eslint/no-unused-expressions
  1:69672   warning  Expected an assignment or function call and instead saw an expression  @typescript-eslint/no-unused-expressions
  1:70078   warning  Expected an assignment or function call and instead saw an expression  @typescript-eslint/no-unused-expressions
  1:70346   warning  Expected an assignment or function call and instead saw an expression  @typescript-eslint/no-unused-expressions
  1:70831   warning  Expected an assignment or function call and instead saw an expression  @typescript-eslint/no-unused-expressions
  1:71466   warning  Expected an assignment or function call and instead saw an expression  @typescript-eslint/no-unused-expressions
  1:72605   warning  Expected an assignment or function call and instead saw an expression  @typescript-eslint/no-unused-expressions
  1:72650   warning  Expected an assignment or function call and instead saw an expression  @typescript-eslint/no-unused-expressions
  1:72722   warning  Expected an assignment or function call and instead saw an expression  @typescript-eslint/no-unused-expressions
  1:72852   warning  Expected an assignment or function call and instead saw an expression  @typescript-eslint/no-unused-expressions
  1:72914   warning  Expected an assignment or function call and instead saw an expression  @typescript-eslint/no-unused-expressions
  1:72939   warning  Expected an assignment or function call and instead saw an expression  @typescript-eslint/no-unused-expressions
  1:73433   warning  Expected an assignment or function call and instead saw an expression  @typescript-eslint/no-unused-expressions
  1:73611   warning  Expected an assignment or function call and instead saw an expression  @typescript-eslint/no-unused-expressions
  1:73934   warning  Expected an assignment or function call and instead saw an expression  @typescript-eslint/no-unused-expressions
  1:74056   warning  Expected an assignment or function call and instead saw an expression  @typescript-eslint/no-unused-expressions
  1:74199   warning  Expected an assignment or function call and instead saw an expression  @typescript-eslint/no-unused-expressions
  1:74276   warning  Expected an assignment or function call and instead saw an expression  @typescript-eslint/no-unused-expressions
  1:74352   warning  Expected an assignment or function call and instead saw an expression  @typescript-eslint/no-unused-expressions
  1:74474   warning  Expected an assignment or function call and instead saw an expression  @typescript-eslint/no-unused-expressions
  1:74569   warning  Expected an assignment or function call and instead saw an expression  @typescript-eslint/no-unused-expressions
  1:74897   warning  Expected an assignment or function call and instead saw an expression  @typescript-eslint/no-unused-expressions
  1:75185   warning  Expected an assignment or function call and instead saw an expression  @typescript-eslint/no-unused-expressions
  1:75556   warning  Expected an assignment or function call and instead saw an expression  @typescript-eslint/no-unused-expressions
  1:75607   warning  Expected an assignment or function call and instead saw an expression  @typescript-eslint/no-unused-expressions
  1:75702   warning  Expected an assignment or function call and instead saw an expression  @typescript-eslint/no-unused-expressions
  1:76872   warning  Expected an assignment or function call and instead saw an expression  @typescript-eslint/no-unused-expressions
  1:77142   warning  Expected an assignment or function call and instead saw an expression  @typescript-eslint/no-unused-expressions
  1:77315   warning  Expected an assignment or function call and instead saw an expression  @typescript-eslint/no-unused-expressions
  1:77424   warning  Expected an assignment or function call and instead saw an expression  @typescript-eslint/no-unused-expressions
  1:77482   warning  Expected an assignment or function call and instead saw an expression  @typescript-eslint/no-unused-expressions
  1:77651   warning  Expected an assignment or function call and instead saw an expression  @typescript-eslint/no-unused-expressions
  1:77962   warning  Expected an assignment or function call and instead saw an expression  @typescript-eslint/no-unused-expressions
  1:78471   warning  'e' is defined but never used                                          @typescript-eslint/no-unused-vars
  1:78606   warning  Expected an assignment or function call and instead saw an expression  @typescript-eslint/no-unused-expressions
  1:79039   warning  Expected an assignment or function call and instead saw an expression  @typescript-eslint/no-unused-expressions
  1:79214   warning  Expected an assignment or function call and instead saw an expression  @typescript-eslint/no-unused-expressions
  1:79364   warning  Expected an assignment or function call and instead saw an expression  @typescript-eslint/no-unused-expressions
  1:79464   warning  Expected an assignment or function call and instead saw an expression  @typescript-eslint/no-unused-expressions
  1:79701   warning  Expected an assignment or function call and instead saw an expression  @typescript-eslint/no-unused-expressions
  1:79737   warning  Expected an assignment or function call and instead saw an expression  @typescript-eslint/no-unused-expressions
  1:79778   warning  Expected an assignment or function call and instead saw an expression  @typescript-eslint/no-unused-expressions
  1:80500   warning  Expected an assignment or function call and instead saw an expression  @typescript-eslint/no-unused-expressions
  1:80629   warning  Expected an assignment or function call and instead saw an expression  @typescript-eslint/no-unused-expressions
  1:80719   warning  Expected an assignment or function call and instead saw an expression  @typescript-eslint/no-unused-expressions
  1:81693   warning  Expected an assignment or function call and instead saw an expression  @typescript-eslint/no-unused-expressions
  1:81805   error    Unexpected aliasing of 'this' to local variable                        @typescript-eslint/no-this-alias
  1:82124   warning  Expected an assignment or function call and instead saw an expression  @typescript-eslint/no-unused-expressions
  1:82237   warning  Expected an assignment or function call and instead saw an expression  @typescript-eslint/no-unused-expressions
  1:82463   warning  Expected an assignment or function call and instead saw an expression  @typescript-eslint/no-unused-expressions
  1:82711   warning  Expected an assignment or function call and instead saw an expression  @typescript-eslint/no-unused-expressions
  1:82893   warning  Expected an assignment or function call and instead saw an expression  @typescript-eslint/no-unused-expressions
  1:82989   warning  Expected an assignment or function call and instead saw an expression  @typescript-eslint/no-unused-expressions
  1:83157   warning  Expected an assignment or function call and instead saw an expression  @typescript-eslint/no-unused-expressions
  1:83280   warning  Expected an assignment or function call and instead saw an expression  @typescript-eslint/no-unused-expressions
  1:83400   warning  Expected an assignment or function call and instead saw an expression  @typescript-eslint/no-unused-expressions
  1:83589   warning  Expected an assignment or function call and instead saw an expression  @typescript-eslint/no-unused-expressions
  1:83826   warning  Expected an assignment or function call and instead saw an expression  @typescript-eslint/no-unused-expressions
  1:83923   warning  Expected an assignment or function call and instead saw an expression  @typescript-eslint/no-unused-expressions
  1:84075   warning  Expected an assignment or function call and instead saw an expression  @typescript-eslint/no-unused-expressions
  1:84409   warning  Expected an assignment or function call and instead saw an expression  @typescript-eslint/no-unused-expressions
  1:84665   warning  Expected an assignment or function call and instead saw an expression  @typescript-eslint/no-unused-expressions
  1:84876   warning  Expected an assignment or function call and instead saw an expression  @typescript-eslint/no-unused-expressions
  1:84938   warning  Expected an assignment or function call and instead saw an expression  @typescript-eslint/no-unused-expressions
  1:85000   warning  Expected an assignment or function call and instead saw an expression  @typescript-eslint/no-unused-expressions
  1:85081   warning  Expected an assignment or function call and instead saw an expression  @typescript-eslint/no-unused-expressions
  1:85213   warning  Expected an assignment or function call and instead saw an expression  @typescript-eslint/no-unused-expressions
  1:85521   warning  Expected an assignment or function call and instead saw an expression  @typescript-eslint/no-unused-expressions
  1:85686   warning  Expected an assignment or function call and instead saw an expression  @typescript-eslint/no-unused-expressions
  1:85710   warning  Expected an assignment or function call and instead saw an expression  @typescript-eslint/no-unused-expressions
  1:86182   warning  Expected an assignment or function call and instead saw an expression  @typescript-eslint/no-unused-expressions
  1:86269   warning  Expected an assignment or function call and instead saw an expression  @typescript-eslint/no-unused-expressions
  1:86368   warning  Expected an assignment or function call and instead saw an expression  @typescript-eslint/no-unused-expressions
  1:86494   warning  Expected an assignment or function call and instead saw an expression  @typescript-eslint/no-unused-expressions
  1:86754   warning  Expected an assignment or function call and instead saw an expression  @typescript-eslint/no-unused-expressions
  1:86833   warning  Expected an assignment or function call and instead saw an expression  @typescript-eslint/no-unused-expressions
  1:87088   warning  Expected an assignment or function call and instead saw an expression  @typescript-eslint/no-unused-expressions
  1:87230   warning  Expected an assignment or function call and instead saw an expression  @typescript-eslint/no-unused-expressions
  1:87279   warning  Expected an assignment or function call and instead saw an expression  @typescript-eslint/no-unused-expressions
  1:88429   warning  Expected an assignment or function call and instead saw an expression  @typescript-eslint/no-unused-expressions
  1:88512   error    Unexpected aliasing of 'this' to local variable                        @typescript-eslint/no-this-alias
  1:89035   warning  't' is defined but never used                                          @typescript-eslint/no-unused-vars
  1:89749   warning  Expected an assignment or function call and instead saw an expression  @typescript-eslint/no-unused-expressions
  1:89879   warning  Expected an assignment or function call and instead saw an expression  @typescript-eslint/no-unused-expressions
  1:90001   warning  Expected an assignment or function call and instead saw an expression  @typescript-eslint/no-unused-expressions
  1:90214   warning  Expected an assignment or function call and instead saw an expression  @typescript-eslint/no-unused-expressions
  1:90349   warning  Expected an assignment or function call and instead saw an expression  @typescript-eslint/no-unused-expressions
  1:90606   warning  Expected an assignment or function call and instead saw an expression  @typescript-eslint/no-unused-expressions
  1:90878   warning  Expected an assignment or function call and instead saw an expression  @typescript-eslint/no-unused-expressions
  1:92059   warning  Expected an assignment or function call and instead saw an expression  @typescript-eslint/no-unused-expressions
  1:92137   warning  Expected an assignment or function call and instead saw an expression  @typescript-eslint/no-unused-expressions
  1:92492   warning  't' is defined but never used                                          @typescript-eslint/no-unused-vars
  1:92524   warning  Expected an assignment or function call and instead saw an expression  @typescript-eslint/no-unused-expressions
  1:92699   warning  't' is defined but never used                                          @typescript-eslint/no-unused-vars
  1:92998   warning  Expected an assignment or function call and instead saw an expression  @typescript-eslint/no-unused-expressions
  1:93356   warning  Expected an assignment or function call and instead saw an expression  @typescript-eslint/no-unused-expressions
  1:93484   warning  Expected an assignment or function call and instead saw an expression  @typescript-eslint/no-unused-expressions
  1:93999   warning  Expected an assignment or function call and instead saw an expression  @typescript-eslint/no-unused-expressions
  1:94127   warning  Expected an assignment or function call and instead saw an expression  @typescript-eslint/no-unused-expressions
  1:94645   warning  Expected an assignment or function call and instead saw an expression  @typescript-eslint/no-unused-expressions
  1:95086   warning  Expected an assignment or function call and instead saw an expression  @typescript-eslint/no-unused-expressions
  1:95881   warning  Expected an assignment or function call and instead saw an expression  @typescript-eslint/no-unused-expressions
  1:96030   warning  Expected an assignment or function call and instead saw an expression  @typescript-eslint/no-unused-expressions
  1:96566   warning  Expected an assignment or function call and instead saw an expression  @typescript-eslint/no-unused-expressions
  1:96668   warning  Expected an assignment or function call and instead saw an expression  @typescript-eslint/no-unused-expressions
  1:96766   warning  Expected an assignment or function call and instead saw an expression  @typescript-eslint/no-unused-expressions
  1:97263   warning  Expected an assignment or function call and instead saw an expression  @typescript-eslint/no-unused-expressions
  1:97277   warning  Expected an assignment or function call and instead saw an expression  @typescript-eslint/no-unused-expressions
  1:97589   warning  Expected an assignment or function call and instead saw an expression  @typescript-eslint/no-unused-expressions
  1:98186   warning  Expected an assignment or function call and instead saw an expression  @typescript-eslint/no-unused-expressions
  1:98285   warning  Expected an assignment or function call and instead saw an expression  @typescript-eslint/no-unused-expressions
  1:98793   warning  Expected an assignment or function call and instead saw an expression  @typescript-eslint/no-unused-expressions
  1:98978   warning  Expected an assignment or function call and instead saw an expression  @typescript-eslint/no-unused-expressions
  1:99018   warning  Expected an assignment or function call and instead saw an expression  @typescript-eslint/no-unused-expressions
  1:99102   warning  Expected an assignment or function call and instead saw an expression  @typescript-eslint/no-unused-expressions
  1:99170   warning  Expected an assignment or function call and instead saw an expression  @typescript-eslint/no-unused-expressions
  1:99337   warning  Expected an assignment or function call and instead saw an expression  @typescript-eslint/no-unused-expressions
  1:99400   warning  't' is defined but never used                                          @typescript-eslint/no-unused-vars
  1:99527   warning  Expected an assignment or function call and instead saw an expression  @typescript-eslint/no-unused-expressions
  1:99727   warning  Expected an assignment or function call and instead saw an expression  @typescript-eslint/no-unused-expressions
  1:99864   warning  Expected an assignment or function call and instead saw an expression  @typescript-eslint/no-unused-expressions
  1:99954   warning  Expected an assignment or function call and instead saw an expression  @typescript-eslint/no-unused-expressions
  1:100054  warning  Expected an assignment or function call and instead saw an expression  @typescript-eslint/no-unused-expressions
  1:100225  warning  Expected an assignment or function call and instead saw an expression  @typescript-eslint/no-unused-expressions
  1:100325  warning  't' is defined but never used                                          @typescript-eslint/no-unused-vars
  1:100690  warning  Expected an assignment or function call and instead saw an expression  @typescript-eslint/no-unused-expressions
  1:100843  warning  Expected an assignment or function call and instead saw an expression  @typescript-eslint/no-unused-expressions
  1:100889  error    Unexpected aliasing of 'this' to local variable                        @typescript-eslint/no-this-alias
  1:100994  warning  't' is defined but never used                                          @typescript-eslint/no-unused-vars
  1:100998  warning  Expected an assignment or function call and instead saw an expression  @typescript-eslint/no-unused-expressions
  1:101012  warning  Expected an assignment or function call and instead saw an expression  @typescript-eslint/no-unused-expressions
  1:101232  error    Unexpected aliasing of 'this' to local variable                        @typescript-eslint/no-this-alias
  1:101320  warning  Expected an assignment or function call and instead saw an expression  @typescript-eslint/no-unused-expressions
  1:101352  warning  Expected an assignment or function call and instead saw an expression  @typescript-eslint/no-unused-expressions
  1:101382  warning  Expected an assignment or function call and instead saw an expression  @typescript-eslint/no-unused-expressions
  1:101647  warning  Expected an assignment or function call and instead saw an expression  @typescript-eslint/no-unused-expressions
  1:101692  warning  Expected an assignment or function call and instead saw an expression  @typescript-eslint/no-unused-expressions
  1:101754  error    Unexpected aliasing of 'this' to local variable                        @typescript-eslint/no-this-alias
  1:102140  warning  Expected an assignment or function call and instead saw an expression  @typescript-eslint/no-unused-expressions
  1:102302  error    Unexpected aliasing of 'this' to local variable                        @typescript-eslint/no-this-alias
  1:102390  warning  Expected an assignment or function call and instead saw an expression  @typescript-eslint/no-unused-expressions
  1:102422  warning  Expected an assignment or function call and instead saw an expression  @typescript-eslint/no-unused-expressions
  1:102452  warning  Expected an assignment or function call and instead saw an expression  @typescript-eslint/no-unused-expressions
  1:102519  warning  Expected an assignment or function call and instead saw an expression  @typescript-eslint/no-unused-expressions
  1:102662  warning  Expected an assignment or function call and instead saw an expression  @typescript-eslint/no-unused-expressions
  1:102723  error    Unexpected aliasing of 'this' to local variable                        @typescript-eslint/no-this-alias
  1:102838  warning  Expected an assignment or function call and instead saw an expression  @typescript-eslint/no-unused-expressions
  1:102870  warning  Expected an assignment or function call and instead saw an expression  @typescript-eslint/no-unused-expressions
  1:102900  warning  Expected an assignment or function call and instead saw an expression  @typescript-eslint/no-unused-expressions
  1:102931  warning  Expected an assignment or function call and instead saw an expression  @typescript-eslint/no-unused-expressions
  1:103566  warning  Expected an assignment or function call and instead saw an expression  @typescript-eslint/no-unused-expressions
  1:103714  warning  Expected an assignment or function call and instead saw an expression  @typescript-eslint/no-unused-expressions
  1:104103  warning  't' is defined but never used                                          @typescript-eslint/no-unused-vars
  1:104872  warning  Expected an assignment or function call and instead saw an expression  @typescript-eslint/no-unused-expressions
  1:105241  warning  Expected an assignment or function call and instead saw an expression  @typescript-eslint/no-unused-expressions
  1:105576  warning  Expected an assignment or function call and instead saw an expression  @typescript-eslint/no-unused-expressions
  1:107498  warning  Expected an assignment or function call and instead saw an expression  @typescript-eslint/no-unused-expressions
  1:107532  warning  Expected an assignment or function call and instead saw an expression  @typescript-eslint/no-unused-expressions
  1:107901  warning  Expected an assignment or function call and instead saw an expression  @typescript-eslint/no-unused-expressions
  1:108458  warning  Expected an assignment or function call and instead saw an expression  @typescript-eslint/no-unused-expressions
  1:109377  warning  Expected an assignment or function call and instead saw an expression  @typescript-eslint/no-unused-expressions
  1:109611  warning  Expected an assignment or function call and instead saw an expression  @typescript-eslint/no-unused-expressions
  1:110184  warning  't' is defined but never used                                          @typescript-eslint/no-unused-vars
  1:110187  warning  Expected an assignment or function call and instead saw an expression  @typescript-eslint/no-unused-expressions
  1:110205  warning  Expected an assignment or function call and instead saw an expression  @typescript-eslint/no-unused-expressions
  1:110524  warning  Expected an assignment or function call and instead saw an expression  @typescript-eslint/no-unused-expressions
  1:110800  warning  Expected an assignment or function call and instead saw an expression  @typescript-eslint/no-unused-expressions
  1:111418  warning  Expected an assignment or function call and instead saw an expression  @typescript-eslint/no-unused-expressions
  1:111526  warning  Expected an assignment or function call and instead saw an expression  @typescript-eslint/no-unused-expressions
  1:112164  warning  't' is defined but never used                                          @typescript-eslint/no-unused-vars
  1:112205  warning  'e' is defined but never used                                          @typescript-eslint/no-unused-vars
  1:112407  warning  Expected an assignment or function call and instead saw an expression  @typescript-eslint/no-unused-expressions
  1:112475  warning  Expected an assignment or function call and instead saw an expression  @typescript-eslint/no-unused-expressions

/Users/pranshudhiman/Desktop/vk and company/artifacts/motion-stage-9/before-site/out/_next/static/chunks/webpack-24fac975fe31434f.js
  1:139   warning  Expected an assignment or function call and instead saw an expression  @typescript-eslint/no-unused-expressions
  1:172   warning  Expected an assignment or function call and instead saw an expression  @typescript-eslint/no-unused-expressions
  1:204   warning  Expected an assignment or function call and instead saw an expression  @typescript-eslint/no-unused-expressions
  1:394   warning  Expected an assignment or function call and instead saw an expression  @typescript-eslint/no-unused-expressions
  1:514   warning  Expected an assignment or function call and instead saw an expression  @typescript-eslint/no-unused-expressions
  1:1059  warning  Expected an assignment or function call and instead saw an expression  @typescript-eslint/no-unused-expressions
  1:1443  warning  'e' is defined but never used                                          @typescript-eslint/no-unused-vars
  1:1562  warning  'e' is defined but never used                                          @typescript-eslint/no-unused-vars
  1:1679  warning  'n' is defined but never used                                          @typescript-eslint/no-unused-vars
  1:1899  warning  Expected an assignment or function call and instead saw an expression  @typescript-eslint/no-unused-expressions
  1:2089  warning  Expected an assignment or function call and instead saw an expression  @typescript-eslint/no-unused-expressions
  1:2299  warning  Expected an assignment or function call and instead saw an expression  @typescript-eslint/no-unused-expressions
  1:2404  warning  Expected an assignment or function call and instead saw an expression  @typescript-eslint/no-unused-expressions
  1:3139  warning  Expected an assignment or function call and instead saw an expression  @typescript-eslint/no-unused-expressions
  1:3351  warning  Expected an assignment or function call and instead saw an expression  @typescript-eslint/no-unused-expressions
  1:3418  warning  Expected an assignment or function call and instead saw an expression  @typescript-eslint/no-unused-expressions

/Users/pranshudhiman/Desktop/vk and company/artifacts/motion-stage-9/verify-original.mjs
  18:67  warning  'text' is defined but never used  @typescript-eslint/no-unused-vars
  18:72  warning  'tag' is defined but never used   @typescript-eslint/no-unused-vars

✖ 4396 problems (25 errors, 4371 warnings)

